path_redacted,suffix,size_bytes,sha256,pickle_globals
~\workspaces\github.com\bengawith\paper\data\csv\ablation_binary_12CST_params.csv,.csv,1659785,2d0b043b9e20889814531b05b11c58c4e8838ecb185a3d46cc61a3f2f7c0aee4,
~\workspaces\github.com\bengawith\paper\data\csv\ablation_exp_tau0.2_12CST_params.csv,.csv,2107341,13b157ed43e3ef814f09449581c9abda97c4761d1abd2a0afdc6a777c79a3db9,
~\workspaces\github.com\bengawith\paper\data\csv\ablation_exp_tau0.5_12CST_params.csv,.csv,2102078,c1f4f3931c09a1fc9bba021eb0b4983ca1068b76deef9e7561fc11f0ea63b3b8,
~\workspaces\github.com\bengawith\paper\data\csv\ablation_exp_tau1.0_12CST_params.csv,.csv,2099708,53483f8632fe9f969fa5f2839605d9ef722e80e5bd314dc4635ecba11f8d99cb,
~\workspaces\github.com\bengawith\paper\data\csv\ablation_nomask_12CST_params.csv,.csv,1810313,255163cb45fe9b7e8fe32f32fec51484f296db7af897eacf003b4adcfa7fb105,
~\workspaces\github.com\bengawith\paper\data\csv\dataset_12CST_params.csv,.csv,2153656,e57e52a07f625ff9a2d3a5e6bcddc184db1b7e5985f7a45a03efac8f9c77ca27,
~\workspaces\github.com\bengawith\paper\data\robust_v2\processed\full_exact\airfoils.parquet,.parquet,556875,626b9777adfc6256ed5618fa9a8f7962e4851f896fddb16b39cf46a7b4cd7c8f,
~\workspaces\github.com\bengawith\paper\data\robust_v2\processed\full_exact\polar_points.parquet,.parquet,2855986,65d094b2eccc063ff5f64665e13d02a3e7aac6140ec11d5e567918c1be875337,
~\workspaces\github.com\bengawith\paper\DIRECTIVE\MASTER_IMPLEMENTATION_PROMPT_AIRFOIL_ROBUST_V2.txt,.txt,74485,561b22241577240ccb8c8e2af50d2de8a6efcb461ecdf4799f48a15ca42b7d86,
~\workspaces\github.com\bengawith\paper\physics_aware\sensitivity_figures\airfoil_comparison_results.csv,.csv,7027,2fb19fab356a952c1cafcd017ebfa010c599a00135601a63b440bba607bce20c,
~\workspaces\github.com\bengawith\paper\results\robust_v2\xfoil_canaries\clark_y\segments\000\polar.txt,.txt,1223,8eb1757b0b408837dea70eae44b10a161b3cd6b69082c3f7ad9f71a872ac0321,
~\workspaces\github.com\bengawith\paper\results\robust_v2\xfoil_canaries\clark_y\segments\001\polar.txt,.txt,1157,35f489fb4316045f4fcd76989fc8fc90f977e7fd48a2ede46f2039ae9922da63,
~\workspaces\github.com\bengawith\paper\results\robust_v2\xfoil_canaries\clark_y\segments\002\polar.txt,.txt,1223,c009047e5a07571265941b39a2f921b80cfd83b8c0347b9f58b283e5a4f4af31,
~\workspaces\github.com\bengawith\paper\results\robust_v2\xfoil_canaries\clark_y\segments\003\polar.txt,.txt,1223,07a901c054a8e9b7af754b088b0786e12fdd432f01de15520cc46096c060283e,
~\workspaces\github.com\bengawith\paper\results\robust_v2\xfoil_canaries\clark_y\segments\004\polar.txt,.txt,1223,925562ee2dd15c1b1d699fae3cc2739d61c2028e16ff0dc27a3d98aa9f558661,
~\workspaces\github.com\bengawith\paper\results\robust_v2\xfoil_canaries\clark_y\segments\005\polar.txt,.txt,497,cc3ca676e5533d0ad78995c55823d79dd37a2077872f42d882bc6909f41c1a1f,
~\workspaces\github.com\bengawith\paper\results\robust_v2\xfoil_canaries\eppler_e387\segments\000\polar.txt,.txt,1223,91b9ea7e0062f624489c7ff3010a0449f95c9b4ae6cb5eaf6d07ddcb27d8843d,
~\workspaces\github.com\bengawith\paper\results\robust_v2\xfoil_canaries\eppler_e387\segments\001\polar.txt,.txt,1223,41ba3bb6d579babd1e3e887d693ab574117d837df855de93a54a24f0c718e0de,
~\workspaces\github.com\bengawith\paper\results\robust_v2\xfoil_canaries\eppler_e387\segments\002\polar.txt,.txt,1223,96d321a4c900fdf62cf249a35ad0aeb2b7f694e3ff3ca264d367660b3e36c00e,
~\workspaces\github.com\bengawith\paper\results\robust_v2\xfoil_canaries\eppler_e387\segments\003\polar.txt,.txt,497,752b853d75ef68a725269ea2c32d4d15e32dcb11736b42f4e69fd66e230fed31,
~\workspaces\github.com\bengawith\paper\results\robust_v2\xfoil_canaries\eppler_e387\segments\004\polar.txt,.txt,431,e163e3d5c288ac1121070fff2177a076b8be341a11a7e7cdf3de8cb61df9867f,
~\workspaces\github.com\bengawith\paper\results\robust_v2\xfoil_canaries\eppler_e387\segments\005\polar.txt,.txt,431,e163e3d5c288ac1121070fff2177a076b8be341a11a7e7cdf3de8cb61df9867f,
~\workspaces\github.com\bengawith\paper\results\robust_v2\xfoil_canaries\naca0012\segments\000\polar.txt,.txt,1223,88150f83df46e46d9455bd7636d464a7a52f0b239f49d6a8f36c64b4f8007289,
~\workspaces\github.com\bengawith\paper\results\robust_v2\xfoil_canaries\naca0012\segments\001\polar.txt,.txt,1157,e308ab160ceecfa66274e77bcc37790f27c9cdea067dad1910c9b878517f41a6,
~\workspaces\github.com\bengawith\paper\results\robust_v2\xfoil_canaries\naca0012\segments\002\polar.txt,.txt,1223,0a5f658e79672465669c40cca55f600bb73d378e938dd83f804434f65fb37409,
~\workspaces\github.com\bengawith\paper\results\robust_v2\xfoil_canaries\naca0012\segments\003\polar.txt,.txt,1223,824928c366d7abc61b100589ad6469c66a2e1ee37409bb3502aca815df3e5cab,
~\workspaces\github.com\bengawith\paper\results\robust_v2\xfoil_canaries\naca0012\segments\004\polar.txt,.txt,1223,07e1171cb8bc7378eb0dd819dc270fec5a32746ed32019904a4bfeef2bb1184c,
~\workspaces\github.com\bengawith\paper\results\robust_v2\xfoil_canaries\naca0012\segments\005\polar.txt,.txt,497,85f2925054eab5f15b0ffd770a60d7a412c88f9b9bb19f1a5584f99bca438517,
~\workspaces\github.com\bengawith\paper\results\robust_v2\xfoil_canaries\naca2412\segments\000\polar.txt,.txt,1157,645f0f5d45a274c986a59032269e91452cdb6b7664fac0caccd32b0cdc1f1599,
~\workspaces\github.com\bengawith\paper\results\robust_v2\xfoil_canaries\naca2412\segments\001\polar.txt,.txt,563,d2298e6f67bcb964d3ae26ab31b97ef89ecdc4a11a355211870e2ac159c0f02c,
~\workspaces\github.com\bengawith\paper\results\robust_v2\xfoil_canaries\naca2412\segments\002\polar.txt,.txt,431,848fb3923b00a165085de21d4f7a4aaa396c62fb96a7a222f6f59ec8f9b0f6a2,
~\workspaces\github.com\bengawith\paper\results\robust_v2\xfoil_canaries\naca2412\segments\003\polar.txt,.txt,431,848fb3923b00a165085de21d4f7a4aaa396c62fb96a7a222f6f59ec8f9b0f6a2,
~\workspaces\github.com\bengawith\paper\results\robust_v2\xfoil_canaries\naca2412\segments\004\polar.txt,.txt,431,848fb3923b00a165085de21d4f7a4aaa396c62fb96a7a222f6f59ec8f9b0f6a2,
~\workspaces\github.com\bengawith\paper\results\robust_v2\xfoil_canaries\naca2412\segments\005\polar.txt,.txt,431,848fb3923b00a165085de21d4f7a4aaa396c62fb96a7a222f6f59ec8f9b0f6a2,
~\workspaces\github.com\bengawith\paper\results\robust_v2\xfoil_canaries\selig_ag04\segments\000\polar.txt,.txt,1223,2bbb9284b8b26134a08a3ba0a02b1b20ba58049394dc980e5f2574e01fdf2a38,
~\workspaces\github.com\bengawith\paper\results\robust_v2\xfoil_canaries\selig_ag04\segments\001\polar.txt,.txt,1223,53e7f4bb858d41bae7941ada03aba4c6d47601723bb3100298f16117980b19b5,
~\workspaces\github.com\bengawith\paper\results\robust_v2\xfoil_canaries\selig_ag04\segments\002\polar.txt,.txt,1223,e868ec663585ccb2a4a23ea8acd67bf92839d641865b34d61f9a052f38f20007,
~\workspaces\github.com\bengawith\paper\results\robust_v2\xfoil_canaries\selig_ag04\segments\003\polar.txt,.txt,1223,ea74c4504155256a8d7df4a5e4e983d32a830c92a54ecad8addcb04561426830,
~\workspaces\github.com\bengawith\paper\results\robust_v2\xfoil_canaries\selig_ag04\segments\004\polar.txt,.txt,1025,a02896087d32fd67a2793d25993829b38432c68b82acd1b664447c698e010583,
~\workspaces\github.com\bengawith\paper\results\robust_v2\xfoil_canaries\selig_ag04\segments\005\polar.txt,.txt,497,eebc836b5944bc5fa63985b7ef89cc4105215713dd3221b36be5c05a29270b10,
~\workspaces\github.com\bengawith\paper\results\robust_v2\xfoil_canaries\wortmann_fx63137\segments\000\polar.txt,.txt,431,4b8240c6402e77fcb2759339517ef1ab773df0c46cbab7f2ff3e7ba15baf4233,
~\workspaces\github.com\bengawith\paper\results\robust_v2\xfoil_canaries\wortmann_fx63137\segments\001\polar.txt,.txt,431,4b8240c6402e77fcb2759339517ef1ab773df0c46cbab7f2ff3e7ba15baf4233,
~\workspaces\github.com\bengawith\paper\results\robust_v2\xfoil_canaries\wortmann_fx63137\segments\002\polar.txt,.txt,431,4b8240c6402e77fcb2759339517ef1ab773df0c46cbab7f2ff3e7ba15baf4233,
~\workspaces\github.com\bengawith\paper\results\robust_v2\xfoil_canaries\wortmann_fx63137\segments\003\polar.txt,.txt,431,4b8240c6402e77fcb2759339517ef1ab773df0c46cbab7f2ff3e7ba15baf4233,
~\workspaces\github.com\bengawith\paper\results\robust_v2\xfoil_canaries\wortmann_fx63137\segments\004\polar.txt,.txt,431,4b8240c6402e77fcb2759339517ef1ab773df0c46cbab7f2ff3e7ba15baf4233,
~\workspaces\github.com\bengawith\paper\results\robust_v2\xfoil_canaries\wortmann_fx63137\segments\005\polar.txt,.txt,431,4b8240c6402e77fcb2759339517ef1ab773df0c46cbab7f2ff3e7ba15baf4233,
~\workspaces\github.com\bengawith\paper\results\robust_v2\xfoil_candidates\ava_robust_optimum\adverse_tail_013\segments\000\polar.txt,.txt,431,59c1075dbf899ef07194e2c66af8f0194f8fc8dbb1650ca24121048b7dc1d9c0,
~\workspaces\github.com\bengawith\paper\results\robust_v2\xfoil_candidates\ava_robust_optimum\adverse_tail_013\segments\001\polar.txt,.txt,1223,fb34bd664d8476ba19c16876724b8d69c48f9575502b6cc907229eb5c46cc637,
~\workspaces\github.com\bengawith\paper\results\robust_v2\xfoil_candidates\ava_robust_optimum\adverse_tail_013\segments\002\polar.txt,.txt,1223,303cb865f885205bdb3a33e3257117a69cad5c4b73f0dcdcaa151bc6cfe72911,
~\workspaces\github.com\bengawith\paper\results\robust_v2\xfoil_candidates\ava_robust_optimum\adverse_tail_013\segments\003\polar.txt,.txt,1091,131a6ed05159a18992758b873984fc7251fab0e361be8420e63399d9bea13138,
~\workspaces\github.com\bengawith\paper\results\robust_v2\xfoil_candidates\ava_robust_optimum\adverse_tail_013\segments\004\polar.txt,.txt,497,661f0b68eccb49aa34ebba775870a21ec4965561cfdfeaee0b2cd3514daf0136,
~\workspaces\github.com\bengawith\paper\results\robust_v2\xfoil_candidates\ava_robust_optimum\adverse_tail_052\segments\000\polar.txt,.txt,959,12b0cc9fd93a4d20c067741517a3723fe4a0e3fbe641e95ef9b81e5da5248bf5,
~\workspaces\github.com\bengawith\paper\results\robust_v2\xfoil_candidates\ava_robust_optimum\adverse_tail_052\segments\001\polar.txt,.txt,1223,647a22ea7781de02720942542f7016b20f83199dc3581be733eccf6f2c08ae63,
~\workspaces\github.com\bengawith\paper\results\robust_v2\xfoil_candidates\ava_robust_optimum\adverse_tail_052\segments\002\polar.txt,.txt,1223,b1db0b229bde996b83e75a633fd799ecde0dba3ada78c90e185273c0202ea4cb,
~\workspaces\github.com\bengawith\paper\results\robust_v2\xfoil_candidates\ava_robust_optimum\adverse_tail_052\segments\003\polar.txt,.txt,1223,acd37a200960de7780823f13eb2211b2e7a414300d450d71a30f52893f6207e5,
~\workspaces\github.com\bengawith\paper\results\robust_v2\xfoil_candidates\ava_robust_optimum\adverse_tail_052\segments\004\polar.txt,.txt,431,bbb84d55db6e2fc1cb30cc38fd0c63a3ba856b3be814d1de31396b7c2299f549,
~\workspaces\github.com\bengawith\paper\results\robust_v2\xfoil_candidates\ava_robust_optimum\nominal\segments\000\polar.txt,.txt,1223,e48866be6fc9a542b88d75bb57d06828a9994d1fb7c67cde4a783d14d2de8529,
~\workspaces\github.com\bengawith\paper\results\robust_v2\xfoil_candidates\ava_robust_optimum\nominal\segments\001\polar.txt,.txt,1223,2ae88cb24e7b3a1366a1ec386591a2046c0d1466d8327468fe021224c7c31966,
~\workspaces\github.com\bengawith\paper\results\robust_v2\xfoil_candidates\ava_robust_optimum\nominal\segments\002\polar.txt,.txt,1157,ca6b0c9eb5fc2402542e124d4881bee340e36c1ab47d11bc13ee7afd7f330389,
~\workspaces\github.com\bengawith\paper\results\robust_v2\xfoil_candidates\ava_robust_optimum\nominal\segments\003\polar.txt,.txt,1157,8137f3981f12baf855e3ea465e10706b9dc1a34cd918c4c704bb182fdd10fc14,
~\workspaces\github.com\bengawith\paper\results\robust_v2\xfoil_candidates\ava_robust_optimum\nominal\segments\004\polar.txt,.txt,497,a5c277ffbac084ec5e686fb7d415ae61672320cab93bb2880e44d4811bb365b3,
~\workspaces\github.com\bengawith\paper\results\robust_v2\xfoil_candidates\ava_robust_optimum\shared_000\segments\000\polar.txt,.txt,431,dd8edafa1c13fcb8cfd7e8c431a75c2a9114e7381ed25a242f2636c53c019e9e,
~\workspaces\github.com\bengawith\paper\results\robust_v2\xfoil_candidates\ava_robust_optimum\shared_000\segments\001\polar.txt,.txt,1223,4dd2db597a48d8c64098812aa18f8b3e128aebb1f25a56739be20d4c5b43e124,
~\workspaces\github.com\bengawith\paper\results\robust_v2\xfoil_candidates\ava_robust_optimum\shared_000\segments\002\polar.txt,.txt,1223,c8172f26bf500d61f1339b04cf88e2b0e5d2806b4c42196e6ced0f48cd5be45c,
~\workspaces\github.com\bengawith\paper\results\robust_v2\xfoil_candidates\ava_robust_optimum\shared_000\segments\003\polar.txt,.txt,695,ff9c4ae786be093a733010f4796ff2b3a8e99738fcab1049ce5a0e949a159d0f,
~\workspaces\github.com\bengawith\paper\results\robust_v2\xfoil_candidates\ava_robust_optimum\shared_000\segments\004\polar.txt,.txt,497,cf4d6cce9d2596ac2fa8802e4fbebc6a5d1a2ce4b54ea9bac7926f8ebb6fe33b,
~\workspaces\github.com\bengawith\paper\results\robust_v2\xfoil_candidates\ava_robust_optimum\shared_001\segments\000\polar.txt,.txt,1223,7c4401fefed39e1d0859b8b7bb0901c33787d55f850b997debfd03c19504a4fa,
~\workspaces\github.com\bengawith\paper\results\robust_v2\xfoil_candidates\ava_robust_optimum\shared_001\segments\001\polar.txt,.txt,1223,de3b927ca1d622e6c8c547eb57c159c229aaa892bb3e2516a01050d568aeb314,
~\workspaces\github.com\bengawith\paper\results\robust_v2\xfoil_candidates\ava_robust_optimum\shared_001\segments\002\polar.txt,.txt,1223,25037366b954c8f61ee3dcfdda8647d7a118aea3f095462701f840db340e28bf,
~\workspaces\github.com\bengawith\paper\results\robust_v2\xfoil_candidates\ava_robust_optimum\shared_001\segments\003\polar.txt,.txt,1157,ee573c66333f570f699a203026f09cd54d94d54481ca4ae99838c78049268adc,
~\workspaces\github.com\bengawith\paper\results\robust_v2\xfoil_candidates\ava_robust_optimum\shared_001\segments\004\polar.txt,.txt,497,800e19d5747f657ccfa24d2ae63b2e1749b0712579f9674309500a3a2b2adeaf,
~\workspaces\github.com\bengawith\paper\results\robust_v2\xfoil_candidates\ava_robust_optimum\shared_002\segments\000\polar.txt,.txt,1223,508186bc06aaed0ea54f23fbf1a7491c4f37c58ae3249c2dd6c54f91b419fdcf,
~\workspaces\github.com\bengawith\paper\results\robust_v2\xfoil_candidates\ava_robust_optimum\shared_002\segments\001\polar.txt,.txt,1157,8d4703bd5d3caf29a9e435f214d9587648eb91e816ad9fa590654a28df56e916,
~\workspaces\github.com\bengawith\paper\results\robust_v2\xfoil_candidates\ava_robust_optimum\shared_002\segments\002\polar.txt,.txt,1223,1cfee82ac09d87ec8f517653e2f71c95547ffe0a1fcd3c3499a90a6c0f2f9a4c,
~\workspaces\github.com\bengawith\paper\results\robust_v2\xfoil_candidates\ava_robust_optimum\shared_002\segments\003\polar.txt,.txt,1223,556f32a64c8e5b47b54cc5b80ad1f77fdc7932886166ba621a747900a591bd0f,
~\workspaces\github.com\bengawith\paper\results\robust_v2\xfoil_candidates\ava_robust_optimum\shared_002\segments\004\polar.txt,.txt,497,98cc7d4a6f303a983b4180576b5a5fd9930835cda7d7ebf30a3ac14abaf4d1b3,
~\workspaces\github.com\bengawith\paper\results\robust_v2\xfoil_candidates\ava_robust_optimum\shared_003\segments\000\polar.txt,.txt,1223,4e951def1b932c6175a2097fcd29781c6ccb26e210a0390dc030179ed65ff731,
~\workspaces\github.com\bengawith\paper\results\robust_v2\xfoil_candidates\ava_robust_optimum\shared_003\segments\001\polar.txt,.txt,1223,8c5c5af850b7a947028b6c3fc6639cba4d2c3f68006fda3f30d201d12e66be45,
~\workspaces\github.com\bengawith\paper\results\robust_v2\xfoil_candidates\ava_robust_optimum\shared_003\segments\002\polar.txt,.txt,1223,5f5adb71c5afaf5c3e0ec32f20dd0d74be5d870b67a014c225e9cbbc75e163fe,
~\workspaces\github.com\bengawith\paper\results\robust_v2\xfoil_candidates\ava_robust_optimum\shared_003\segments\003\polar.txt,.txt,1223,f22efe9630456daf11e8393799a52789682be99063b73ab9c0339b3d0b927f51,
~\workspaces\github.com\bengawith\paper\results\robust_v2\xfoil_candidates\ava_robust_optimum\shared_003\segments\004\polar.txt,.txt,497,1c5b9610f2ef165e91da0daf392e8f917802f84a587be7d2f4a897389583ef22,
~\workspaces\github.com\bengawith\paper\results\robust_v2\xfoil_candidates\ava_robust_optimum\shared_004\segments\000\polar.txt,.txt,1223,4fa846cb092e094a459d61b37fb1b0f796b602493578a42f3528131878bac5b1,
~\workspaces\github.com\bengawith\paper\results\robust_v2\xfoil_candidates\ava_robust_optimum\shared_004\segments\001\polar.txt,.txt,1223,61f42a8b9648cf1169e2745b1ffc1a0ddc5c9b25b856ac6dcd1500771bd0d1b6,
~\workspaces\github.com\bengawith\paper\results\robust_v2\xfoil_candidates\ava_robust_optimum\shared_004\segments\002\polar.txt,.txt,1223,3f8301b6f27f6abf0feeaf51c01d91ba72ee8b4e4da97e5ea045d607f031a99c,
~\workspaces\github.com\bengawith\paper\results\robust_v2\xfoil_candidates\ava_robust_optimum\shared_004\segments\003\polar.txt,.txt,431,5a19a8ff094ef3d42e5b4203eb6d783f588a842297c976f24257c362b493d989,
~\workspaces\github.com\bengawith\paper\results\robust_v2\xfoil_candidates\ava_robust_optimum\shared_004\segments\004\polar.txt,.txt,497,c41385d13dfe45ded34ddd7ec25d50ad45b8501075f3919472c88d468434c37f,
~\workspaces\github.com\bengawith\paper\results\robust_v2\xfoil_candidates\ava_robust_optimum\shared_005\segments\000\polar.txt,.txt,1223,1865de1828e34064ca428c97e85d3baf791daa04ba1aa5f63378806528d2930e,
~\workspaces\github.com\bengawith\paper\results\robust_v2\xfoil_candidates\ava_robust_optimum\shared_005\segments\001\polar.txt,.txt,1223,6980ec95248103861ec7d2cc4e6506c2dd8a382a4588e28ff5c77a906b88d118,
~\workspaces\github.com\bengawith\paper\results\robust_v2\xfoil_candidates\ava_robust_optimum\shared_005\segments\002\polar.txt,.txt,1091,ff0940f1e6227fc048f6bf0d8cccfc766433df413ce41c070b21b1f894353ef8,
~\workspaces\github.com\bengawith\paper\results\robust_v2\xfoil_candidates\ava_robust_optimum\shared_005\segments\003\polar.txt,.txt,1223,95908bee93a10ea4dcf88f725d58bb87451a8bf1d7061ebbc8ae9d72b9237cd1,
~\workspaces\github.com\bengawith\paper\results\robust_v2\xfoil_candidates\ava_robust_optimum\shared_005\segments\004\polar.txt,.txt,497,286afeeb68e75c68d8b878a0293190542c8dc1c24d1f6743b596e40bff77bcb0,
~\workspaces\github.com\bengawith\paper\results\robust_v2\xfoil_candidates\ava_robust_optimum\shared_006\segments\000\polar.txt,.txt,1223,f8f15c68d36bae31196f9c0a134ca7df462b0babb3e7592939ce83bcdad7afc2,
~\workspaces\github.com\bengawith\paper\results\robust_v2\xfoil_candidates\ava_robust_optimum\shared_006\segments\001\polar.txt,.txt,1223,aa037a929b6b21297120a79a099ef1a4396a6f25580158ad25915fea40481991,
~\workspaces\github.com\bengawith\paper\results\robust_v2\xfoil_candidates\ava_robust_optimum\shared_006\segments\002\polar.txt,.txt,1223,bbd716bdefe81883b202067b16977c21806c7a54050dee3c64aaa034d128f7c6,
~\workspaces\github.com\bengawith\paper\results\robust_v2\xfoil_candidates\ava_robust_optimum\shared_006\segments\003\polar.txt,.txt,1157,f2cc83f1f5e7f61e350b5d0c6f707b490fa72a4a4387bde576cee136a8915d31,
~\workspaces\github.com\bengawith\paper\results\robust_v2\xfoil_candidates\ava_robust_optimum\shared_006\segments\004\polar.txt,.txt,497,9408815622d334c857d8ec6a0dcad16ba87c59563901cfc943b24526695eddde,
~\workspaces\github.com\bengawith\paper\results\robust_v2\xfoil_candidates\ava_robust_optimum\shared_007\segments\000\polar.txt,.txt,1223,70618317fa01a8b9f2e326b3871123d371c3b79b79656d48544c6bea0fd06889,
~\workspaces\github.com\bengawith\paper\results\robust_v2\xfoil_candidates\ava_robust_optimum\shared_007\segments\001\polar.txt,.txt,1223,6526433bdd6875f5d2320ac1986319f77f522a6acce2c0b374d2adc0aef12628,
~\workspaces\github.com\bengawith\paper\results\robust_v2\xfoil_candidates\ava_robust_optimum\shared_007\segments\002\polar.txt,.txt,1223,76b98b6eb3dc1cb1eb3126bffc54b0149bfff013803a29883c1312863e9c30b9,
~\workspaces\github.com\bengawith\paper\results\robust_v2\xfoil_candidates\ava_robust_optimum\shared_007\segments\003\polar.txt,.txt,695,693e40f8fe3daac87bbb53fad791f7baacdaef5a9f7c2c94c1331726ce30a922,
~\workspaces\github.com\bengawith\paper\results\robust_v2\xfoil_candidates\ava_robust_optimum\shared_007\segments\004\polar.txt,.txt,497,1c81668380ced4d55cb12f94b168d87f28f7ff5d4377d6c3d81a595fa578dff2,
~\workspaces\github.com\bengawith\paper\results\robust_v2\xfoil_candidates\ava_robust_optimum\shared_008\segments\000\polar.txt,.txt,1223,c44757d8fc3be098f11e0016be356c15ce896f1521db0f28807474c6389ce3f2,
~\workspaces\github.com\bengawith\paper\results\robust_v2\xfoil_candidates\ava_robust_optimum\shared_008\segments\001\polar.txt,.txt,1223,d8608abeae48d65a5b7b8305554f5b86fea0efda2146945b907ae5a168acb37a,
~\workspaces\github.com\bengawith\paper\results\robust_v2\xfoil_candidates\ava_robust_optimum\shared_008\segments\002\polar.txt,.txt,1223,e0545711c18fe35aceac44d28923197a30f020acdbaaf0998283ab9ea4a75a34,
~\workspaces\github.com\bengawith\paper\results\robust_v2\xfoil_candidates\ava_robust_optimum\shared_008\segments\003\polar.txt,.txt,1223,d400df3bbc56b0cdd079d05bbaf9cac9fbad51f9de157f6b047b70cca40e73d7,
~\workspaces\github.com\bengawith\paper\results\robust_v2\xfoil_candidates\ava_robust_optimum\shared_008\segments\004\polar.txt,.txt,497,d40ee2bca91e41114d57e6c3e5ba02f90c9e50ade64c92c859b9d441711124dc,
~\workspaces\github.com\bengawith\paper\results\robust_v2\xfoil_candidates\ava_robust_optimum\shared_009\segments\000\polar.txt,.txt,959,a082710157fa06c96beef30399fabee83ac5b7418615d3c261c3411ebf0874d4,
~\workspaces\github.com\bengawith\paper\results\robust_v2\xfoil_candidates\ava_robust_optimum\shared_009\segments\001\polar.txt,.txt,1223,fd16fa9050c80ccec4c16bacee9817d024695fa0f3f8fc8f2ffa1fd0a9cb9272,
~\workspaces\github.com\bengawith\paper\results\robust_v2\xfoil_candidates\ava_robust_optimum\shared_009\segments\002\polar.txt,.txt,1223,658d969d94b36b7d636a5b2331a9ddc1fda2e5e5cd22bd37b1ca485be85f6a3e,
~\workspaces\github.com\bengawith\paper\results\robust_v2\xfoil_candidates\ava_robust_optimum\shared_009\segments\003\polar.txt,.txt,1025,02a4221cb0c58e0b2e431ed8375feea1d2931ec2dde577deb3a7e71c6690a651,
~\workspaces\github.com\bengawith\paper\results\robust_v2\xfoil_candidates\ava_robust_optimum\shared_009\segments\004\polar.txt,.txt,497,f987247fe6664ddc392d9d2b5d906207d76b633deb702246e42a08587433d87e,
~\workspaces\github.com\bengawith\paper\results\robust_v2\xfoil_candidates\ava_robust_optimum\shared_010\segments\000\polar.txt,.txt,1223,935a9a73d5bbf3c933f83019562b3a2eaeef5e81b8a7f983859167daa626fa3e,
~\workspaces\github.com\bengawith\paper\results\robust_v2\xfoil_candidates\ava_robust_optimum\shared_010\segments\001\polar.txt,.txt,1223,651e81d39b13076afe267884b533b45d39363ea310d7260d26fce173ff67cca0,
~\workspaces\github.com\bengawith\paper\results\robust_v2\xfoil_candidates\ava_robust_optimum\shared_010\segments\002\polar.txt,.txt,1223,4fab07c48ed183aed6c8968ca18beb0eecee4b32f9d1d88ca01cb7163b85b686,
~\workspaces\github.com\bengawith\paper\results\robust_v2\xfoil_candidates\ava_robust_optimum\shared_010\segments\003\polar.txt,.txt,1223,fa31998f5cb6278b91cac24855d428a220adbf5834daa06bb677cba770d16d52,
~\workspaces\github.com\bengawith\paper\results\robust_v2\xfoil_candidates\ava_robust_optimum\shared_010\segments\004\polar.txt,.txt,497,4c75aaa1dbc10a8e164db4264ec9e592a00c8d4d926a1109928e9af4d1f4104e,
~\workspaces\github.com\bengawith\paper\results\robust_v2\xfoil_candidates\ava_robust_optimum\shared_011\segments\000\polar.txt,.txt,1223,406eeacaa373c583cf09953fdb89623602cdf06865a2798f01beb1342ed41241,
~\workspaces\github.com\bengawith\paper\results\robust_v2\xfoil_candidates\ava_robust_optimum\shared_011\segments\001\polar.txt,.txt,1223,9531b14eb0d007c60dd04dd4e80a40a2708dfbb343963d7491d5ed960b6b852e,
~\workspaces\github.com\bengawith\paper\results\robust_v2\xfoil_candidates\ava_robust_optimum\shared_011\segments\002\polar.txt,.txt,1223,f39606b64627f66bfd0e14326a3c51a9ca67c8eac97736d6d6d0247b809ae8cd,
~\workspaces\github.com\bengawith\paper\results\robust_v2\xfoil_candidates\ava_robust_optimum\shared_011\segments\003\polar.txt,.txt,1025,74e55a4df3fd0706854390d9191547e162d06752f28e6995294c5443f58f6e7a,
~\workspaces\github.com\bengawith\paper\results\robust_v2\xfoil_candidates\ava_robust_optimum\shared_011\segments\004\polar.txt,.txt,497,6d7c766dfbbdcd9c6512bee2372257417045738bd0c964c40cbaa2c942d7f6bd,
~\workspaces\github.com\bengawith\paper\results\robust_v2\xfoil_candidates\ava_robust_optimum\shared_012\segments\000\polar.txt,.txt,761,689b14b77e3d6b165956bf5517fbffa7fe5e35edc143e92ad76f4ea27468fda4,
~\workspaces\github.com\bengawith\paper\results\robust_v2\xfoil_candidates\ava_robust_optimum\shared_012\segments\001\polar.txt,.txt,1223,d1f73b09ea9a39303ce5330733f212d359bbae58fca38f010b1a294848626578,
~\workspaces\github.com\bengawith\paper\results\robust_v2\xfoil_candidates\ava_robust_optimum\shared_012\segments\002\polar.txt,.txt,1223,06ad2e1b1f1d01cfef708dd39b10bfb76523430228c462cff99dfd6c58103a5d,
~\workspaces\github.com\bengawith\paper\results\robust_v2\xfoil_candidates\ava_robust_optimum\shared_012\segments\003\polar.txt,.txt,761,455de139c30ff3585e766ebe79ee9a898215b6dbef12d7f71f0474ca46229db2,
~\workspaces\github.com\bengawith\paper\results\robust_v2\xfoil_candidates\ava_robust_optimum\shared_012\segments\004\polar.txt,.txt,497,559f024f68ea3ff8ffa19d350a51946bf3ae5c72f29f5f5170edef34ccdb7c57,
~\workspaces\github.com\bengawith\paper\results\robust_v2\xfoil_candidates\ava_robust_optimum\shared_013\segments\000\polar.txt,.txt,1223,5bc969697520f2ee7cc604054593360c7848874315482eb7c1c5af79bc5419a5,
~\workspaces\github.com\bengawith\paper\results\robust_v2\xfoil_candidates\ava_robust_optimum\shared_013\segments\001\polar.txt,.txt,1223,6578f1952179af42455a9f5b25d5ec615827be926a532cad5806aea920fd8074,
~\workspaces\github.com\bengawith\paper\results\robust_v2\xfoil_candidates\ava_robust_optimum\shared_013\segments\002\polar.txt,.txt,1223,5fd5d2875bf00dbb40b1c92d1feab966b7451a335658e9bb272f83c35c105d1d,
~\workspaces\github.com\bengawith\paper\results\robust_v2\xfoil_candidates\ava_robust_optimum\shared_013\segments\003\polar.txt,.txt,1025,6eaeeee1036b9c3daff73041435ef6c449959a7b86bad4517785780b5fbb1ff6,
~\workspaces\github.com\bengawith\paper\results\robust_v2\xfoil_candidates\ava_robust_optimum\shared_013\segments\004\polar.txt,.txt,497,e4aa5f432b786290c68326c6993e9147f97455b7d4b89106f614a4c6eca26b6a,
~\workspaces\github.com\bengawith\paper\results\robust_v2\xfoil_candidates\ava_robust_optimum\shared_014\segments\000\polar.txt,.txt,1223,5057d4580fc26a6bd8dafd467f00941e98cfcde3e27f1f99a8be4bdeca6ecec9,
~\workspaces\github.com\bengawith\paper\results\robust_v2\xfoil_candidates\ava_robust_optimum\shared_014\segments\001\polar.txt,.txt,1223,b9298f3a26d221a67c926b3828f82dacf87ae5ef78e9d9a5f2837109780d7a14,
~\workspaces\github.com\bengawith\paper\results\robust_v2\xfoil_candidates\ava_robust_optimum\shared_014\segments\002\polar.txt,.txt,1223,890952c06e08600eef8f3376e25a9749bb178db133fce02aec9d036dbafedf7c,
~\workspaces\github.com\bengawith\paper\results\robust_v2\xfoil_candidates\ava_robust_optimum\shared_014\segments\003\polar.txt,.txt,1223,4d74d86886e887040e669ed341a31beaf7a5497970a7610d32c953fb0bdf5e4a,
~\workspaces\github.com\bengawith\paper\results\robust_v2\xfoil_candidates\ava_robust_optimum\shared_014\segments\004\polar.txt,.txt,497,68ae23aea1767cf48395ba0dc5cb7df3f11d7a5a5f47b06dac9d2b8e0e783c4b,
~\workspaces\github.com\bengawith\paper\results\robust_v2\xfoil_candidates\ava_robust_optimum\shared_015\segments\000\polar.txt,.txt,1223,3c7a8bb5e796ef34a307842c6efe30a30b35fccedfb7680efefce1ace053833f,
~\workspaces\github.com\bengawith\paper\results\robust_v2\xfoil_candidates\ava_robust_optimum\shared_015\segments\001\polar.txt,.txt,1223,1cbd74f502b641e8fac70aef2a6ce9edd2207cebd763fae8d828753d85fd0947,
~\workspaces\github.com\bengawith\paper\results\robust_v2\xfoil_candidates\ava_robust_optimum\shared_015\segments\002\polar.txt,.txt,1223,8ed28b144022d9748e8e3e3f24752ef21dbb8b382698b78e50fd13a59ce57ca4,
~\workspaces\github.com\bengawith\paper\results\robust_v2\xfoil_candidates\ava_robust_optimum\shared_015\segments\003\polar.txt,.txt,1025,6234dcaad006466d7af962e7123982faf754d13aeba0d370a42e1a1281ccedb5,
~\workspaces\github.com\bengawith\paper\results\robust_v2\xfoil_candidates\ava_robust_optimum\shared_015\segments\004\polar.txt,.txt,497,c33466e2ba70ab63915601b37e58f6abd01ac7c8d5e5149eadb2a5e555c21feb,
~\workspaces\github.com\bengawith\paper\results\robust_v2\xfoil_candidates\ava_robust_optimum\shared_016\segments\000\polar.txt,.txt,1223,4df32a338b14d8e79621298aa0e9790b828d597a10b2d29a0df07db577f9a0fb,
~\workspaces\github.com\bengawith\paper\results\robust_v2\xfoil_candidates\ava_robust_optimum\shared_016\segments\001\polar.txt,.txt,1223,0f07b0f4379ed5f8cd373a1f202d1de023d7d2a289026f7669165ef6498efa5b,
~\workspaces\github.com\bengawith\paper\results\robust_v2\xfoil_candidates\ava_robust_optimum\shared_016\segments\002\polar.txt,.txt,1223,41ae5411f4f6a6b4403246c6ea8667134fadb152ac091e5b5764cdf4b33fff30,
~\workspaces\github.com\bengawith\paper\results\robust_v2\xfoil_candidates\ava_robust_optimum\shared_016\segments\003\polar.txt,.txt,1223,f6d05e7f3f1d6e984f184b071ceac8d1ebb99fa04fbfa63f5797241749db611b,
~\workspaces\github.com\bengawith\paper\results\robust_v2\xfoil_candidates\ava_robust_optimum\shared_016\segments\004\polar.txt,.txt,497,6f88919434f664b1a10f923c6757c8f2000df82cf4af951074e0126828df190e,
~\workspaces\github.com\bengawith\paper\results\robust_v2\xfoil_candidates\ava_robust_optimum\shared_017\segments\000\polar.txt,.txt,1223,8df5e7c175602402aff383dae12ff14636bd6d1391a8115b73b1550ccfba68c0,
~\workspaces\github.com\bengawith\paper\results\robust_v2\xfoil_candidates\ava_robust_optimum\shared_017\segments\001\polar.txt,.txt,1223,f706c6b6b1095c0dd287ffcad9c3fc8ec23f8ecc1d0d1bc136c61132a97d2d23,
~\workspaces\github.com\bengawith\paper\results\robust_v2\xfoil_candidates\ava_robust_optimum\shared_017\segments\002\polar.txt,.txt,1157,fa20ebdea4a64ce10d97db6802f000c943fef5441cb2109757e7d20e42085880,
~\workspaces\github.com\bengawith\paper\results\robust_v2\xfoil_candidates\ava_robust_optimum\shared_017\segments\003\polar.txt,.txt,1223,1b10529d488634b354ac456b79eb8c319051f0707d357ada2f37faac8db7343a,
~\workspaces\github.com\bengawith\paper\results\robust_v2\xfoil_candidates\ava_robust_optimum\shared_017\segments\004\polar.txt,.txt,497,0f91967b8fddfe2a2421074e1b6648805fe681c22df15ee4d881e7754fa20e31,
~\workspaces\github.com\bengawith\paper\results\robust_v2\xfoil_candidates\ava_robust_optimum\shared_018\segments\000\polar.txt,.txt,1223,64c12ac5eff3a8a524b275b59253728ada5b0ce0b2cb850f0b15ee13536b8800,
~\workspaces\github.com\bengawith\paper\results\robust_v2\xfoil_candidates\ava_robust_optimum\shared_018\segments\001\polar.txt,.txt,1223,c0fb8653b9512aca903612c0ceade54d36cd0bcd7f4cd94dea4c3f8ab92a94d5,
~\workspaces\github.com\bengawith\paper\results\robust_v2\xfoil_candidates\ava_robust_optimum\shared_018\segments\002\polar.txt,.txt,1223,8b03dbfc2eafbade151aa5767baa112f302fe943df977675a34295ef4522e0f6,
~\workspaces\github.com\bengawith\paper\results\robust_v2\xfoil_candidates\ava_robust_optimum\shared_018\segments\003\polar.txt,.txt,1157,8590255d6124bc05a42919506f37c952042eaa37ba1b5f3cae20d57f88cdd1e1,
~\workspaces\github.com\bengawith\paper\results\robust_v2\xfoil_candidates\ava_robust_optimum\shared_018\segments\004\polar.txt,.txt,497,30082622ce6d7b554de886e6a84e7e4ab9043b43864176a28905afe19a4edc33,
~\workspaces\github.com\bengawith\paper\results\robust_v2\xfoil_candidates\ava_robust_optimum\shared_019\segments\000\polar.txt,.txt,1223,8e3382474b424f24dee6e174ccbe2fb9dcb5fe9f211afedc8302e4a3ec72b928,
~\workspaces\github.com\bengawith\paper\results\robust_v2\xfoil_candidates\ava_robust_optimum\shared_019\segments\001\polar.txt,.txt,1223,b54667f358ff3644e459028ab79353b3544e8969ab8270e5dd9c5f739bb04fe0,
~\workspaces\github.com\bengawith\paper\results\robust_v2\xfoil_candidates\ava_robust_optimum\shared_019\segments\002\polar.txt,.txt,1157,69e5da7701572e7eb5373bf7ef723ab23bb89cb287f34011a9888fbe3b1a46a8,
~\workspaces\github.com\bengawith\paper\results\robust_v2\xfoil_candidates\ava_robust_optimum\shared_019\segments\003\polar.txt,.txt,1223,375ae11aed48be634b00ccc473c78a76b96bb83fb72621bd05690ab4eac35564,
~\workspaces\github.com\bengawith\paper\results\robust_v2\xfoil_candidates\ava_robust_optimum\shared_019\segments\004\polar.txt,.txt,497,aa129cbe768fa6f0fe9d19f3fab0e06a7d146f3259702d7f43bc47d6d176201a,
~\workspaces\github.com\bengawith\paper\results\robust_v2\xfoil_candidates\ava_robust_optimum\shared_020\segments\000\polar.txt,.txt,1223,64a0b9a176a5b59567c120b7b09fe2a9abe7547612bc8b68e84fc87dcdefa41e,
~\workspaces\github.com\bengawith\paper\results\robust_v2\xfoil_candidates\ava_robust_optimum\shared_020\segments\001\polar.txt,.txt,1223,6703b27ddb74ff7fa0d6a3112aba4157e89cc2a4653467cde568a9de3dc7d82b,
~\workspaces\github.com\bengawith\paper\results\robust_v2\xfoil_candidates\ava_robust_optimum\shared_020\segments\002\polar.txt,.txt,1223,e4f7c701da6376a846de90dc32718d6b263d1602fe5eba78ef1056bc86c0da49,
~\workspaces\github.com\bengawith\paper\results\robust_v2\xfoil_candidates\ava_robust_optimum\shared_020\segments\003\polar.txt,.txt,1223,f58ce1bd470e7abfcb22a1e561256ed3aa8e02511791e8664b09fcd44dbbcdbd,
~\workspaces\github.com\bengawith\paper\results\robust_v2\xfoil_candidates\ava_robust_optimum\shared_020\segments\004\polar.txt,.txt,497,90e2011a1c80bef02f4e85ade21de4cb9ad5e32f300e5021c27770221117739c,
~\workspaces\github.com\bengawith\paper\results\robust_v2\xfoil_candidates\ava_robust_optimum\shared_021\segments\000\polar.txt,.txt,629,4de7600838e1874d2d5623b52a84a1a5a9f87c1e97a65fcdc19bf4f2de78f733,
~\workspaces\github.com\bengawith\paper\results\robust_v2\xfoil_candidates\ava_robust_optimum\shared_021\segments\001\polar.txt,.txt,1223,a0e5afaf1adb641e61290578202b8c70bdd93be1a6773fd55f6d0dcfd1286b60,
~\workspaces\github.com\bengawith\paper\results\robust_v2\xfoil_candidates\ava_robust_optimum\shared_021\segments\002\polar.txt,.txt,1223,c691d47adca0ab6d0146c5d0a8ef9e7c2e95d8ca9752d94468088507863b99f0,
~\workspaces\github.com\bengawith\paper\results\robust_v2\xfoil_candidates\ava_robust_optimum\shared_021\segments\003\polar.txt,.txt,1223,fd5c7033dfe3ebfabac3f3bb985fbe315c747c0d3d02778deb68a8a5a00efae2,
~\workspaces\github.com\bengawith\paper\results\robust_v2\xfoil_candidates\ava_robust_optimum\shared_021\segments\004\polar.txt,.txt,497,c98dd2f1346b72661dee0cb5dad58c6c69cc880cb1b66587b30b62c91e16604e,
~\workspaces\github.com\bengawith\paper\results\robust_v2\xfoil_candidates\ava_robust_optimum\shared_022\segments\000\polar.txt,.txt,1223,86cb284827ce89ce7c959dac20228299301a735e82d556bb18ff333a01c9bc94,
~\workspaces\github.com\bengawith\paper\results\robust_v2\xfoil_candidates\ava_robust_optimum\shared_022\segments\001\polar.txt,.txt,1223,880e4b9617bece24ec428da3f4d15e0d4ab61f7c53ac98496cc48b048060a585,
~\workspaces\github.com\bengawith\paper\results\robust_v2\xfoil_candidates\ava_robust_optimum\shared_022\segments\002\polar.txt,.txt,1223,26a9a4916f5c87b70eedbe23b97b5b7a78adcd1160c66fc6dd4dfacb21809da1,
~\workspaces\github.com\bengawith\paper\results\robust_v2\xfoil_candidates\ava_robust_optimum\shared_022\segments\003\polar.txt,.txt,1157,4223e57def6b4d154e260382783987f4cf65bc08b2f259b701f2c93519fe02c3,
~\workspaces\github.com\bengawith\paper\results\robust_v2\xfoil_candidates\ava_robust_optimum\shared_022\segments\004\polar.txt,.txt,497,4ea7fe243078e7abf8e015e37b5af18c0966de194978450778e9c256823f7e04,
~\workspaces\github.com\bengawith\paper\results\robust_v2\xfoil_candidates\ava_robust_optimum\shared_023\segments\000\polar.txt,.txt,1091,d75ac33060bcda7ac8e86ef2a950f8c76d794cb22cb0bbfe1dbdb24cc468aa83,
~\workspaces\github.com\bengawith\paper\results\robust_v2\xfoil_candidates\ava_robust_optimum\shared_023\segments\001\polar.txt,.txt,1223,c027ce707833af84e9cde34dd03175ae787aee2ec94dfc5f5e4ff298989dff45,
~\workspaces\github.com\bengawith\paper\results\robust_v2\xfoil_candidates\ava_robust_optimum\shared_023\segments\002\polar.txt,.txt,1223,fb7bd7628659d118f19235f044c1c00e63ed4ec82fbc9ea6cadb4bf9be5c2f35,
~\workspaces\github.com\bengawith\paper\results\robust_v2\xfoil_candidates\ava_robust_optimum\shared_023\segments\003\polar.txt,.txt,1157,b12008707ae207344c31e9cb5057fd4da35837b1411add7b894a10c1eda19c29,
~\workspaces\github.com\bengawith\paper\results\robust_v2\xfoil_candidates\ava_robust_optimum\shared_023\segments\004\polar.txt,.txt,497,fc9a0f0c4d1100edfdf4f78611d7e4ed8adbedf8d186bd1ab84129c93f0d93c1,
~\workspaces\github.com\bengawith\paper\results\robust_v2\xfoil_candidates\ava_robust_optimum\shared_024\segments\000\polar.txt,.txt,1223,ab62fa00fa1eb762e973702679a1525e4b52583623cf5b0592b38366db953934,
~\workspaces\github.com\bengawith\paper\results\robust_v2\xfoil_candidates\ava_robust_optimum\shared_024\segments\001\polar.txt,.txt,1223,17fe530707a7bbb4b2dd9124ed12fa74183a2346d1c2aad916130f8cc7ee00de,
~\workspaces\github.com\bengawith\paper\results\robust_v2\xfoil_candidates\ava_robust_optimum\shared_024\segments\002\polar.txt,.txt,1157,2a0e9a0c0c19e6a8b76e869ec5542295ac776b78d046c0e1703b552988865688,
~\workspaces\github.com\bengawith\paper\results\robust_v2\xfoil_candidates\ava_robust_optimum\shared_024\segments\003\polar.txt,.txt,1025,6889ac1283cb7ace3e418d1a5ee8734bc8b8045dc765b3eb3ee7a49a100e3d57,
~\workspaces\github.com\bengawith\paper\results\robust_v2\xfoil_candidates\ava_robust_optimum\shared_024\segments\004\polar.txt,.txt,497,b14e3acd3805cb6d43c8d5313bfb6265dd523c6cb89dd6268c6d54008dd88a71,
~\workspaces\github.com\bengawith\paper\results\robust_v2\xfoil_candidates\ava_robust_optimum\shared_025\segments\000\polar.txt,.txt,893,6b9f2ca0ebf57654068dd3607c5e4d9c6edadcd8c49e91c94d21a36f35ff37c3,
~\workspaces\github.com\bengawith\paper\results\robust_v2\xfoil_candidates\ava_robust_optimum\shared_025\segments\001\polar.txt,.txt,1223,2a0dfd38277b61660176d320d0260541e7717dcb500b9161936dadfe5428031b,
~\workspaces\github.com\bengawith\paper\results\robust_v2\xfoil_candidates\ava_robust_optimum\shared_025\segments\002\polar.txt,.txt,1223,fead58c09f024bb4aab685ce3baa227647a582682c8e9dfaaaf51526aed2048b,
~\workspaces\github.com\bengawith\paper\results\robust_v2\xfoil_candidates\ava_robust_optimum\shared_025\segments\003\polar.txt,.txt,761,e3cdfcc4ded2532e45d19a24ec71076def539ba0dd8d78cc18bfaf5527e17571,
~\workspaces\github.com\bengawith\paper\results\robust_v2\xfoil_candidates\ava_robust_optimum\shared_025\segments\004\polar.txt,.txt,497,422acbc3c8346f75e191203aa85f4ab3f21664218208cb17695278f97f28461e,
~\workspaces\github.com\bengawith\paper\results\robust_v2\xfoil_candidates\ava_robust_optimum\shared_026\segments\000\polar.txt,.txt,893,1a291d4cf25454639aa5d9d994a18a5ef46fe4976b0ea15b696ca97c6e5bf089,
~\workspaces\github.com\bengawith\paper\results\robust_v2\xfoil_candidates\ava_robust_optimum\shared_026\segments\001\polar.txt,.txt,1223,3cc76fc23b661dec80d3b3b1d822b7950d62dc71cc151699ad882bbb62bc1b9e,
~\workspaces\github.com\bengawith\paper\results\robust_v2\xfoil_candidates\ava_robust_optimum\shared_026\segments\002\polar.txt,.txt,1223,a93843dccba248d9a20a47dc3a8307d3a0605a5b58f4b4ab1e9f0a976f7c0080,
~\workspaces\github.com\bengawith\paper\results\robust_v2\xfoil_candidates\ava_robust_optimum\shared_026\segments\003\polar.txt,.txt,1223,cfcde57641f5883cf051223145c975f9e883e793312502b7ccd58fc80cfa56d1,
~\workspaces\github.com\bengawith\paper\results\robust_v2\xfoil_candidates\ava_robust_optimum\shared_026\segments\004\polar.txt,.txt,497,843565a6cbb8a88b28388a517394db80a45366acd46b604e87fb92b5ceedd7ec,
~\workspaces\github.com\bengawith\paper\results\robust_v2\xfoil_candidates\ava_robust_optimum\shared_027\segments\000\polar.txt,.txt,1223,eda6ce58df739d830d241863aa37259a2cbb4658cb1102d4064d0296915a96ab,
~\workspaces\github.com\bengawith\paper\results\robust_v2\xfoil_candidates\ava_robust_optimum\shared_027\segments\001\polar.txt,.txt,1223,10b01db7a529b4c2295d0e23dc1796f6b05ff976c9518fae04296a1203224843,
~\workspaces\github.com\bengawith\paper\results\robust_v2\xfoil_candidates\ava_robust_optimum\shared_027\segments\002\polar.txt,.txt,1157,0f01051c3a61c4fdcc774e37e4096370dc38d7bfa45a94a8ed0ac495b570df72,
~\workspaces\github.com\bengawith\paper\results\robust_v2\xfoil_candidates\ava_robust_optimum\shared_027\segments\003\polar.txt,.txt,1223,351399aaeb665dd4e54254bbcff6e3d5bcab03d572eaf7fa9a8d21510c10504e,
~\workspaces\github.com\bengawith\paper\results\robust_v2\xfoil_candidates\ava_robust_optimum\shared_027\segments\004\polar.txt,.txt,497,18cb2302b5110feda8b3ffdce50ff91834fc84681f96eada3fcbc9b9c49aa3d9,
~\workspaces\github.com\bengawith\paper\results\robust_v2\xfoil_candidates\ava_robust_optimum\shared_028\segments\000\polar.txt,.txt,827,67329588ca41a2470c14863d9f4a235f8e4b213da3752eec1ad7e3a5951b69eb,
~\workspaces\github.com\bengawith\paper\results\robust_v2\xfoil_candidates\ava_robust_optimum\shared_028\segments\001\polar.txt,.txt,1223,4d296d9d7e21d561ee2d679ec9b188e187e81d0d25f96af77c2ecd7f59e72cae,
~\workspaces\github.com\bengawith\paper\results\robust_v2\xfoil_candidates\ava_robust_optimum\shared_028\segments\002\polar.txt,.txt,1223,21cd4d6ae7437b1c9debec2083d0012b2caac01c0e094b06ef4351c84a656d8d,
~\workspaces\github.com\bengawith\paper\results\robust_v2\xfoil_candidates\ava_robust_optimum\shared_028\segments\003\polar.txt,.txt,629,95c91b54199e473b91a1a5e4f502793278818c63c57f23ed8d96940e8c1ce11b,
~\workspaces\github.com\bengawith\paper\results\robust_v2\xfoil_candidates\ava_robust_optimum\shared_028\segments\004\polar.txt,.txt,497,25735b8d002cc29cfc1512785f5f66f232be209e1025adc078f6007e70553fa6,
~\workspaces\github.com\bengawith\paper\results\robust_v2\xfoil_candidates\ava_robust_optimum\shared_029\segments\000\polar.txt,.txt,1223,54c86999fda2c5ca75b09a1c26b0a3a34a94741c1b1394e55bb0f9c0ff3b4f55,
~\workspaces\github.com\bengawith\paper\results\robust_v2\xfoil_candidates\ava_robust_optimum\shared_029\segments\001\polar.txt,.txt,1223,0be03c0c536c2ab18f69dfcb0acd7c26289403589221a81c062820ac99fdff30,
~\workspaces\github.com\bengawith\paper\results\robust_v2\xfoil_candidates\ava_robust_optimum\shared_029\segments\002\polar.txt,.txt,1157,23c08a7467d7432005e025321ce20410dddda236a669b356374fbdd115394ec7,
~\workspaces\github.com\bengawith\paper\results\robust_v2\xfoil_candidates\ava_robust_optimum\shared_029\segments\003\polar.txt,.txt,431,b1b64bcce480dcafbc585f6d232458e0ef55a97e1cd202975e38be726626be0d,
~\workspaces\github.com\bengawith\paper\results\robust_v2\xfoil_candidates\ava_robust_optimum\shared_029\segments\004\polar.txt,.txt,497,fd42b6f94d4a9243f21db557f3c73b4842723c48f3eacf928e8900fe5daf4403,
~\workspaces\github.com\bengawith\paper\results\robust_v2\xfoil_candidates\ava_robust_optimum\shared_030\segments\000\polar.txt,.txt,1223,77ca82d1a113b3e0ca007e38bed0ec114690c8859dd01b9657c3123d59ca0137,
~\workspaces\github.com\bengawith\paper\results\robust_v2\xfoil_candidates\ava_robust_optimum\shared_030\segments\001\polar.txt,.txt,1223,4ae0a4c1dd9c68dc67f420b9ceecb5547be103e7e0676e828fd98ea0e38ab017,
~\workspaces\github.com\bengawith\paper\results\robust_v2\xfoil_candidates\ava_robust_optimum\shared_030\segments\002\polar.txt,.txt,1223,06e4af4907a488614314df46aba88fa7b54f77dfa9fee99c37729386a809a0e3,
~\workspaces\github.com\bengawith\paper\results\robust_v2\xfoil_candidates\ava_robust_optimum\shared_030\segments\003\polar.txt,.txt,1157,c350022e65233746fc9b3b90c5908a0c09aff62d69e267ff42dc693bd020153c,
~\workspaces\github.com\bengawith\paper\results\robust_v2\xfoil_candidates\ava_robust_optimum\shared_030\segments\004\polar.txt,.txt,497,04f5c721c376c4fd0e1daf563d6ac06cfcaa3edda3cd1c4e290f92f3776d470f,
~\workspaces\github.com\bengawith\paper\results\robust_v2\xfoil_candidates\ava_robust_optimum\shared_031\segments\000\polar.txt,.txt,431,1fef447ad266a0e5beba6852dc1172f8ace2f1f2acfcc621317c145059650a35,
~\workspaces\github.com\bengawith\paper\results\robust_v2\xfoil_candidates\ava_robust_optimum\shared_031\segments\001\polar.txt,.txt,1223,e89de2456da4ec1adf749103a4affd024fe3292ab56d2e7194950b77792f7ed6,
~\workspaces\github.com\bengawith\paper\results\robust_v2\xfoil_candidates\ava_robust_optimum\shared_031\segments\002\polar.txt,.txt,1223,d6ddee620c998f4bdc5e05f95b30cd59d9bf0953673087c2e065faa3464c2dd2,
~\workspaces\github.com\bengawith\paper\results\robust_v2\xfoil_candidates\ava_robust_optimum\shared_031\segments\003\polar.txt,.txt,1091,663d227ea112c211290a930936cc86b423d5dea49ac133a50c7645f86de6f840,
~\workspaces\github.com\bengawith\paper\results\robust_v2\xfoil_candidates\ava_robust_optimum\shared_031\segments\004\polar.txt,.txt,497,f4fbc5060f79c37764fc3a7acf8c7a0a22eaa1d89c8df06704be80c7b1ca174e,
~\workspaces\github.com\bengawith\paper\results\robust_v2\xfoil_candidates\ava_robust_optimum\shared_032\segments\000\polar.txt,.txt,1223,ce13f4b05a72c45bfad0318aadbc4ed93f8f510d6399e858ad2be2f0291ff6ef,
~\workspaces\github.com\bengawith\paper\results\robust_v2\xfoil_candidates\ava_robust_optimum\shared_032\segments\001\polar.txt,.txt,1223,7f746d8e5a8490420e2b0a992a6a0db0a8b592caa4e0d10183149b9575fc8668,
~\workspaces\github.com\bengawith\paper\results\robust_v2\xfoil_candidates\ava_robust_optimum\shared_032\segments\002\polar.txt,.txt,1223,6c3ac72a3714e698c46cfa19fbe69804159c8801cac7b3fca93c62a4ddd0f0bb,
~\workspaces\github.com\bengawith\paper\results\robust_v2\xfoil_candidates\ava_robust_optimum\shared_032\segments\003\polar.txt,.txt,893,c009853c911ed058aacfaf5a38b93b7a2227805bf39d1dc889eaa14ed1e6b6c2,
~\workspaces\github.com\bengawith\paper\results\robust_v2\xfoil_candidates\ava_robust_optimum\shared_032\segments\004\polar.txt,.txt,497,39c4e7851db5aa457f2d77041ad673e902e70a706a76852b139536215b292147,
~\workspaces\github.com\bengawith\paper\results\robust_v2\xfoil_candidates\ava_robust_optimum\shared_033\segments\000\polar.txt,.txt,827,d99089b063b1b88b269568fbad669809dcfb4ea70188e3eff7908e69d156973c,
~\workspaces\github.com\bengawith\paper\results\robust_v2\xfoil_candidates\ava_robust_optimum\shared_033\segments\001\polar.txt,.txt,1223,cd33a24102b3f85592ff5a4135ea840960663bf5877bd607e9547bb3a26482ff,
~\workspaces\github.com\bengawith\paper\results\robust_v2\xfoil_candidates\ava_robust_optimum\shared_033\segments\002\polar.txt,.txt,1223,e2c9a5258b7c1bbfbac8f039a47e1f4e7ffbb61bd8469ce872bde2789e8a90d5,
~\workspaces\github.com\bengawith\paper\results\robust_v2\xfoil_candidates\ava_robust_optimum\shared_033\segments\003\polar.txt,.txt,1223,4b96e88802dbfc54ae5f3a2c9b380d4fcf26979ae4c83a84bec856c0ef639f7c,
~\workspaces\github.com\bengawith\paper\results\robust_v2\xfoil_candidates\ava_robust_optimum\shared_033\segments\004\polar.txt,.txt,497,eda9fc57e81a9ccac7bf0ca46fc77d1b92b0219f4a5625f58fef105ab4fe89d3,
~\workspaces\github.com\bengawith\paper\results\robust_v2\xfoil_candidates\ava_robust_optimum\shared_034\segments\000\polar.txt,.txt,1223,d505e3fd9602d4b58e5ebcb44c6c7ca2ac1d5b00ca95f6b85fac77511c9a5758,
~\workspaces\github.com\bengawith\paper\results\robust_v2\xfoil_candidates\ava_robust_optimum\shared_034\segments\001\polar.txt,.txt,1223,edb071c47277c57cf26410deb7b8a30d634005ccdb145fec1761417e9b34b0b1,
~\workspaces\github.com\bengawith\paper\results\robust_v2\xfoil_candidates\ava_robust_optimum\shared_034\segments\002\polar.txt,.txt,1091,8f746f200a43d9f6245fdc71be3df4ddccd726eb05e7938de16e0f6bb5a52eaa,
~\workspaces\github.com\bengawith\paper\results\robust_v2\xfoil_candidates\ava_robust_optimum\shared_034\segments\003\polar.txt,.txt,1223,5067999c4740745ea83012b4544c9940e3bf6a0292f85c9ef94f7e506d829593,
~\workspaces\github.com\bengawith\paper\results\robust_v2\xfoil_candidates\ava_robust_optimum\shared_034\segments\004\polar.txt,.txt,497,7b2136e51e212a43375ffdbaaea38bfc51bf2f3f2083684c463bbc6da963759c,
~\workspaces\github.com\bengawith\paper\results\robust_v2\xfoil_candidates\ava_robust_optimum\shared_035\segments\000\polar.txt,.txt,1157,be2fe4dc19b34f173b4ca74766c22b55af57129ea95ba34302e9ea95baebfe35,
~\workspaces\github.com\bengawith\paper\results\robust_v2\xfoil_candidates\ava_robust_optimum\shared_035\segments\001\polar.txt,.txt,1223,cf3d03985ec03c9eea56159189bdfc9a436e730720c3052b28cee9e64477ca9f,
~\workspaces\github.com\bengawith\paper\results\robust_v2\xfoil_candidates\ava_robust_optimum\shared_035\segments\002\polar.txt,.txt,1223,53cf8204855331f09da688338e79e9e6e2830b95a992ba8fd9cd63d65ca49620,
~\workspaces\github.com\bengawith\paper\results\robust_v2\xfoil_candidates\ava_robust_optimum\shared_035\segments\003\polar.txt,.txt,563,77066615dd5f2cc3689a605804c5991d9a6253c89e1fcbb07557f7f267bede81,
~\workspaces\github.com\bengawith\paper\results\robust_v2\xfoil_candidates\ava_robust_optimum\shared_035\segments\004\polar.txt,.txt,497,de3193689e8dc3feb80be78af43b8944ea3184009e71c3602a3f4d3b329ed4a9,
~\workspaces\github.com\bengawith\paper\results\robust_v2\xfoil_candidates\ava_robust_optimum\shared_036\segments\000\polar.txt,.txt,1223,3ac2a8951fdd978babc61c646090253f6355c17429393b6d2eba9cb61a469d1a,
~\workspaces\github.com\bengawith\paper\results\robust_v2\xfoil_candidates\ava_robust_optimum\shared_036\segments\001\polar.txt,.txt,1223,b3ce620521425da9637c99298c39e14554c09de582d5a52d21475a39b3e120e5,
~\workspaces\github.com\bengawith\paper\results\robust_v2\xfoil_candidates\ava_robust_optimum\shared_036\segments\002\polar.txt,.txt,1223,68b5c60b2cb9d2a473dcec006d417f3833d8fcc2b3d575bda7066af87e58d8fa,
~\workspaces\github.com\bengawith\paper\results\robust_v2\xfoil_candidates\ava_robust_optimum\shared_036\segments\003\polar.txt,.txt,431,7ff03089bf52f13bfc93c9194f244178d39a439a0fb36773dd6db4f8bd08ede2,
~\workspaces\github.com\bengawith\paper\results\robust_v2\xfoil_candidates\ava_robust_optimum\shared_036\segments\004\polar.txt,.txt,497,60947e4502038317e64badcbb9e997588461dd90aef81608054ad865b882fabd,
~\workspaces\github.com\bengawith\paper\results\robust_v2\xfoil_candidates\ava_robust_optimum\shared_037\segments\000\polar.txt,.txt,1223,2a4bc136b9d669d5c7b30c1d6f2bf9eae4b32bf2b39d178098020582e0680def,
~\workspaces\github.com\bengawith\paper\results\robust_v2\xfoil_candidates\ava_robust_optimum\shared_037\segments\001\polar.txt,.txt,1223,4187cb88b3636861d4e2547984c10c7a3526636b95a2b36cf5fbe45c5237bf08,
~\workspaces\github.com\bengawith\paper\results\robust_v2\xfoil_candidates\ava_robust_optimum\shared_037\segments\002\polar.txt,.txt,1223,621f1414da60a0bb790c0334123d906ad02fb13206b0a8836949e24b45a2620b,
~\workspaces\github.com\bengawith\paper\results\robust_v2\xfoil_candidates\ava_robust_optimum\shared_037\segments\003\polar.txt,.txt,1091,fc4dddf15fb5e93a0701629607e79dc32a07855faf61d9fba7a9a5554ee11ce7,
~\workspaces\github.com\bengawith\paper\results\robust_v2\xfoil_candidates\ava_robust_optimum\shared_037\segments\004\polar.txt,.txt,497,f870a8c1ad467fb6fd98a8deb9fe81df65e2da27a58dac9b294f20959cd034bb,
~\workspaces\github.com\bengawith\paper\results\robust_v2\xfoil_candidates\ava_robust_optimum\shared_038\segments\000\polar.txt,.txt,1223,b6efd0c4ca6e99890232667e909fe698ee4605f9e27ce95da41ec6a86c2ba259,
~\workspaces\github.com\bengawith\paper\results\robust_v2\xfoil_candidates\ava_robust_optimum\shared_038\segments\001\polar.txt,.txt,1223,6b3085322232b39df4ab27bc6bc8f4acf6d571dc0aae8fc6c7b137a8639f74fe,
~\workspaces\github.com\bengawith\paper\results\robust_v2\xfoil_candidates\ava_robust_optimum\shared_038\segments\002\polar.txt,.txt,1223,671313dd41a19c627065eb8ccc56f10d393571b00a216694658ae67be1026483,
~\workspaces\github.com\bengawith\paper\results\robust_v2\xfoil_candidates\ava_robust_optimum\shared_038\segments\003\polar.txt,.txt,1223,2d458a08989f1ac26e49c951838a36f78a9240ef59c8e863ccf92d30f11c338b,
~\workspaces\github.com\bengawith\paper\results\robust_v2\xfoil_candidates\ava_robust_optimum\shared_038\segments\004\polar.txt,.txt,497,be88298642c070617280b90c39257378dfbc33a83b2410136ac14f5e5b299310,
~\workspaces\github.com\bengawith\paper\results\robust_v2\xfoil_candidates\ava_robust_optimum\shared_039\segments\000\polar.txt,.txt,1223,b78053739134afea7136e3e3429c7388f392d59472354edd7a8e66edd79db9c5,
~\workspaces\github.com\bengawith\paper\results\robust_v2\xfoil_candidates\ava_robust_optimum\shared_039\segments\001\polar.txt,.txt,1223,2daeb468daff1c4e8337ea7d5f3047db296761afba647f2ee7cbce0f288e1b76,
~\workspaces\github.com\bengawith\paper\results\robust_v2\xfoil_candidates\ava_robust_optimum\shared_039\segments\002\polar.txt,.txt,1157,2dcd31d5fb7bf0da48c2349dee27b086827a6bc4abfbee0fbdd1bb5f576ffa03,
~\workspaces\github.com\bengawith\paper\results\robust_v2\xfoil_candidates\ava_robust_optimum\shared_039\segments\003\polar.txt,.txt,1223,b20f8aeb19c8e631dcb19d6817098d026e8f8b01e62b6812483c46630ed837b1,
~\workspaces\github.com\bengawith\paper\results\robust_v2\xfoil_candidates\ava_robust_optimum\shared_039\segments\004\polar.txt,.txt,497,68e830fc3f5436ef5f368b604067949f07035c1829728116548ff48f871b1170,
~\workspaces\github.com\bengawith\paper\results\robust_v2\xfoil_candidates\ava_robust_optimum\shared_040\segments\000\polar.txt,.txt,827,71aceff3f0c773eedb5af213c745f71d4367f263652cb3c61159e5bb1d45ff8a,
~\workspaces\github.com\bengawith\paper\results\robust_v2\xfoil_candidates\ava_robust_optimum\shared_040\segments\001\polar.txt,.txt,1223,17296af946f72fcc2f03a626784b927bf5e110a455f8514add7cbe66bdc0cf35,
~\workspaces\github.com\bengawith\paper\results\robust_v2\xfoil_candidates\ava_robust_optimum\shared_040\segments\002\polar.txt,.txt,1223,1f3c3fc208ff9b437f51a073ff686f0039f9d9e3fbeeba01e68afde6f345f984,
~\workspaces\github.com\bengawith\paper\results\robust_v2\xfoil_candidates\ava_robust_optimum\shared_040\segments\003\polar.txt,.txt,761,a64e4abad38eaac7e393d91045c3f897137b48f9676974e841671c6d2857706d,
~\workspaces\github.com\bengawith\paper\results\robust_v2\xfoil_candidates\ava_robust_optimum\shared_040\segments\004\polar.txt,.txt,497,30b58196dc938b044f05d520da9e1148f70f6fc983d5e518d9d3fb8d19efb0f3,
~\workspaces\github.com\bengawith\paper\results\robust_v2\xfoil_candidates\ava_robust_optimum\shared_041\segments\000\polar.txt,.txt,1223,4d21696503a380af9fb9d1457bb2f2116174a3cfdcef3d3526efee821111667e,
~\workspaces\github.com\bengawith\paper\results\robust_v2\xfoil_candidates\ava_robust_optimum\shared_041\segments\001\polar.txt,.txt,1223,c2eb04f5becdc2038932f6ca00d1d6623cc9b3776b0e3336cf300217fd2c3717,
~\workspaces\github.com\bengawith\paper\results\robust_v2\xfoil_candidates\ava_robust_optimum\shared_041\segments\002\polar.txt,.txt,1091,848cbfb16602e6a3cb3896185d77055d8057828bcb0942ca79ef84d61f5d72b4,
~\workspaces\github.com\bengawith\paper\results\robust_v2\xfoil_candidates\ava_robust_optimum\shared_041\segments\003\polar.txt,.txt,1223,c693be6723bce945fbe644f3391215296f78b2762fed9827a46064d8774f1c97,
~\workspaces\github.com\bengawith\paper\results\robust_v2\xfoil_candidates\ava_robust_optimum\shared_041\segments\004\polar.txt,.txt,497,3aa2299fc6f05dfc1a86b54858ab4f7eedead072b9ed12b6043a9e4357f42cae,
~\workspaces\github.com\bengawith\paper\results\robust_v2\xfoil_candidates\ava_robust_optimum\shared_042\segments\000\polar.txt,.txt,1223,03d46cf706ab00609ee6c7460a67d0944fee6ab2ccf2c401a547a57d6525c00f,
~\workspaces\github.com\bengawith\paper\results\robust_v2\xfoil_candidates\ava_robust_optimum\shared_042\segments\001\polar.txt,.txt,1223,5b56dcb6c5ce314ae9d0872eb108c57af5eeb43bbdee80ca956667164c1b0172,
~\workspaces\github.com\bengawith\paper\results\robust_v2\xfoil_candidates\ava_robust_optimum\shared_042\segments\002\polar.txt,.txt,1091,40f336d005292dca0cabb473b13daff8ac35128990b056872e96282653bba156,
~\workspaces\github.com\bengawith\paper\results\robust_v2\xfoil_candidates\ava_robust_optimum\shared_042\segments\003\polar.txt,.txt,497,bb374d8aa17ff1d4efa01d016250216d786ad036355b4e40b7764feb88626c9b,
~\workspaces\github.com\bengawith\paper\results\robust_v2\xfoil_candidates\ava_robust_optimum\shared_042\segments\004\polar.txt,.txt,497,7d1dc4f9486f3a56cdc3c4c967607f8d5574fef2edfb0617c816d5b3a773a74e,
~\workspaces\github.com\bengawith\paper\results\robust_v2\xfoil_candidates\ava_robust_optimum\shared_043\segments\000\polar.txt,.txt,563,834b142b0a9f2fddd087ffaba4dabc924b9461a328ce048fba48d0bc1de46908,
~\workspaces\github.com\bengawith\paper\results\robust_v2\xfoil_candidates\ava_robust_optimum\shared_043\segments\001\polar.txt,.txt,1157,30f259530d8c422c5a868169c63991de1077df8b7c99fb090337fa9c847890df,
~\workspaces\github.com\bengawith\paper\results\robust_v2\xfoil_candidates\ava_robust_optimum\shared_043\segments\002\polar.txt,.txt,1223,8bdc8b45a9eabe0f0863309fa4b49a16f9e10d0c53decf9fa69c2fde73bfc38d,
~\workspaces\github.com\bengawith\paper\results\robust_v2\xfoil_candidates\ava_robust_optimum\shared_043\segments\003\polar.txt,.txt,1091,999695e4d88d49c3c3c9090c18c137b5366933deb56ab2fdd8927eca4ae71a4e,
~\workspaces\github.com\bengawith\paper\results\robust_v2\xfoil_candidates\ava_robust_optimum\shared_043\segments\004\polar.txt,.txt,497,04330e39a0e35d87489d29e6440012aff54acd23bc70a948ef473dbfecaa56dc,
~\workspaces\github.com\bengawith\paper\results\robust_v2\xfoil_candidates\ava_robust_optimum\shared_044\segments\000\polar.txt,.txt,1223,75bc93a3cb71d961d32d541672b00275dfb273c710ca2e02c88d839f90ef96a9,
~\workspaces\github.com\bengawith\paper\results\robust_v2\xfoil_candidates\ava_robust_optimum\shared_044\segments\001\polar.txt,.txt,1223,8a0eb5e528acf83ff5179bc1007f76177f0ee3ab28d48b07a946f33edd1aa2e4,
~\workspaces\github.com\bengawith\paper\results\robust_v2\xfoil_candidates\ava_robust_optimum\shared_044\segments\002\polar.txt,.txt,1223,71366c9e8186be3afa06d07d5d9318b6bc1fb626c2fa49771349726cccb9af88,
~\workspaces\github.com\bengawith\paper\results\robust_v2\xfoil_candidates\ava_robust_optimum\shared_044\segments\003\polar.txt,.txt,1091,5512e02bb4bb1c0a09b570ee344e9d2eff6a362d58b655ee90ce404782e2e8c2,
~\workspaces\github.com\bengawith\paper\results\robust_v2\xfoil_candidates\ava_robust_optimum\shared_044\segments\004\polar.txt,.txt,497,72d12120849b3e237d29f3d5979f721af8db0f6e2cb0b8f97ffc32914ab0e394,
~\workspaces\github.com\bengawith\paper\results\robust_v2\xfoil_candidates\ava_robust_optimum\shared_045\segments\000\polar.txt,.txt,893,06b43dc53d86e74616cb98bb996e140c4ec54fa408f3ee397436a7a2293a5ee3,
~\workspaces\github.com\bengawith\paper\results\robust_v2\xfoil_candidates\ava_robust_optimum\shared_045\segments\001\polar.txt,.txt,1091,90dec26a324a9c5d64ed8b84c2736f10cf6154e63eb67c199aca4905f181b96a,
~\workspaces\github.com\bengawith\paper\results\robust_v2\xfoil_candidates\ava_robust_optimum\shared_045\segments\002\polar.txt,.txt,1223,b63958998408f108f31ac5604a63621fa363db30ed3316f2df45136521483e53,
~\workspaces\github.com\bengawith\paper\results\robust_v2\xfoil_candidates\ava_robust_optimum\shared_045\segments\003\polar.txt,.txt,1223,c8253f1ed6274c61316c231e449113a71fde63a68f1b91db5631bb19ee43baa9,
~\workspaces\github.com\bengawith\paper\results\robust_v2\xfoil_candidates\ava_robust_optimum\shared_045\segments\004\polar.txt,.txt,497,89953a620a1983c4cdbad857ad38806d96b133e6bed9cb54c60fea8083ea0e80,
~\workspaces\github.com\bengawith\paper\results\robust_v2\xfoil_candidates\ava_robust_optimum\shared_046\segments\000\polar.txt,.txt,1091,448559198186d60384c8b756fc6e0462acf91248f4756bff997f0bbb5058428b,
~\workspaces\github.com\bengawith\paper\results\robust_v2\xfoil_candidates\ava_robust_optimum\shared_046\segments\001\polar.txt,.txt,1223,a7558135937b7700295c5197e5fdfaafdd7ba550d8966f81d796346733161cc6,
~\workspaces\github.com\bengawith\paper\results\robust_v2\xfoil_candidates\ava_robust_optimum\shared_046\segments\002\polar.txt,.txt,1157,a42c995ec43f7b0e189bdc15eae2767268b6cae21ab072217006e20636ba1dc2,
~\workspaces\github.com\bengawith\paper\results\robust_v2\xfoil_candidates\ava_robust_optimum\shared_046\segments\003\polar.txt,.txt,1223,a3403afdd751dbd98d19dfdd731027f6c95ff2131db9a7b99d34dc64df2808bc,
~\workspaces\github.com\bengawith\paper\results\robust_v2\xfoil_candidates\ava_robust_optimum\shared_046\segments\004\polar.txt,.txt,497,5ca5864b7602dfd31136fadf63a03543f05c1ae1e97f3d69a27c4720cc66d732,
~\workspaces\github.com\bengawith\paper\results\robust_v2\xfoil_candidates\ava_robust_optimum\shared_047\segments\000\polar.txt,.txt,1223,4e3418b54d387c3b3696e62f73c212d7beb81ddb6a95e0460bae76ad39712006,
~\workspaces\github.com\bengawith\paper\results\robust_v2\xfoil_candidates\ava_robust_optimum\shared_047\segments\001\polar.txt,.txt,1223,69068890102004dcf02a8e0211c40e028f3b13334dd88a90d18215b781cc550e,
~\workspaces\github.com\bengawith\paper\results\robust_v2\xfoil_candidates\ava_robust_optimum\shared_047\segments\002\polar.txt,.txt,1025,818fc5945d3cf7be6a0aabdd0d0eca5da722844b685594d91780ac62a4a897e0,
~\workspaces\github.com\bengawith\paper\results\robust_v2\xfoil_candidates\ava_robust_optimum\shared_047\segments\003\polar.txt,.txt,1223,3c7909b9b060ea2d0182c4e450005cd695318a5c46382193e6a9b2b3c23b6e43,
~\workspaces\github.com\bengawith\paper\results\robust_v2\xfoil_candidates\ava_robust_optimum\shared_047\segments\004\polar.txt,.txt,497,5f0df5c81c347cfb7590335cee2ccc8e78fbd19b73139b9de83041f563b1556a,
~\workspaces\github.com\bengawith\paper\results\robust_v2\xfoil_candidates\ava_robust_optimum\shared_048\segments\000\polar.txt,.txt,1223,b360f30f5b71ef3d9caa5543b3e6b8317ec2d5ac20f1faa1086a7208d85628eb,
~\workspaces\github.com\bengawith\paper\results\robust_v2\xfoil_candidates\ava_robust_optimum\shared_048\segments\001\polar.txt,.txt,1223,11b04fb58657c5dfa6e0048bd5a567ab867a535d305f7a8f9f716ded3a9b385b,
~\workspaces\github.com\bengawith\paper\results\robust_v2\xfoil_candidates\ava_robust_optimum\shared_048\segments\002\polar.txt,.txt,1223,4e7b3e805aca5d3d9d0817e35d2a7862739bd1b8a4f7f7449b0b3fd2af2e3600,
~\workspaces\github.com\bengawith\paper\results\robust_v2\xfoil_candidates\ava_robust_optimum\shared_048\segments\003\polar.txt,.txt,1223,0731812773b9e8be46c8e662bf8f604ddd85b870fc9f55cbaefca593557a8893,
~\workspaces\github.com\bengawith\paper\results\robust_v2\xfoil_candidates\ava_robust_optimum\shared_048\segments\004\polar.txt,.txt,497,b46ab95ae07733b564f8fbbb7d404383f66dbb2a935e5e07988d9e19e552e786,
~\workspaces\github.com\bengawith\paper\results\robust_v2\xfoil_candidates\ava_robust_optimum\shared_049\segments\000\polar.txt,.txt,1091,41aa6db8e854d0a1468cb0ba06dcd1f44a595784482137ed1ebd69114ce23c35,
~\workspaces\github.com\bengawith\paper\results\robust_v2\xfoil_candidates\ava_robust_optimum\shared_049\segments\001\polar.txt,.txt,1223,c01c5c4579ce0c95b5068a51ea325ac62843c2abcaccd1177ea5dc8a9ae18856,
~\workspaces\github.com\bengawith\paper\results\robust_v2\xfoil_candidates\ava_robust_optimum\shared_049\segments\002\polar.txt,.txt,1223,dfd15ba1f14061821f98056d15ec347bb32ed4ca6bf958bf11130fafb75afe1b,
~\workspaces\github.com\bengawith\paper\results\robust_v2\xfoil_candidates\ava_robust_optimum\shared_049\segments\003\polar.txt,.txt,1223,529fd747f649c1620295583b7125bffe479c5366e50b21c0371d8724e007a402,
~\workspaces\github.com\bengawith\paper\results\robust_v2\xfoil_candidates\ava_robust_optimum\shared_049\segments\004\polar.txt,.txt,497,4bb8fb388343a2ac946ea842d52a041734e3e0e8b8e870bc405f6c2614826208,
~\workspaces\github.com\bengawith\paper\results\robust_v2\xfoil_candidates\ava_robust_optimum\shared_050\segments\000\polar.txt,.txt,1223,212d8365039e39d87518506f7fdf67ccb5cb3a9f89625d755b456ffc119f3d02,
~\workspaces\github.com\bengawith\paper\results\robust_v2\xfoil_candidates\ava_robust_optimum\shared_050\segments\001\polar.txt,.txt,1223,15f99f2268d836d21b40b8e6c24ee71bb60b1270305cce5c1f32fd947e555b7e,
~\workspaces\github.com\bengawith\paper\results\robust_v2\xfoil_candidates\ava_robust_optimum\shared_050\segments\002\polar.txt,.txt,1025,92154b2e158115d52360790031a048619835a445db08c6497f08b370f2dabfd8,
~\workspaces\github.com\bengawith\paper\results\robust_v2\xfoil_candidates\ava_robust_optimum\shared_050\segments\003\polar.txt,.txt,1223,61989bd06720f5ed808aa772fa56b5a9fc2465d17816a00e65ad2f9e659b9401,
~\workspaces\github.com\bengawith\paper\results\robust_v2\xfoil_candidates\ava_robust_optimum\shared_050\segments\004\polar.txt,.txt,497,f4eac801300d01b6dc0a58927ae364de807beafbdcc8cb51a11b7d62b60b9e4a,
~\workspaces\github.com\bengawith\paper\results\robust_v2\xfoil_candidates\ava_robust_optimum\shared_051\segments\000\polar.txt,.txt,1223,2bd81cdeb581b22d0cf9f0303f7e26155fe8281c6a7e8c260918b6916a6d040c,
~\workspaces\github.com\bengawith\paper\results\robust_v2\xfoil_candidates\ava_robust_optimum\shared_051\segments\001\polar.txt,.txt,1223,1b3696f9bdf45104e436f41af93c2b4c36283c29837876778c1a0d9c4fc2c63f,
~\workspaces\github.com\bengawith\paper\results\robust_v2\xfoil_candidates\ava_robust_optimum\shared_051\segments\002\polar.txt,.txt,1223,f2ccfc950d91b938d9684fd42382ef477d676425057018ec86391d37b831d9e1,
~\workspaces\github.com\bengawith\paper\results\robust_v2\xfoil_candidates\ava_robust_optimum\shared_051\segments\003\polar.txt,.txt,1025,652d361481edbb9dcb82c85da384afae0d3036ebc4973c02e04603630e4296f0,
~\workspaces\github.com\bengawith\paper\results\robust_v2\xfoil_candidates\ava_robust_optimum\shared_051\segments\004\polar.txt,.txt,497,ebd7039e84d20a616bb06c8aa9a97f59d67267b39699a752b489ae67f3b3cc4c,
~\workspaces\github.com\bengawith\paper\results\robust_v2\xfoil_candidates\ava_robust_optimum\shared_052\segments\000\polar.txt,.txt,431,410be3498683d4d8cbbdfc8debd60f12cdc14289ff0d20fe92ae06178e6b542a,
~\workspaces\github.com\bengawith\paper\results\robust_v2\xfoil_candidates\ava_robust_optimum\shared_052\segments\001\polar.txt,.txt,1223,0284b8c1c069e1cc1f7db82c1491e6361de2cfc7530487462be3edcdf3094a3f,
~\workspaces\github.com\bengawith\paper\results\robust_v2\xfoil_candidates\ava_robust_optimum\shared_052\segments\002\polar.txt,.txt,1223,90734fc3d348174927485da608d146603e6c80d145956e9616134d95172eed29,
~\workspaces\github.com\bengawith\paper\results\robust_v2\xfoil_candidates\ava_robust_optimum\shared_052\segments\003\polar.txt,.txt,1091,4f3fb6368f2767d30fef3621ae94621f5376d5388b8af6d94dcfbde057a27b19,
~\workspaces\github.com\bengawith\paper\results\robust_v2\xfoil_candidates\ava_robust_optimum\shared_052\segments\004\polar.txt,.txt,497,a9ea73f05c33116231880922e651854e83361df60868fc5be28f84f60c9ac136,
~\workspaces\github.com\bengawith\paper\results\robust_v2\xfoil_candidates\ava_robust_optimum\shared_053\segments\000\polar.txt,.txt,1223,bff15b6a3d4cca5fd37ca15c6e91d5a3e3a00bb58a2483747955bae9278e1e29,
~\workspaces\github.com\bengawith\paper\results\robust_v2\xfoil_candidates\ava_robust_optimum\shared_053\segments\001\polar.txt,.txt,1223,8a8f7bf2245789b43837a642f44872d591ecd2705bf09007618ef049119a809d,
~\workspaces\github.com\bengawith\paper\results\robust_v2\xfoil_candidates\ava_robust_optimum\shared_053\segments\002\polar.txt,.txt,1223,845b5248f940daecf72e837a93cee863825ab47f15d9d9821ea22808b69d106b,
~\workspaces\github.com\bengawith\paper\results\robust_v2\xfoil_candidates\ava_robust_optimum\shared_053\segments\003\polar.txt,.txt,1157,8e90214e5eb5b4309b06eb461b6a66215ecae83f49f6206458252bc9644dbe19,
~\workspaces\github.com\bengawith\paper\results\robust_v2\xfoil_candidates\ava_robust_optimum\shared_053\segments\004\polar.txt,.txt,431,4abd6d275438e339c263a2a06c23b4d5c056b4390e23ef127177b2b615b2296d,
~\workspaces\github.com\bengawith\paper\results\robust_v2\xfoil_candidates\ava_robust_optimum\shared_054\segments\000\polar.txt,.txt,1223,e74757565177cc7b07b47d0ffcaadaf59e6c3f87485322e077030762a1a7669c,
~\workspaces\github.com\bengawith\paper\results\robust_v2\xfoil_candidates\ava_robust_optimum\shared_054\segments\001\polar.txt,.txt,1223,90aeffe362beec0c21464d06d1e255c84c5c8bcc4e9ee2f51ad5d50040756bad,
~\workspaces\github.com\bengawith\paper\results\robust_v2\xfoil_candidates\ava_robust_optimum\shared_054\segments\002\polar.txt,.txt,1223,2e92bba92eb251ed719f8afae7b0cc2721e29817d4dada7f7abaf48e3e1f2619,
~\workspaces\github.com\bengawith\paper\results\robust_v2\xfoil_candidates\ava_robust_optimum\shared_054\segments\003\polar.txt,.txt,1223,3f1a7aac6d876e2e2ad4c34b4be8c815269c3bd88aea49d80c10ba9485063cb3,
~\workspaces\github.com\bengawith\paper\results\robust_v2\xfoil_candidates\ava_robust_optimum\shared_054\segments\004\polar.txt,.txt,497,bf870e2bd69b63d4035bf72d5c800eae49fc741f68529c3c2307c67847129ad6,
~\workspaces\github.com\bengawith\paper\results\robust_v2\xfoil_candidates\ava_robust_optimum\shared_055\segments\000\polar.txt,.txt,1223,8ab63f6b8b3a17eb25c01aef944bd1573cdbf76c5ac703b64c6c1e81b4422424,
~\workspaces\github.com\bengawith\paper\results\robust_v2\xfoil_candidates\ava_robust_optimum\shared_055\segments\001\polar.txt,.txt,1223,7fb3d193e503ad339b042c815cc50a75195c3ca6158af120271e70a5f33eeb95,
~\workspaces\github.com\bengawith\paper\results\robust_v2\xfoil_candidates\ava_robust_optimum\shared_055\segments\002\polar.txt,.txt,1223,2a2cc33b7a4b4a960c81dfb3bad812a14e12f0fca7a6ab00945d4ef9a0e39979,
~\workspaces\github.com\bengawith\paper\results\robust_v2\xfoil_candidates\ava_robust_optimum\shared_055\segments\003\polar.txt,.txt,1091,b596f51510813766fdcf2c6631b133c0c56afe1b2ee8dde55760d5435ab24387,
~\workspaces\github.com\bengawith\paper\results\robust_v2\xfoil_candidates\ava_robust_optimum\shared_055\segments\004\polar.txt,.txt,497,8d57154b09357b6b96d75a5f47495f6e071331276af3a9ae31e63ecebde76b28,
~\workspaces\github.com\bengawith\paper\results\robust_v2\xfoil_candidates\ava_robust_optimum\shared_056\segments\000\polar.txt,.txt,893,a347cc4f54dbaf60caa8e3803ee34c3a5961d04c29a0a759b7cb07b554aacd90,
~\workspaces\github.com\bengawith\paper\results\robust_v2\xfoil_candidates\ava_robust_optimum\shared_056\segments\001\polar.txt,.txt,1223,1745b6a0203d49f87b070ba2d01ac84d02a4e744427bc7136a58552dab58eec4,
~\workspaces\github.com\bengawith\paper\results\robust_v2\xfoil_candidates\ava_robust_optimum\shared_056\segments\002\polar.txt,.txt,1223,d99af8269d92d296eebd0b07135dded2736203db76537f320bc92d9d323c7b6e,
~\workspaces\github.com\bengawith\paper\results\robust_v2\xfoil_candidates\ava_robust_optimum\shared_056\segments\003\polar.txt,.txt,1223,776b7f61a0690e49cb3728e04f7aed27434ba3a90e90855147c97905a71daa07,
~\workspaces\github.com\bengawith\paper\results\robust_v2\xfoil_candidates\ava_robust_optimum\shared_056\segments\004\polar.txt,.txt,497,cfa235807c4f480146769dcc9694b58e94224c5514e8f0c4467c99bc922d7a47,
~\workspaces\github.com\bengawith\paper\results\robust_v2\xfoil_candidates\ava_robust_optimum\shared_057\segments\000\polar.txt,.txt,1223,a4f9ac68d69a71fdccf2dd07329a822611a7912eb5e3f73b4b37e08d8658e963,
~\workspaces\github.com\bengawith\paper\results\robust_v2\xfoil_candidates\ava_robust_optimum\shared_057\segments\001\polar.txt,.txt,1223,d091e18e985ff885926232b5c158fe24bec37aae01bb76c529b20897fb19af11,
~\workspaces\github.com\bengawith\paper\results\robust_v2\xfoil_candidates\ava_robust_optimum\shared_057\segments\002\polar.txt,.txt,1157,80b004b23ddc7e548d7e0cd81ac68f5946f74bb310fb4a953d4ee7dae2848cd6,
~\workspaces\github.com\bengawith\paper\results\robust_v2\xfoil_candidates\ava_robust_optimum\shared_057\segments\003\polar.txt,.txt,1223,6ddef59c3b819f48eaa8ff80d811ab90848de5c79f9d3f6c5314e37ebdce10ea,
~\workspaces\github.com\bengawith\paper\results\robust_v2\xfoil_candidates\ava_robust_optimum\shared_057\segments\004\polar.txt,.txt,497,1851fea4f96e74656503458d64d2e62e43bbbb0c486b144debb81f0f16a02041,
~\workspaces\github.com\bengawith\paper\results\robust_v2\xfoil_candidates\ava_robust_optimum\shared_058\segments\000\polar.txt,.txt,1223,5e6a135e52115a0f2e5c09b0dc7281c5e9b2c80a81096e4166702cf1a965e821,
~\workspaces\github.com\bengawith\paper\results\robust_v2\xfoil_candidates\ava_robust_optimum\shared_058\segments\001\polar.txt,.txt,1223,e09295cad2d5a2f6c50c21224670ffaf25aca26cce9e5a3aeb7a380b200fd7bd,
~\workspaces\github.com\bengawith\paper\results\robust_v2\xfoil_candidates\ava_robust_optimum\shared_058\segments\002\polar.txt,.txt,1223,737106030b5c39daece81b6a3fd6505749639d8f963e76d98a7876a80fc176d4,
~\workspaces\github.com\bengawith\paper\results\robust_v2\xfoil_candidates\ava_robust_optimum\shared_058\segments\003\polar.txt,.txt,1157,af98765e90ea73067925fba62a2a872176d086e775fe01ec27608a94cf39fab0,
~\workspaces\github.com\bengawith\paper\results\robust_v2\xfoil_candidates\ava_robust_optimum\shared_058\segments\004\polar.txt,.txt,497,3211dbaa406fce4751251d4a905cbe3af1d031130bb4b1cbcdb0cb14d50f005a,
~\workspaces\github.com\bengawith\paper\results\robust_v2\xfoil_candidates\ava_robust_optimum\shared_059\segments\000\polar.txt,.txt,959,a54c5463688765793893a50be20cb76f6bb864c61fb98172d0ac16fe2da6e618,
~\workspaces\github.com\bengawith\paper\results\robust_v2\xfoil_candidates\ava_robust_optimum\shared_059\segments\001\polar.txt,.txt,1223,c13e450297b1778920dd4fd88c115fa886d0eca41b3616a3ff2d64b5884a8aa6,
~\workspaces\github.com\bengawith\paper\results\robust_v2\xfoil_candidates\ava_robust_optimum\shared_059\segments\002\polar.txt,.txt,1223,2c001dae75e4176076c77e1585583f8d7db9dd129a94d55223f38ab9c828c4ce,
~\workspaces\github.com\bengawith\paper\results\robust_v2\xfoil_candidates\ava_robust_optimum\shared_059\segments\003\polar.txt,.txt,629,7e730e1ccd16c2e8af2c7e7e4a38a47880f7a9ff8a1b399be632267a19061576,
~\workspaces\github.com\bengawith\paper\results\robust_v2\xfoil_candidates\ava_robust_optimum\shared_059\segments\004\polar.txt,.txt,497,2df8f2e047309b1ab645271b6bd8dd43abd461f5266cfd8c14e39b470a5ec7c3,
~\workspaces\github.com\bengawith\paper\results\robust_v2\xfoil_candidates\ava_robust_optimum\shared_060\segments\000\polar.txt,.txt,1157,31b5855c9b3ccc16d7640cd00c8a8bf62881845207f175ba32de82071450cf4c,
~\workspaces\github.com\bengawith\paper\results\robust_v2\xfoil_candidates\ava_robust_optimum\shared_060\segments\001\polar.txt,.txt,1223,fb5af11dccd3220a091c56cd5d377b0e11d65b1d701b887c73d91acc64c2f69a,
~\workspaces\github.com\bengawith\paper\results\robust_v2\xfoil_candidates\ava_robust_optimum\shared_060\segments\002\polar.txt,.txt,1223,062ad24fbc9237288981c6b6af77a080a517aac1e1e8ce67edc48dae6b2dfa04,
~\workspaces\github.com\bengawith\paper\results\robust_v2\xfoil_candidates\ava_robust_optimum\shared_060\segments\003\polar.txt,.txt,1223,53db4000e1e49e3f54f514ec1a99e233fe97924d9cdf3686d51f0771805562e8,
~\workspaces\github.com\bengawith\paper\results\robust_v2\xfoil_candidates\ava_robust_optimum\shared_060\segments\004\polar.txt,.txt,497,1368dfa6b2d9354a728139cd9a1dcdc9cd7304c2ecd7c7c31396c948fd7f33c9,
~\workspaces\github.com\bengawith\paper\results\robust_v2\xfoil_candidates\ava_robust_optimum\shared_061\segments\000\polar.txt,.txt,959,fbb15015988b8a76650a62a229dd8eb2d9dff93490c1446067d5ec5833653708,
~\workspaces\github.com\bengawith\paper\results\robust_v2\xfoil_candidates\ava_robust_optimum\shared_061\segments\001\polar.txt,.txt,1223,9808de85f38a294822d69998eab41ae99102baed98fb85454bdc70c370218bc3,
~\workspaces\github.com\bengawith\paper\results\robust_v2\xfoil_candidates\ava_robust_optimum\shared_061\segments\002\polar.txt,.txt,1223,191480a9007f0a1d06af1e1b612008511092b6a66ea20763fe0572e7fa5c39fb,
~\workspaces\github.com\bengawith\paper\results\robust_v2\xfoil_candidates\ava_robust_optimum\shared_061\segments\003\polar.txt,.txt,695,541aef62286778db6d8e810ff5a249453c04c6cab2a8306c61693838b510657b,
~\workspaces\github.com\bengawith\paper\results\robust_v2\xfoil_candidates\ava_robust_optimum\shared_061\segments\004\polar.txt,.txt,497,eca8377e01d36f6eb087bcd92a1b34c64bd62c1c55bbc7ec86bc870d64540f72,
~\workspaces\github.com\bengawith\paper\results\robust_v2\xfoil_candidates\ava_robust_optimum\shared_062\segments\000\polar.txt,.txt,1025,db1c1fe882313f8be2daf371b7b773cb7f9947179bfde58c68df3cb906c08ff6,
~\workspaces\github.com\bengawith\paper\results\robust_v2\xfoil_candidates\ava_robust_optimum\shared_062\segments\001\polar.txt,.txt,1223,b72dfacda7d29b7e8e34e53d7d7ecaf379dc518be1ce88790660599cdcd10778,
~\workspaces\github.com\bengawith\paper\results\robust_v2\xfoil_candidates\ava_robust_optimum\shared_062\segments\002\polar.txt,.txt,1223,bfd3725f257f9f80d2b38b3b4b20f61b7ede89773f18c208e6405873cf20f43c,
~\workspaces\github.com\bengawith\paper\results\robust_v2\xfoil_candidates\ava_robust_optimum\shared_062\segments\003\polar.txt,.txt,1025,e00119f982a3229bfcc6436364f5edfab60a67c8a5e0db853f3f045b6ea736fe,
~\workspaces\github.com\bengawith\paper\results\robust_v2\xfoil_candidates\ava_robust_optimum\shared_062\segments\004\polar.txt,.txt,497,0709693db74f0f289a746ffad30b188acb227d3a3c9a95bfe5fea0bfa5c8e640,
~\workspaces\github.com\bengawith\paper\results\robust_v2\xfoil_candidates\ava_robust_optimum\shared_063\segments\000\polar.txt,.txt,1223,111305dae3def8d488ab0bb0be90367bbe99916bbb9f6c757e668ea44e3e57ff,
~\workspaces\github.com\bengawith\paper\results\robust_v2\xfoil_candidates\ava_robust_optimum\shared_063\segments\001\polar.txt,.txt,1223,133266579d98e29c4b2b5420c441fdf7234105b18f6618778b5125a1fd526838,
~\workspaces\github.com\bengawith\paper\results\robust_v2\xfoil_candidates\ava_robust_optimum\shared_063\segments\002\polar.txt,.txt,1223,12013289864896f34d6d2684e8706a7d1defe16fe1781693a5684870b7789ab5,
~\workspaces\github.com\bengawith\paper\results\robust_v2\xfoil_candidates\ava_robust_optimum\shared_063\segments\003\polar.txt,.txt,1223,37e215328353464dfdbbb2b357a3ee2a8a7a373ee86de4968ed1fa9c7986e383,
~\workspaces\github.com\bengawith\paper\results\robust_v2\xfoil_candidates\ava_robust_optimum\shared_063\segments\004\polar.txt,.txt,497,36ac712ae94eb5b7b6082744ee5fb8390d2b3401d5d1101511749bf6d3429f49,
~\workspaces\github.com\bengawith\paper\results\robust_v2\xfoil_candidates\deterministic_optimum\adverse_tail_052\segments\000\polar.txt,.txt,1223,b96c56028f10ac6f9a2615cc58802778b8196d9ec8b50275bbe69611a703bbb3,
~\workspaces\github.com\bengawith\paper\results\robust_v2\xfoil_candidates\deterministic_optimum\adverse_tail_052\segments\001\polar.txt,.txt,1223,8baf87fbbb5e43c215d14eead38a99757c5bf6f63308f0d1c31202ba56a69666,
~\workspaces\github.com\bengawith\paper\results\robust_v2\xfoil_candidates\deterministic_optimum\adverse_tail_052\segments\002\polar.txt,.txt,827,a2c368f8b84b9350066dc4b439c64dcd8f625f403128cde9f3094d8fa6e661f8,
~\workspaces\github.com\bengawith\paper\results\robust_v2\xfoil_candidates\deterministic_optimum\adverse_tail_052\segments\003\polar.txt,.txt,431,91cf9562cc3a176bdd8f7715424f3395eb13a4acb02cfbe3851472fa8a70e6fd,
~\workspaces\github.com\bengawith\paper\results\robust_v2\xfoil_candidates\deterministic_optimum\adverse_tail_052\segments\004\polar.txt,.txt,431,91cf9562cc3a176bdd8f7715424f3395eb13a4acb02cfbe3851472fa8a70e6fd,
~\workspaces\github.com\bengawith\paper\results\robust_v2\xfoil_candidates\deterministic_optimum\adverse_tail_063\segments\000\polar.txt,.txt,1157,cc01695899f6d8200f4e7d8addec3b3a3eacc4a02f4a7e38f6fd4df34924e8dc,
~\workspaces\github.com\bengawith\paper\results\robust_v2\xfoil_candidates\deterministic_optimum\adverse_tail_063\segments\001\polar.txt,.txt,1157,21bf5cc2fd1f02cfe38c1f4c8e8aa25c9154a7c2e005705b064b2fdee48f7836,
~\workspaces\github.com\bengawith\paper\results\robust_v2\xfoil_candidates\deterministic_optimum\adverse_tail_063\segments\002\polar.txt,.txt,1223,b6e6533fd0b8f0a6fac6ba89c051cc5f8996cab64392176bc43378526718cfa6,
~\workspaces\github.com\bengawith\paper\results\robust_v2\xfoil_candidates\deterministic_optimum\adverse_tail_063\segments\003\polar.txt,.txt,959,b4bca7291ca0e12ae24c92ba234426fb3c18342da19ef048cda91613c6fd84d1,
~\workspaces\github.com\bengawith\paper\results\robust_v2\xfoil_candidates\deterministic_optimum\adverse_tail_063\segments\004\polar.txt,.txt,431,3a806760ccd1fc191aacce77588b632b0f34a240ae0dfbc2fed0e5ce43921045,
~\workspaces\github.com\bengawith\paper\results\robust_v2\xfoil_candidates\deterministic_optimum\nominal\segments\000\polar.txt,.txt,1223,d0b8dd95a36dd07db9dcbec3f0de969722be17992cabeefe3d4955730c9fd28f,
~\workspaces\github.com\bengawith\paper\results\robust_v2\xfoil_candidates\deterministic_optimum\nominal\segments\001\polar.txt,.txt,1157,1d8719105f389794b8041382d7f2d142fb796e8fb2d23811509d5dbbdcf8aad8,
~\workspaces\github.com\bengawith\paper\results\robust_v2\xfoil_candidates\deterministic_optimum\nominal\segments\002\polar.txt,.txt,1223,b01af1f27560ec0304d6899aefee658b728a2064a19e94fd717fb0d280e43e5d,
~\workspaces\github.com\bengawith\paper\results\robust_v2\xfoil_candidates\deterministic_optimum\nominal\segments\003\polar.txt,.txt,1223,fc86ef49b3a0df949e68360ab33461077d4863a1e56ca4dcf5735a7c6a7a0809,
~\workspaces\github.com\bengawith\paper\results\robust_v2\xfoil_candidates\deterministic_optimum\nominal\segments\004\polar.txt,.txt,497,eb9ebe775d3e9121040bbfe07a653ae17fc2aa3813d4c15f413797d0b17602dc,
~\workspaces\github.com\bengawith\paper\results\robust_v2\xfoil_candidates\deterministic_optimum\shared_000\segments\000\polar.txt,.txt,1157,1792053f8c9a649449dd6f30a369ada9857010388d1312f9101ea003471ad183,
~\workspaces\github.com\bengawith\paper\results\robust_v2\xfoil_candidates\deterministic_optimum\shared_000\segments\001\polar.txt,.txt,893,65ed5a13d095e8e2432e4357b326508cdb4e7b138b29df3f36b9ec222e74ef83,
~\workspaces\github.com\bengawith\paper\results\robust_v2\xfoil_candidates\deterministic_optimum\shared_000\segments\002\polar.txt,.txt,1025,870c7d55624f38df94aacd688e1daa73e148d89f434249ea96e44241666425b5,
~\workspaces\github.com\bengawith\paper\results\robust_v2\xfoil_candidates\deterministic_optimum\shared_000\segments\003\polar.txt,.txt,1223,3ce6b99d86a3e3ff3fa378750b305888306e8397a3e93db8fef4a50b1039c179,
~\workspaces\github.com\bengawith\paper\results\robust_v2\xfoil_candidates\deterministic_optimum\shared_000\segments\004\polar.txt,.txt,497,3a733cff9d9d500212316a0cdc9e7fd9a4a1f2ce8b2fc04331fbbbb989bf60b3,
~\workspaces\github.com\bengawith\paper\results\robust_v2\xfoil_candidates\deterministic_optimum\shared_001\segments\000\polar.txt,.txt,1223,115c54b928fa0eca9fe14872b5204c1fd183acd43013133cc1c05aee46d630f3,
~\workspaces\github.com\bengawith\paper\results\robust_v2\xfoil_candidates\deterministic_optimum\shared_001\segments\001\polar.txt,.txt,1223,18312568393347399080387cffa2c041a93f780d5db02225d6cc2c6cae581696,
~\workspaces\github.com\bengawith\paper\results\robust_v2\xfoil_candidates\deterministic_optimum\shared_001\segments\002\polar.txt,.txt,1223,c654179f0747ef9f4b64ce3ba3502b4bd642b717b3e7339c45372826cf25a3a4,
~\workspaces\github.com\bengawith\paper\results\robust_v2\xfoil_candidates\deterministic_optimum\shared_001\segments\003\polar.txt,.txt,629,8c8c239928037a864455a77b36a22b884eb2a4a005f22b62bc3a6d690937dab0,
~\workspaces\github.com\bengawith\paper\results\robust_v2\xfoil_candidates\deterministic_optimum\shared_001\segments\004\polar.txt,.txt,431,dfbbf29ad43debeeefd39a03d6a64d0adb311e7af9708602c7693d9d01b8336d,
~\workspaces\github.com\bengawith\paper\results\robust_v2\xfoil_candidates\deterministic_optimum\shared_002\segments\000\polar.txt,.txt,1223,87a069f32ddb22039f3dbd5a1fd2e6bb577e1c7145155216908f145a7313ae2b,
~\workspaces\github.com\bengawith\paper\results\robust_v2\xfoil_candidates\deterministic_optimum\shared_002\segments\001\polar.txt,.txt,1223,b1e00c12d77733171210652a4175d1161be4137d07e42c34ec32b381994c9e8e,
~\workspaces\github.com\bengawith\paper\results\robust_v2\xfoil_candidates\deterministic_optimum\shared_002\segments\002\polar.txt,.txt,1223,e62241f271994086788c09df774ade0c784a8aaafd1b08189ad33cf7a6708b64,
~\workspaces\github.com\bengawith\paper\results\robust_v2\xfoil_candidates\deterministic_optimum\shared_002\segments\003\polar.txt,.txt,1157,88b04d3277da0c798638aeda5daa737fac2db8617b831a9eedcbda3b0c6d9a7e,
~\workspaces\github.com\bengawith\paper\results\robust_v2\xfoil_candidates\deterministic_optimum\shared_002\segments\004\polar.txt,.txt,431,b669759f8045e4d0553525c5737295ba85c1c13aebe1239d1bb34c1de141eea2,
~\workspaces\github.com\bengawith\paper\results\robust_v2\xfoil_candidates\deterministic_optimum\shared_003\segments\000\polar.txt,.txt,1223,6c18d71627554ee0c2b91e556a8bff01665ae69a5d894950b1646bfbc62f551f,
~\workspaces\github.com\bengawith\paper\results\robust_v2\xfoil_candidates\deterministic_optimum\shared_003\segments\001\polar.txt,.txt,1025,4af9bbee2160ec0a811fd3278e94e70418d9b06694026711a7c3aba4ac392bb5,
~\workspaces\github.com\bengawith\paper\results\robust_v2\xfoil_candidates\deterministic_optimum\shared_003\segments\002\polar.txt,.txt,1223,e368f2291a66189d849d409061da2763e39764c092d4630b331d80729eb22f7c,
~\workspaces\github.com\bengawith\paper\results\robust_v2\xfoil_candidates\deterministic_optimum\shared_003\segments\003\polar.txt,.txt,1223,2df93cbe5669b483a191b89464391bb542be842682c1c5ccd34a73682631359b,
~\workspaces\github.com\bengawith\paper\results\robust_v2\xfoil_candidates\deterministic_optimum\shared_003\segments\004\polar.txt,.txt,431,202a2c54cfb6ddcf29fc59506b9267fc3980b49a3577b42de770801ef962c978,
~\workspaces\github.com\bengawith\paper\results\robust_v2\xfoil_candidates\deterministic_optimum\shared_004\segments\000\polar.txt,.txt,1223,dcfa1246505ab990b0b745e1386c4b0ff2348f0784b2c6aa11501e523a3edd29,
~\workspaces\github.com\bengawith\paper\results\robust_v2\xfoil_candidates\deterministic_optimum\shared_004\segments\001\polar.txt,.txt,1223,101cadaaed34db65f6df1cf40457a598387218e541f1ecf3c1539910ede4147e,
~\workspaces\github.com\bengawith\paper\results\robust_v2\xfoil_candidates\deterministic_optimum\shared_004\segments\002\polar.txt,.txt,1223,534e7e0c3683914600168fc84c50aa01a7d1e074c8dda7361fa8f72c18cc0a55,
~\workspaces\github.com\bengawith\paper\results\robust_v2\xfoil_candidates\deterministic_optimum\shared_004\segments\003\polar.txt,.txt,1223,dab7bbf5f95b2631e3096ac8d1e73d21e0aeb558ab5e8db32e85cc385799f309,
~\workspaces\github.com\bengawith\paper\results\robust_v2\xfoil_candidates\deterministic_optimum\shared_004\segments\004\polar.txt,.txt,497,9277609a81fa6ac6157bb24e9c540a87e078ff49ecdd6b8217e40c790d8b1aa2,
~\workspaces\github.com\bengawith\paper\results\robust_v2\xfoil_candidates\deterministic_optimum\shared_005\segments\000\polar.txt,.txt,1223,37c0a0cfb9c258b10fe397118a4123b2a82fb85339fb886aa67cac6539f64b9d,
~\workspaces\github.com\bengawith\paper\results\robust_v2\xfoil_candidates\deterministic_optimum\shared_005\segments\001\polar.txt,.txt,1091,9032ca13d7ac1f7d4b18d16443a519ea022232b9069c419fbfe3f5ddb13f433f,
~\workspaces\github.com\bengawith\paper\results\robust_v2\xfoil_candidates\deterministic_optimum\shared_005\segments\002\polar.txt,.txt,1157,404ea853e00e2e48c31290a661eaf83ac017d25eea147d1c5ed5c48866b6a32c,
~\workspaces\github.com\bengawith\paper\results\robust_v2\xfoil_candidates\deterministic_optimum\shared_005\segments\003\polar.txt,.txt,959,be91058471e596077e82877d901b3f48b3e8282aa38b2a71f9d5c81be411d00b,
~\workspaces\github.com\bengawith\paper\results\robust_v2\xfoil_candidates\deterministic_optimum\shared_005\segments\004\polar.txt,.txt,431,1287bfb89b42b815ee6954c315f417df4df3c335ae19ddbc84b2b0aa0618b337,
~\workspaces\github.com\bengawith\paper\results\robust_v2\xfoil_candidates\deterministic_optimum\shared_006\segments\000\polar.txt,.txt,1223,813b6a4f43432ea0855c9ac2058103df8aef0bf0b59843d6e4a5fdfd316727b1,
~\workspaces\github.com\bengawith\paper\results\robust_v2\xfoil_candidates\deterministic_optimum\shared_006\segments\001\polar.txt,.txt,1223,c719713d930d60b9f40624fac579f0fa3933d4ece74de4799b8bc0498b3613b3,
~\workspaces\github.com\bengawith\paper\results\robust_v2\xfoil_candidates\deterministic_optimum\shared_006\segments\002\polar.txt,.txt,959,18cd242c35d3db66db9f3600fe8538aa407e4ace18a5112798d248e26b5e5437,
~\workspaces\github.com\bengawith\paper\results\robust_v2\xfoil_candidates\deterministic_optimum\shared_006\segments\003\polar.txt,.txt,431,270389821fb1c205a5a02a3256707b6831d97ad1006d5bd2fe05e280bae96a53,
~\workspaces\github.com\bengawith\paper\results\robust_v2\xfoil_candidates\deterministic_optimum\shared_006\segments\004\polar.txt,.txt,431,270389821fb1c205a5a02a3256707b6831d97ad1006d5bd2fe05e280bae96a53,
~\workspaces\github.com\bengawith\paper\results\robust_v2\xfoil_candidates\deterministic_optimum\shared_007\segments\000\polar.txt,.txt,1223,06ab548460fdf85ce471a1234b6cda005cc46848fddbf7fd41860aeb58b80f55,
~\workspaces\github.com\bengawith\paper\results\robust_v2\xfoil_candidates\deterministic_optimum\shared_007\segments\001\polar.txt,.txt,1223,f92c6290410790cc34c6210577c35b457adb0f381349af16604fd1fc4a93b403,
~\workspaces\github.com\bengawith\paper\results\robust_v2\xfoil_candidates\deterministic_optimum\shared_007\segments\002\polar.txt,.txt,1223,f478fac60ef520eee6b33c76deb9eca2dc39959fc5a90c259728240e5f0260c6,
~\workspaces\github.com\bengawith\paper\results\robust_v2\xfoil_candidates\deterministic_optimum\shared_007\segments\003\polar.txt,.txt,1223,2e82b7fc8a3e645f3133ac9e069286c8e8da5b1a479871bf05b37c53ef1cc049,
~\workspaces\github.com\bengawith\paper\results\robust_v2\xfoil_candidates\deterministic_optimum\shared_007\segments\004\polar.txt,.txt,497,b3449d86665ee4f5f6ca1b485c802d95f488d732bf3cec40fe9208ce67a8c511,
~\workspaces\github.com\bengawith\paper\results\robust_v2\xfoil_candidates\deterministic_optimum\shared_008\segments\000\polar.txt,.txt,1223,64bbce9df867adabea1eaa86eebf55251ed347975be35ce9d68c94c9523741fd,
~\workspaces\github.com\bengawith\paper\results\robust_v2\xfoil_candidates\deterministic_optimum\shared_008\segments\001\polar.txt,.txt,1157,aaf66f361bbaacd53f70b1a138120b9057f84fdcf08e305eab4c0eec5bb43495,
~\workspaces\github.com\bengawith\paper\results\robust_v2\xfoil_candidates\deterministic_optimum\shared_008\segments\002\polar.txt,.txt,1223,ec8eb812778cb7226f0ce0be8c8eb917f2e65972da5623ac107e0f3e388730e0,
~\workspaces\github.com\bengawith\paper\results\robust_v2\xfoil_candidates\deterministic_optimum\shared_008\segments\003\polar.txt,.txt,1223,fdc9d318370010c3f13839e81786e10ceb2b4397d40980c36e6dcc0b736be818,
~\workspaces\github.com\bengawith\paper\results\robust_v2\xfoil_candidates\deterministic_optimum\shared_008\segments\004\polar.txt,.txt,497,27279d6f356914d628120be908df8d20fcfd38b360beb0e3dcefa103dc9b4368,
~\workspaces\github.com\bengawith\paper\results\robust_v2\xfoil_candidates\deterministic_optimum\shared_009\segments\000\polar.txt,.txt,1223,58e8a456a6e66a669db81b72f24cb123009a207bc18fa61d27c6ddc77293b8ad,
~\workspaces\github.com\bengawith\paper\results\robust_v2\xfoil_candidates\deterministic_optimum\shared_009\segments\001\polar.txt,.txt,1223,5d8f44838701b7c6971b8990d69bd86ab5c9e74942d6015ab05da8e2915adc92,
~\workspaces\github.com\bengawith\paper\results\robust_v2\xfoil_candidates\deterministic_optimum\shared_009\segments\002\polar.txt,.txt,1223,fa1e6fbe1d0121fd6d849572bff57f7b11f8f1dc79add15cd729e4fbf5fbb765,
~\workspaces\github.com\bengawith\paper\results\robust_v2\xfoil_candidates\deterministic_optimum\shared_009\segments\003\polar.txt,.txt,431,ff1cda3e33e3e3f35cc90ae2a3692fa117377f8121e21e9cde7e8d21bd646a78,
~\workspaces\github.com\bengawith\paper\results\robust_v2\xfoil_candidates\deterministic_optimum\shared_009\segments\004\polar.txt,.txt,431,ff1cda3e33e3e3f35cc90ae2a3692fa117377f8121e21e9cde7e8d21bd646a78,
~\workspaces\github.com\bengawith\paper\results\robust_v2\xfoil_candidates\deterministic_optimum\shared_010\segments\000\polar.txt,.txt,1223,5560daecaffa4e76cd9345c724014f9f34fa99696fe29a51f294facdf006c773,
~\workspaces\github.com\bengawith\paper\results\robust_v2\xfoil_candidates\deterministic_optimum\shared_010\segments\001\polar.txt,.txt,1157,8d2fbc7fd6676cf17631bd0c6a0e0c8d129023e320c87f8b70eee015fa7c501f,
~\workspaces\github.com\bengawith\paper\results\robust_v2\xfoil_candidates\deterministic_optimum\shared_010\segments\002\polar.txt,.txt,1223,55cc0ba9402e743247b7c46d82f75bb0ef6a7819cb3e10db686af490aae87997,
~\workspaces\github.com\bengawith\paper\results\robust_v2\xfoil_candidates\deterministic_optimum\shared_010\segments\003\polar.txt,.txt,1157,4f16a15317d966aa63dde84eece1128a27ed5c0b7cc948d3a41e17b20bb0d9e6,
~\workspaces\github.com\bengawith\paper\results\robust_v2\xfoil_candidates\deterministic_optimum\shared_010\segments\004\polar.txt,.txt,431,d130f2cc6ede565fd10ffe05d3d04bfb654e45564346bdc59f5a7c9720c770b3,
~\workspaces\github.com\bengawith\paper\results\robust_v2\xfoil_candidates\deterministic_optimum\shared_011\segments\000\polar.txt,.txt,1223,605591a9bea975d63abf6132422e6d59e2edbb5465a2b8b67050f2d682ec1f7e,
~\workspaces\github.com\bengawith\paper\results\robust_v2\xfoil_candidates\deterministic_optimum\shared_011\segments\001\polar.txt,.txt,1157,d646d51be293465326610d37692260304e2fff4a742c62fdfe10c15d339ec17f,
~\workspaces\github.com\bengawith\paper\results\robust_v2\xfoil_candidates\deterministic_optimum\shared_011\segments\002\polar.txt,.txt,1223,d351bb5cda1c83ce1a8a420eba6845bd1e5dd98cc0e9e8574be69787a362ba88,
~\workspaces\github.com\bengawith\paper\results\robust_v2\xfoil_candidates\deterministic_optimum\shared_011\segments\003\polar.txt,.txt,1223,23fda5230a2c30ca4bab5a347b606472188e9a1413f9fe8c59992018d55af146,
~\workspaces\github.com\bengawith\paper\results\robust_v2\xfoil_candidates\deterministic_optimum\shared_011\segments\004\polar.txt,.txt,497,e83de7c91b47ffe1288273988be55f539e947cca31b5060dcc7d2b106374c54e,
~\workspaces\github.com\bengawith\paper\results\robust_v2\xfoil_candidates\deterministic_optimum\shared_012\segments\000\polar.txt,.txt,1223,d7b67bcf5e60350cde20ef84929c9de463fb6d7c5937da08f26f62f8a04c4ddb,
~\workspaces\github.com\bengawith\paper\results\robust_v2\xfoil_candidates\deterministic_optimum\shared_012\segments\001\polar.txt,.txt,1157,240853c7c4992c569f896f63bd3041ec0e69c964bb8ac80fd662f4dd6c3bf2cd,
~\workspaces\github.com\bengawith\paper\results\robust_v2\xfoil_candidates\deterministic_optimum\shared_012\segments\002\polar.txt,.txt,1223,44d752d090524bba82ed2cb71203ffa7b59053febc9c1cd766b3a72af39106fb,
~\workspaces\github.com\bengawith\paper\results\robust_v2\xfoil_candidates\deterministic_optimum\shared_012\segments\003\polar.txt,.txt,1157,cc32e070c2bf2c7f87da2c6ff7b057c438c620bc9f71381dd6380e50220cf3e2,
~\workspaces\github.com\bengawith\paper\results\robust_v2\xfoil_candidates\deterministic_optimum\shared_012\segments\004\polar.txt,.txt,497,cab495f2bbf711e587dc8056fd9b7e1ef7b7a662c6ff776608485f90a1264527,
~\workspaces\github.com\bengawith\paper\results\robust_v2\xfoil_candidates\deterministic_optimum\shared_013\segments\000\polar.txt,.txt,1157,ef8ae565a7baa1ab512b00d5625900ca6b5486d5994963232f10db6c0a6572e7,
~\workspaces\github.com\bengawith\paper\results\robust_v2\xfoil_candidates\deterministic_optimum\shared_013\segments\001\polar.txt,.txt,1223,42673e1ac62341b9fa957fdad76c405edbd8f0eec9a348fe19254c5915c4df56,
~\workspaces\github.com\bengawith\paper\results\robust_v2\xfoil_candidates\deterministic_optimum\shared_013\segments\002\polar.txt,.txt,1223,6e5c7e7c819f91dcc71c391264ec91d701188907e80d257ab9951290bf07633f,
~\workspaces\github.com\bengawith\paper\results\robust_v2\xfoil_candidates\deterministic_optimum\shared_013\segments\003\polar.txt,.txt,497,25c4e1b98362ef7247d0427923fff2699c25797ea8e0bc9a21acef8e1438a211,
~\workspaces\github.com\bengawith\paper\results\robust_v2\xfoil_candidates\deterministic_optimum\shared_013\segments\004\polar.txt,.txt,431,0ebab8f2542992442e8b4e457158a9a7a64cf314c28e4efb6615f2e6435bdde7,
~\workspaces\github.com\bengawith\paper\results\robust_v2\xfoil_candidates\deterministic_optimum\shared_014\segments\000\polar.txt,.txt,1223,45cd9b1815db9785115fef6defda052ecba161e908c19c3214c21f8052af86be,
~\workspaces\github.com\bengawith\paper\results\robust_v2\xfoil_candidates\deterministic_optimum\shared_014\segments\001\polar.txt,.txt,1157,0fab6389e5db97b8290912a2ece3c8eed7487ed7fb952e47ef16e5b343b3a55e,
~\workspaces\github.com\bengawith\paper\results\robust_v2\xfoil_candidates\deterministic_optimum\shared_014\segments\002\polar.txt,.txt,1223,5f7b20c5f6304336ac985c13687ad5ec0c7364d877b7a5b0e912342a89aaf0db,
~\workspaces\github.com\bengawith\paper\results\robust_v2\xfoil_candidates\deterministic_optimum\shared_014\segments\003\polar.txt,.txt,1025,884c45f99e607875bd568c0b39cefa08762c5f5c1e089dab1aa712b81d09f3a0,
~\workspaces\github.com\bengawith\paper\results\robust_v2\xfoil_candidates\deterministic_optimum\shared_014\segments\004\polar.txt,.txt,431,a339c1cfc6aed713b74e189473fb0ca46c9ed4d9e559bbfbc613047e3b1c59c4,
~\workspaces\github.com\bengawith\paper\results\robust_v2\xfoil_candidates\deterministic_optimum\shared_015\segments\000\polar.txt,.txt,1223,c7156ba3a1a07d4dc1c566f3f4013d91aedf97034e88392754ae18215140054c,
~\workspaces\github.com\bengawith\paper\results\robust_v2\xfoil_candidates\deterministic_optimum\shared_015\segments\001\polar.txt,.txt,1157,730022f7147ce7129505987900d2fad297dfda7b0b7a85592b7422ec1f13a69f,
~\workspaces\github.com\bengawith\paper\results\robust_v2\xfoil_candidates\deterministic_optimum\shared_015\segments\002\polar.txt,.txt,1223,d64cd5d7733e593a1ed38621908484d3fa116a7323480aa24b9cc6f56a9724a3,
~\workspaces\github.com\bengawith\paper\results\robust_v2\xfoil_candidates\deterministic_optimum\shared_015\segments\003\polar.txt,.txt,1223,2e2c2b25772efd66651ec8297d1c005daf7a789c70ddb349b83febda1f1e8f50,
~\workspaces\github.com\bengawith\paper\results\robust_v2\xfoil_candidates\deterministic_optimum\shared_015\segments\004\polar.txt,.txt,497,9ae62271b0e7d52e60837a76ce1640d4345a9abc108a9ddf0cd30bd4b62faefb,
~\workspaces\github.com\bengawith\paper\results\robust_v2\xfoil_candidates\deterministic_optimum\shared_016\segments\000\polar.txt,.txt,1223,1d986e5513ae24def6317183b5c85379c0610d1f7d3bd505cd410e97f6fca963,
~\workspaces\github.com\bengawith\paper\results\robust_v2\xfoil_candidates\deterministic_optimum\shared_016\segments\001\polar.txt,.txt,893,ef35dea1048f9722022ce880290100df995c17cebb0bdbdf40d0614c7e5474e6,
~\workspaces\github.com\bengawith\paper\results\robust_v2\xfoil_candidates\deterministic_optimum\shared_016\segments\002\polar.txt,.txt,1223,9b8c42226d70ab21de2cabd32d255055655ad41b1f4153da872a273e10c9d112,
~\workspaces\github.com\bengawith\paper\results\robust_v2\xfoil_candidates\deterministic_optimum\shared_016\segments\003\polar.txt,.txt,1223,082f5199b67b50d4192abbdc54098269b8f0e6ba50ad5985a5f6fe8a814ac52c,
~\workspaces\github.com\bengawith\paper\results\robust_v2\xfoil_candidates\deterministic_optimum\shared_016\segments\004\polar.txt,.txt,497,dcfb521dc6ed652ba2b723d965349e917bd3da24c864b99114d3cf9925dae0fa,
~\workspaces\github.com\bengawith\paper\results\robust_v2\xfoil_candidates\deterministic_optimum\shared_017\segments\000\polar.txt,.txt,1223,3b122076c5fa10c961c97f592a461c08c05093494499c569cca0aeb4761d9f05,
~\workspaces\github.com\bengawith\paper\results\robust_v2\xfoil_candidates\deterministic_optimum\shared_017\segments\001\polar.txt,.txt,695,8d7b5522a16848dba50b0b814ff0930e1c7f86d2d58bd562c794286e49462f16,
~\workspaces\github.com\bengawith\paper\results\robust_v2\xfoil_candidates\deterministic_optimum\shared_017\segments\002\polar.txt,.txt,1223,7f3176de1644a48f0dcbafdde20b9c719ea98b4260edbe9a13b769a23d418eb1,
~\workspaces\github.com\bengawith\paper\results\robust_v2\xfoil_candidates\deterministic_optimum\shared_017\segments\003\polar.txt,.txt,431,2115467ec70a7a756390e75cac4f1c01a211056e4a4512fdd596051106bfb4cd,
~\workspaces\github.com\bengawith\paper\results\robust_v2\xfoil_candidates\deterministic_optimum\shared_017\segments\004\polar.txt,.txt,431,2115467ec70a7a756390e75cac4f1c01a211056e4a4512fdd596051106bfb4cd,
~\workspaces\github.com\bengawith\paper\results\robust_v2\xfoil_candidates\deterministic_optimum\shared_018\segments\000\polar.txt,.txt,1157,5a67679f3526305cc37536fce6256e597abd54e7356d984415ffd3e8fb0c5f01,
~\workspaces\github.com\bengawith\paper\results\robust_v2\xfoil_candidates\deterministic_optimum\shared_018\segments\001\polar.txt,.txt,1223,9aa26662246e0de9b5036089bde3d769f746307effeedbb4f4eedc03d696b1f1,
~\workspaces\github.com\bengawith\paper\results\robust_v2\xfoil_candidates\deterministic_optimum\shared_018\segments\002\polar.txt,.txt,1223,6e93204af34d8c55d27fe481ed082f6c108bc1a06d793e3b2a01a20b557fd64d,
~\workspaces\github.com\bengawith\paper\results\robust_v2\xfoil_candidates\deterministic_optimum\shared_018\segments\003\polar.txt,.txt,761,7645d4c60c94fd91d6350fd1811061a4a1b004c637925a29dec4e12b4f31b4d9,
~\workspaces\github.com\bengawith\paper\results\robust_v2\xfoil_candidates\deterministic_optimum\shared_018\segments\004\polar.txt,.txt,431,6de87f8702f14ac8839659f8516f4801cbf9a8c136a1eebd5b48b9d44c831539,
~\workspaces\github.com\bengawith\paper\results\robust_v2\xfoil_candidates\deterministic_optimum\shared_019\segments\000\polar.txt,.txt,1223,1461639d8d87fd8d85e22e05354be7e7ea5773fb60f08211a7a74eb830fb21c8,
~\workspaces\github.com\bengawith\paper\results\robust_v2\xfoil_candidates\deterministic_optimum\shared_019\segments\001\polar.txt,.txt,1157,ef10252c4b86060052dfb06a075e7555726e65372fff4f86b6ea3715f5a033df,
~\workspaces\github.com\bengawith\paper\results\robust_v2\xfoil_candidates\deterministic_optimum\shared_019\segments\002\polar.txt,.txt,1223,f176dd5d286cc3a24678a427140fc556b32adc261477746b3a14184b6059e56c,
~\workspaces\github.com\bengawith\paper\results\robust_v2\xfoil_candidates\deterministic_optimum\shared_019\segments\003\polar.txt,.txt,1223,fdad1e1129ad9aa9d3012721e55ab397d3c67b1f697a1120f167662a0a0dcdd1,
~\workspaces\github.com\bengawith\paper\results\robust_v2\xfoil_candidates\deterministic_optimum\shared_019\segments\004\polar.txt,.txt,497,493846b0441ee1bd5d1eeb7c0c87dd8ffc856e549f53d6302f05f659daafab8b,
~\workspaces\github.com\bengawith\paper\results\robust_v2\xfoil_candidates\deterministic_optimum\shared_020\segments\000\polar.txt,.txt,1223,77204338ea7916b041a39e29ea3b780a5c12af971cb0d1836b31eb71b201ee31,
~\workspaces\github.com\bengawith\paper\results\robust_v2\xfoil_candidates\deterministic_optimum\shared_020\segments\001\polar.txt,.txt,1025,f94a71aa5655636942aa619a620b8d0b006f76e18c3244173b83b20c1941d844,
~\workspaces\github.com\bengawith\paper\results\robust_v2\xfoil_candidates\deterministic_optimum\shared_020\segments\002\polar.txt,.txt,1091,b13dc0aada4278b03022d3bf191300bd1c6ba3646fe1969c9f0b69653fa675cd,
~\workspaces\github.com\bengawith\paper\results\robust_v2\xfoil_candidates\deterministic_optimum\shared_020\segments\003\polar.txt,.txt,1223,3441b6d98a5903cfd11366996bdb35cea6a893677498a88028d6a7e43cd5d459,
~\workspaces\github.com\bengawith\paper\results\robust_v2\xfoil_candidates\deterministic_optimum\shared_020\segments\004\polar.txt,.txt,497,c5e93aba22b3e27f4fd05767d6ab39c5fe2644338029098a3436f3997c2a298d,
~\workspaces\github.com\bengawith\paper\results\robust_v2\xfoil_candidates\deterministic_optimum\shared_021\segments\000\polar.txt,.txt,1223,09934486175ac43abf365408bf74fadb2bba9eeb20a872e4c6bf46db5956916e,
~\workspaces\github.com\bengawith\paper\results\robust_v2\xfoil_candidates\deterministic_optimum\shared_021\segments\001\polar.txt,.txt,1223,b2f0c7c803e55dae1b4ba36543f136ececffb6b9455f28f2964b6c17e6530e1c,
~\workspaces\github.com\bengawith\paper\results\robust_v2\xfoil_candidates\deterministic_optimum\shared_021\segments\002\polar.txt,.txt,1223,71bf1539360264d36efe5de86968052066d70d85ccc2499373af47b20d170b8b,
~\workspaces\github.com\bengawith\paper\results\robust_v2\xfoil_candidates\deterministic_optimum\shared_021\segments\003\polar.txt,.txt,1025,8567466f6e60df45478e317ad598d759a13e5a4c89c419caaa36c0f4e0afc25a,
~\workspaces\github.com\bengawith\paper\results\robust_v2\xfoil_candidates\deterministic_optimum\shared_021\segments\004\polar.txt,.txt,497,c57dc91e305dcd0edc13069c1bc8e7147606f773b2586f9c75e4d2849bc136ae,
~\workspaces\github.com\bengawith\paper\results\robust_v2\xfoil_candidates\deterministic_optimum\shared_022\segments\000\polar.txt,.txt,1223,b65ef2e3ba8ba407db017de54a3c8f7611997b95abf0adc2f84f413220b30d1d,
~\workspaces\github.com\bengawith\paper\results\robust_v2\xfoil_candidates\deterministic_optimum\shared_022\segments\001\polar.txt,.txt,1157,201a1ecb7a5b568188773384fa61277cde9f8faa5e4a5363ec47fc4dcba90bd0,
~\workspaces\github.com\bengawith\paper\results\robust_v2\xfoil_candidates\deterministic_optimum\shared_022\segments\002\polar.txt,.txt,1025,79bab256c9959b4b0bd91d26e7d1a9448ade7d3a811ff6b0e7e19fa99ab3e46a,
~\workspaces\github.com\bengawith\paper\results\robust_v2\xfoil_candidates\deterministic_optimum\shared_022\segments\003\polar.txt,.txt,431,f29299517ae10fdec0047d02da85bbc76ba027ec3ac5804bc5ea36aab7c9c6c0,
~\workspaces\github.com\bengawith\paper\results\robust_v2\xfoil_candidates\deterministic_optimum\shared_022\segments\004\polar.txt,.txt,431,f29299517ae10fdec0047d02da85bbc76ba027ec3ac5804bc5ea36aab7c9c6c0,
~\workspaces\github.com\bengawith\paper\results\robust_v2\xfoil_candidates\deterministic_optimum\shared_023\segments\000\polar.txt,.txt,1223,1c6053c3f6e32c7f032e485706a1bb146b45697e6c8f2b8224ac4b991e194d1e,
~\workspaces\github.com\bengawith\paper\results\robust_v2\xfoil_candidates\deterministic_optimum\shared_023\segments\001\polar.txt,.txt,1091,b58153949f8083f52183d2eb5113765935ab692f0a16b553c263cf742539022a,
~\workspaces\github.com\bengawith\paper\results\robust_v2\xfoil_candidates\deterministic_optimum\shared_023\segments\002\polar.txt,.txt,1223,e2655628f3761f5e7b7fe502d1db2443eaafed4af0a29383dfc02b6055842c81,
~\workspaces\github.com\bengawith\paper\results\robust_v2\xfoil_candidates\deterministic_optimum\shared_023\segments\003\polar.txt,.txt,1223,2231c0f0fd9fbbf3672e55228e6e778143eeeebc1e63b8ea83c80e0338d71524,
~\workspaces\github.com\bengawith\paper\results\robust_v2\xfoil_candidates\deterministic_optimum\shared_023\segments\004\polar.txt,.txt,497,1462e0993e333a71d38fcb1e144e8f54493f5d5053447eb0aef6ff38bc6362c4,
~\workspaces\github.com\bengawith\paper\results\robust_v2\xfoil_candidates\deterministic_optimum\shared_024\segments\000\polar.txt,.txt,1223,831844d38494b9815adc6fad13cf23a66bd25fea259a79e05011088aefda3725,
~\workspaces\github.com\bengawith\paper\results\robust_v2\xfoil_candidates\deterministic_optimum\shared_024\segments\001\polar.txt,.txt,1157,f6e1726b67b4f31156ed1adaea51bf7fbb793c0933789c4473c71cb27338d8cb,
~\workspaces\github.com\bengawith\paper\results\robust_v2\xfoil_candidates\deterministic_optimum\shared_024\segments\002\polar.txt,.txt,1223,cbbcef2ae58c9d82895d99f99b547f976c5bef14b580bec525786938061aeb3c,
~\workspaces\github.com\bengawith\paper\results\robust_v2\xfoil_candidates\deterministic_optimum\shared_024\segments\003\polar.txt,.txt,1223,a55441f17d6ecc9b41b92f8b06cb2391fcd1a4e778b3d52320fff60ab3247b9e,
~\workspaces\github.com\bengawith\paper\results\robust_v2\xfoil_candidates\deterministic_optimum\shared_024\segments\004\polar.txt,.txt,497,05b2d41db6dbad2a2b480a5905d260f38924833d576f70dd2712156ec8007be5,
~\workspaces\github.com\bengawith\paper\results\robust_v2\xfoil_candidates\deterministic_optimum\shared_025\segments\000\polar.txt,.txt,1223,3452f073424bcfc11d28157a847bde1b1a92c985e6432c65ce056ce2815278b9,
~\workspaces\github.com\bengawith\paper\results\robust_v2\xfoil_candidates\deterministic_optimum\shared_025\segments\001\polar.txt,.txt,1223,bb1098a2e46e5946aa917bd69b61fe5444a8e87392dce2f1fce2d0241b49c099,
~\workspaces\github.com\bengawith\paper\results\robust_v2\xfoil_candidates\deterministic_optimum\shared_025\segments\002\polar.txt,.txt,1025,8fb0f3c3bd13b0108380e606d3897a756402c28b5c9b61664ce78e6f9fb1ff06,
~\workspaces\github.com\bengawith\paper\results\robust_v2\xfoil_candidates\deterministic_optimum\shared_025\segments\003\polar.txt,.txt,1025,1831729ebf1b8860f99a666c3c316655a5c357049fc6dcc2b012d953c6c973f5,
~\workspaces\github.com\bengawith\paper\results\robust_v2\xfoil_candidates\deterministic_optimum\shared_025\segments\004\polar.txt,.txt,431,06fc41dd89bdb1eb0180db3d5175af8e922e5ebd62952d4dc3465991e338d9b5,
~\workspaces\github.com\bengawith\paper\results\robust_v2\xfoil_candidates\deterministic_optimum\shared_026\segments\000\polar.txt,.txt,1223,c1edf473203f3ca1c7a7b3c2d61a54f9dd1950c18f52ab9506f5893643c3c573,
~\workspaces\github.com\bengawith\paper\results\robust_v2\xfoil_candidates\deterministic_optimum\shared_026\segments\001\polar.txt,.txt,1091,b846a4717aedf1e74c544c48f48e091bd4832941a1b8b9b80368086b34c56189,
~\workspaces\github.com\bengawith\paper\results\robust_v2\xfoil_candidates\deterministic_optimum\shared_026\segments\002\polar.txt,.txt,1223,2129d5ed950b86fe4b2bb1d5b7927dc1e3c1cd1b454d09aa524f8764a0fc5467,
~\workspaces\github.com\bengawith\paper\results\robust_v2\xfoil_candidates\deterministic_optimum\shared_026\segments\003\polar.txt,.txt,1091,e231e3755f9c65c796b67b3881c49580331d02e3fafab20391dd8028be18b0d1,
~\workspaces\github.com\bengawith\paper\results\robust_v2\xfoil_candidates\deterministic_optimum\shared_026\segments\004\polar.txt,.txt,431,673b20740dab2fa2a86c16a70aa0e06df3a93d6ed3c9672117134235794fe885,
~\workspaces\github.com\bengawith\paper\results\robust_v2\xfoil_candidates\deterministic_optimum\shared_027\segments\000\polar.txt,.txt,1223,342ea4c5c6ad663a9de3dd104d0ac3c3a3b2bda038c61a97f6da3175db4be668,
~\workspaces\github.com\bengawith\paper\results\robust_v2\xfoil_candidates\deterministic_optimum\shared_027\segments\001\polar.txt,.txt,1091,abc25c6bd09aff9ef892bd6263281cdd9ee37c7e13d426ad0d7192b9360fc4b7,
~\workspaces\github.com\bengawith\paper\results\robust_v2\xfoil_candidates\deterministic_optimum\shared_027\segments\002\polar.txt,.txt,1223,d994bfa1112f0a8c396eb57b0688f6e78d4d79d250b74c8e7320b7188e7a611f,
~\workspaces\github.com\bengawith\paper\results\robust_v2\xfoil_candidates\deterministic_optimum\shared_027\segments\003\polar.txt,.txt,1223,89d7d174ba1e297a5540b5e06090a7de3cbb63cf5c13f52b8308002d48d78c75,
~\workspaces\github.com\bengawith\paper\results\robust_v2\xfoil_candidates\deterministic_optimum\shared_027\segments\004\polar.txt,.txt,497,fdac6a03d1d25f0df82cbd0bf7b0d8dfe8ad0ebe1ae572f6366743a686066d29,
~\workspaces\github.com\bengawith\paper\results\robust_v2\xfoil_candidates\deterministic_optimum\shared_028\segments\000\polar.txt,.txt,1223,980baf0cc7598fe0673f1a30de2ee98552072e3c5483e55427a9b2b6e4df5ebc,
~\workspaces\github.com\bengawith\paper\results\robust_v2\xfoil_candidates\deterministic_optimum\shared_028\segments\001\polar.txt,.txt,1157,4ccc1f980bc5ac5d501e8f27b28a38ada46fae663ac25e989aeab51b84bf2289,
~\workspaces\github.com\bengawith\paper\results\robust_v2\xfoil_candidates\deterministic_optimum\shared_028\segments\002\polar.txt,.txt,1157,28c22b3ee20bb30a2e0a7ddcefdc71f2fd867e3e25bc6755257af99a5ee41991,
~\workspaces\github.com\bengawith\paper\results\robust_v2\xfoil_candidates\deterministic_optimum\shared_028\segments\003\polar.txt,.txt,1223,714734b818929d12848ee6729cded5074b8d46b7a77edea87ac4755b4ec9b703,
~\workspaces\github.com\bengawith\paper\results\robust_v2\xfoil_candidates\deterministic_optimum\shared_028\segments\004\polar.txt,.txt,497,86a64c176daa3b4c965251db8b40281fb4e02d4395ced1a54e882d9864d96729,
~\workspaces\github.com\bengawith\paper\results\robust_v2\xfoil_candidates\deterministic_optimum\shared_029\segments\000\polar.txt,.txt,1223,ef51d274830d449968aff23bff141c9e1b4712df84335e4960e006cb8d2cf0fc,
~\workspaces\github.com\bengawith\paper\results\robust_v2\xfoil_candidates\deterministic_optimum\shared_029\segments\001\polar.txt,.txt,1091,3c50cd8f0a45fd1f039ee278ee38299a9b29dfe2d9cbd0d9b80543e11606f68c,
~\workspaces\github.com\bengawith\paper\results\robust_v2\xfoil_candidates\deterministic_optimum\shared_029\segments\002\polar.txt,.txt,1223,594076e02df43989c792edaa10a28e62070913544728d6a22c165402792ba237,
~\workspaces\github.com\bengawith\paper\results\robust_v2\xfoil_candidates\deterministic_optimum\shared_029\segments\003\polar.txt,.txt,1025,7ff08fe4e5e114c9e09783472e2a1752cf3cd14bdb3998c33a04d51359be9388,
~\workspaces\github.com\bengawith\paper\results\robust_v2\xfoil_candidates\deterministic_optimum\shared_029\segments\004\polar.txt,.txt,431,1d31ed77dd277b943286d0db17c3e6e960b115e01d188e3ecdf20a499e0f100c,
~\workspaces\github.com\bengawith\paper\results\robust_v2\xfoil_candidates\deterministic_optimum\shared_030\segments\000\polar.txt,.txt,1223,37bdcbc74867c9494e6c3c6863dac6eecd1f4b87e354f38258917f4c94be4f2b,
~\workspaces\github.com\bengawith\paper\results\robust_v2\xfoil_candidates\deterministic_optimum\shared_030\segments\001\polar.txt,.txt,1157,14479f321bee9f96545ffcc1a7e3704d1b42c9ba7fce5ae60b71690206c8fa58,
~\workspaces\github.com\bengawith\paper\results\robust_v2\xfoil_candidates\deterministic_optimum\shared_030\segments\002\polar.txt,.txt,1223,83d488d97683bdd4e934df5256e7bdcf0438ced19d6a58b3d2936a006c4b4ad0,
~\workspaces\github.com\bengawith\paper\results\robust_v2\xfoil_candidates\deterministic_optimum\shared_030\segments\003\polar.txt,.txt,1157,9e4c33d225b183cd4ef893670a210e7dbb6933651be7b450c3c1dad95b9613ae,
~\workspaces\github.com\bengawith\paper\results\robust_v2\xfoil_candidates\deterministic_optimum\shared_030\segments\004\polar.txt,.txt,431,8cbe37c1b5ae1b5a72cf9ad65734ef48e97dbe7cda298a495c625342c4d2fb9e,
~\workspaces\github.com\bengawith\paper\results\robust_v2\xfoil_candidates\deterministic_optimum\shared_031\segments\000\polar.txt,.txt,1157,25aeb34b7e496c932f5c2b85703e822c82df288636eb650fd836167f1492da13,
~\workspaces\github.com\bengawith\paper\results\robust_v2\xfoil_candidates\deterministic_optimum\shared_031\segments\001\polar.txt,.txt,1223,4995d4a2f9efb3f6d3b232916d3b6343c6853ef2115eec9c38e5f2e8438a5ee1,
~\workspaces\github.com\bengawith\paper\results\robust_v2\xfoil_candidates\deterministic_optimum\shared_031\segments\002\polar.txt,.txt,1223,2afe27dae8843b8fe6db930969380eaa45b7feaefe19839dfeb56e54ec1ec155,
~\workspaces\github.com\bengawith\paper\results\robust_v2\xfoil_candidates\deterministic_optimum\shared_031\segments\003\polar.txt,.txt,1157,99e3b8888d6b9c083613ff01bccd629e11c9e8f4c06263e66b9629e06c39e417,
~\workspaces\github.com\bengawith\paper\results\robust_v2\xfoil_candidates\deterministic_optimum\shared_031\segments\004\polar.txt,.txt,497,a6cc23819efbef0f1e913091f0b6773b4ea9e88a92790f8a3264bf880e1eb639,
~\workspaces\github.com\bengawith\paper\results\robust_v2\xfoil_candidates\deterministic_optimum\shared_032\segments\000\polar.txt,.txt,1223,32a8a146a85a53ad707e4e3237f140ddd72fe80b70514ffb0b4a957c68ba8bab,
~\workspaces\github.com\bengawith\paper\results\robust_v2\xfoil_candidates\deterministic_optimum\shared_032\segments\001\polar.txt,.txt,1223,be6e7f71d98c6816f5e7503c6d71935ae629e06e475e8363e68ff18029a8ecdc,
~\workspaces\github.com\bengawith\paper\results\robust_v2\xfoil_candidates\deterministic_optimum\shared_032\segments\002\polar.txt,.txt,1223,0776a583b75fdd49c10f251c2c9914e07beb422788323b11a74fa07f99d64a33,
~\workspaces\github.com\bengawith\paper\results\robust_v2\xfoil_candidates\deterministic_optimum\shared_032\segments\003\polar.txt,.txt,893,66a027310f83f9774272fc31b7dfef0333061700308f57f3dc557e3558431268,
~\workspaces\github.com\bengawith\paper\results\robust_v2\xfoil_candidates\deterministic_optimum\shared_032\segments\004\polar.txt,.txt,431,1fe691d4bfa633d1abf0bb39c6adc02990d2dcadc1323e66fa688597c1942767,
~\workspaces\github.com\bengawith\paper\results\robust_v2\xfoil_candidates\deterministic_optimum\shared_033\segments\000\polar.txt,.txt,1223,c6b5031c46f67f8a727c8f5e2c67adf4f98b6f6c273e97162baba6082b0b3eea,
~\workspaces\github.com\bengawith\paper\results\robust_v2\xfoil_candidates\deterministic_optimum\shared_033\segments\001\polar.txt,.txt,1157,6a968822c879ebc3e83835304e6fe9c3e2f475a194df06dc0449de93f3f1b94a,
~\workspaces\github.com\bengawith\paper\results\robust_v2\xfoil_candidates\deterministic_optimum\shared_033\segments\002\polar.txt,.txt,1223,1eafe36b996d8fdcae75fc926d2827422ba3588b6b3876c94a973a6d3a342b71,
~\workspaces\github.com\bengawith\paper\results\robust_v2\xfoil_candidates\deterministic_optimum\shared_033\segments\003\polar.txt,.txt,1223,dedafcf222de5937ace80ae7611c30bdd139f1c0a86d2d8ddf511dcd53fdd7a3,
~\workspaces\github.com\bengawith\paper\results\robust_v2\xfoil_candidates\deterministic_optimum\shared_033\segments\004\polar.txt,.txt,497,d39733644d05ea7f2491b4c6fb03a21dba0fae650120277934ba0fcddc07b363,
~\workspaces\github.com\bengawith\paper\results\robust_v2\xfoil_candidates\deterministic_optimum\shared_034\segments\000\polar.txt,.txt,1223,be7a634d457b80d8bddd1e0194fcd32cc84099e9471bc81b6f8c17e5faf112f8,
~\workspaces\github.com\bengawith\paper\results\robust_v2\xfoil_candidates\deterministic_optimum\shared_034\segments\001\polar.txt,.txt,1223,a7045f1914bd4a18b04dc7a794402e357b8f7a88428492c9f34f761735fc0135,
~\workspaces\github.com\bengawith\paper\results\robust_v2\xfoil_candidates\deterministic_optimum\shared_034\segments\002\polar.txt,.txt,1223,71645eefb6b1822b748418a191673c5f4d3bae6b2b48a6da0cc16b91b4125779,
~\workspaces\github.com\bengawith\paper\results\robust_v2\xfoil_candidates\deterministic_optimum\shared_034\segments\003\polar.txt,.txt,1223,c7ef5e25e2f81418598f31fb826411b97a619fc596a5b099b2f95349d680cd64,
~\workspaces\github.com\bengawith\paper\results\robust_v2\xfoil_candidates\deterministic_optimum\shared_034\segments\004\polar.txt,.txt,497,6c608508bf672b90c13405ffeb9207e2a5623952af50c087923aa40be9e21640,
~\workspaces\github.com\bengawith\paper\results\robust_v2\xfoil_candidates\deterministic_optimum\shared_035\segments\000\polar.txt,.txt,1157,4a125232c483aec52ec4ea34ff4ce76b130d664d18ff3d84d3529156e62c31f2,
~\workspaces\github.com\bengawith\paper\results\robust_v2\xfoil_candidates\deterministic_optimum\shared_035\segments\001\polar.txt,.txt,1223,857a6c38b5a75167785989e114a25f0da6b2f05a42800ec08160985d65cf8001,
~\workspaces\github.com\bengawith\paper\results\robust_v2\xfoil_candidates\deterministic_optimum\shared_035\segments\002\polar.txt,.txt,1223,6a66082347204b4e45b63eba8db5ab4aa699c95fb964cf7191d896ead99a6f6d,
~\workspaces\github.com\bengawith\paper\results\robust_v2\xfoil_candidates\deterministic_optimum\shared_035\segments\003\polar.txt,.txt,431,f4fad27ebb8670d375cd8976cc0f1f288ec5dffa6c5f33eb11701970fb9aa8ae,
~\workspaces\github.com\bengawith\paper\results\robust_v2\xfoil_candidates\deterministic_optimum\shared_035\segments\004\polar.txt,.txt,431,f4fad27ebb8670d375cd8976cc0f1f288ec5dffa6c5f33eb11701970fb9aa8ae,
~\workspaces\github.com\bengawith\paper\results\robust_v2\xfoil_candidates\deterministic_optimum\shared_036\segments\000\polar.txt,.txt,1223,1456c9490c0b7a75bc645ce1c5573d63af49a44bf4ae6658d8c36cadbb5a3e0f,
~\workspaces\github.com\bengawith\paper\results\robust_v2\xfoil_candidates\deterministic_optimum\shared_036\segments\001\polar.txt,.txt,1157,23d31698cd2314207f77dc0926aa378a524eeae844253307f9b82638f34d5211,
~\workspaces\github.com\bengawith\paper\results\robust_v2\xfoil_candidates\deterministic_optimum\shared_036\segments\002\polar.txt,.txt,1157,12855fe5156c13e7a707b40aa4e6b7c7f9c8eff72f251e3a25572f9acf65ed4f,
~\workspaces\github.com\bengawith\paper\results\robust_v2\xfoil_candidates\deterministic_optimum\shared_036\segments\003\polar.txt,.txt,431,a1bded02188672a9d03cee9d60187de687b2085c327d15fee5376de6dbd16bfd,
~\workspaces\github.com\bengawith\paper\results\robust_v2\xfoil_candidates\deterministic_optimum\shared_036\segments\004\polar.txt,.txt,431,a1bded02188672a9d03cee9d60187de687b2085c327d15fee5376de6dbd16bfd,
~\workspaces\github.com\bengawith\paper\results\robust_v2\xfoil_candidates\deterministic_optimum\shared_037\segments\000\polar.txt,.txt,1223,a51886867ea6bf1306df9a15eb45d7584bf98cbaaee77663cb2c0332e25cb63f,
~\workspaces\github.com\bengawith\paper\results\robust_v2\xfoil_candidates\deterministic_optimum\shared_037\segments\001\polar.txt,.txt,1223,d1254baf0b8d59ad7c13f713016be55d236c8ac59f6fc2405a9fdcbd9acc76e9,
~\workspaces\github.com\bengawith\paper\results\robust_v2\xfoil_candidates\deterministic_optimum\shared_037\segments\002\polar.txt,.txt,1223,a5420d05167390ca049ae72d967855980c7b0a594fa490432b2aff68a03367c3,
~\workspaces\github.com\bengawith\paper\results\robust_v2\xfoil_candidates\deterministic_optimum\shared_037\segments\003\polar.txt,.txt,1223,ad2625c656f9a7ec0aa134c6432e592d0f0e1c73f46400d2fc2d1743e471e5b4,
~\workspaces\github.com\bengawith\paper\results\robust_v2\xfoil_candidates\deterministic_optimum\shared_037\segments\004\polar.txt,.txt,497,a08ea95c2e619c89bf2786cf8e04f2fb40f774373a25ee180d59722e6925b302,
~\workspaces\github.com\bengawith\paper\results\robust_v2\xfoil_candidates\deterministic_optimum\shared_038\segments\000\polar.txt,.txt,1223,ace77df352cc4601ac8a3082183fc8fb26551e47f8be6c7332adb3608c1c04ac,
~\workspaces\github.com\bengawith\paper\results\robust_v2\xfoil_candidates\deterministic_optimum\shared_038\segments\001\polar.txt,.txt,1157,5efa3821b24e5fdb74055ea303db0dc3c2666a16d1392432a4578eadb881b187,
~\workspaces\github.com\bengawith\paper\results\robust_v2\xfoil_candidates\deterministic_optimum\shared_038\segments\002\polar.txt,.txt,1223,3bcdcc0c657040a33a85b4eef30033b35d8fba0ae93688ab90572d4e54ca9cb2,
~\workspaces\github.com\bengawith\paper\results\robust_v2\xfoil_candidates\deterministic_optimum\shared_038\segments\003\polar.txt,.txt,1223,36ec8c3ead5f75253cd846d906b2ddba6bb21b39a86a0e5012b3163204114cda,
~\workspaces\github.com\bengawith\paper\results\robust_v2\xfoil_candidates\deterministic_optimum\shared_038\segments\004\polar.txt,.txt,497,07f3b4aefdb414a21a9f67e84898439051ef3a80e3d226163cb4c145f6448cbb,
~\workspaces\github.com\bengawith\paper\results\robust_v2\xfoil_candidates\deterministic_optimum\shared_039\segments\000\polar.txt,.txt,1223,17a33624a12e249d2d5b48df1d3265c273b58073c5e2c53f9b87eb6a9c310f9d,
~\workspaces\github.com\bengawith\paper\results\robust_v2\xfoil_candidates\deterministic_optimum\shared_039\segments\001\polar.txt,.txt,1223,9575f961394b72120f08e926e6b6f98f48062adb6b045bc3b05ef3f91da2a406,
~\workspaces\github.com\bengawith\paper\results\robust_v2\xfoil_candidates\deterministic_optimum\shared_039\segments\002\polar.txt,.txt,1223,0e79395c1e210013aae9a1e15675e47ea1cada6554dbbe51c78a53bf6f01e91b,
~\workspaces\github.com\bengawith\paper\results\robust_v2\xfoil_candidates\deterministic_optimum\shared_039\segments\003\polar.txt,.txt,431,79e3ba8e4853956eefcc0365f84e445229256c7bc247edfa092dcf51e6a27556,
~\workspaces\github.com\bengawith\paper\results\robust_v2\xfoil_candidates\deterministic_optimum\shared_039\segments\004\polar.txt,.txt,431,79e3ba8e4853956eefcc0365f84e445229256c7bc247edfa092dcf51e6a27556,
~\workspaces\github.com\bengawith\paper\results\robust_v2\xfoil_candidates\deterministic_optimum\shared_040\segments\000\polar.txt,.txt,1223,348cbcfd24f3b8eb6e739dd5f8a0a983b1065e17d2f31253fc0960ce7cf8c496,
~\workspaces\github.com\bengawith\paper\results\robust_v2\xfoil_candidates\deterministic_optimum\shared_040\segments\001\polar.txt,.txt,1223,a84386c974af8e57c9d261a39414e1904c9d7543b5d11a7f02c81df2529ad11e,
~\workspaces\github.com\bengawith\paper\results\robust_v2\xfoil_candidates\deterministic_optimum\shared_040\segments\002\polar.txt,.txt,1223,3f48bab1b1c9124db64ecc593aee27345afeca358e529a77f042057e1bdf536c,
~\workspaces\github.com\bengawith\paper\results\robust_v2\xfoil_candidates\deterministic_optimum\shared_040\segments\003\polar.txt,.txt,893,4b081c782686224540e33d69dc5692da20e51e849f84358729a0601ddd227e63,
~\workspaces\github.com\bengawith\paper\results\robust_v2\xfoil_candidates\deterministic_optimum\shared_040\segments\004\polar.txt,.txt,431,e8a9a89588b06b9595f616e130c395048b0b7c611ee1804a6cf23cd33430ccbf,
~\workspaces\github.com\bengawith\paper\results\robust_v2\xfoil_candidates\deterministic_optimum\shared_041\segments\000\polar.txt,.txt,1223,75902cd39c3fd72d67ab4608991e30d10f9eb5acfca66b635a6a903d22b073c3,
~\workspaces\github.com\bengawith\paper\results\robust_v2\xfoil_candidates\deterministic_optimum\shared_041\segments\001\polar.txt,.txt,1091,9c9913252bf08f56614b1100a76bae667acdc39f71b86fae03b0c1166041af04,
~\workspaces\github.com\bengawith\paper\results\robust_v2\xfoil_candidates\deterministic_optimum\shared_041\segments\002\polar.txt,.txt,1223,c64936d6ff49780f0068a02558184815100f0075783612bd3842f4d6ee6cef45,
~\workspaces\github.com\bengawith\paper\results\robust_v2\xfoil_candidates\deterministic_optimum\shared_041\segments\003\polar.txt,.txt,1223,1c378039d670bd8e63da667f716fa9041fe026265cbfc8e5fad989e83db8aeb1,
~\workspaces\github.com\bengawith\paper\results\robust_v2\xfoil_candidates\deterministic_optimum\shared_041\segments\004\polar.txt,.txt,497,c30e023b996079b638ebfc2d61ff75174fdfe745b62d9ab56ce4ce0449d51550,
~\workspaces\github.com\bengawith\paper\results\robust_v2\xfoil_candidates\deterministic_optimum\shared_042\segments\000\polar.txt,.txt,1223,fd1a026fa4df892515a8b8b57ee2b2af66a223e607405c4193123a5766083b6c,
~\workspaces\github.com\bengawith\paper\results\robust_v2\xfoil_candidates\deterministic_optimum\shared_042\segments\001\polar.txt,.txt,1091,82b5886823a656fcde846cd2dcdb68afe33c13d2cd45ecb6cce8d60b56c4140a,
~\workspaces\github.com\bengawith\paper\results\robust_v2\xfoil_candidates\deterministic_optimum\shared_042\segments\002\polar.txt,.txt,1157,d85b9b7e6e1b8db6ba4ca165bde3eeaa7a956b0f4832a0e2a2c852fd7f43f1b1,
~\workspaces\github.com\bengawith\paper\results\robust_v2\xfoil_candidates\deterministic_optimum\shared_042\segments\003\polar.txt,.txt,1223,65bf8388a18a92104467ddff5bd1df3edd41e3f8a205092c5a781c69a32e8718,
~\workspaces\github.com\bengawith\paper\results\robust_v2\xfoil_candidates\deterministic_optimum\shared_042\segments\004\polar.txt,.txt,497,4d5862b1360dc84620022e5989127c668ba5bb9cdbd87ee0c8cbe94a1f8ecde9,
~\workspaces\github.com\bengawith\paper\results\robust_v2\xfoil_candidates\deterministic_optimum\shared_043\segments\000\polar.txt,.txt,1223,921201994ccfa5dd095574dbc3057079b3f38163ed04d3170a4af8cab52d99cd,
~\workspaces\github.com\bengawith\paper\results\robust_v2\xfoil_candidates\deterministic_optimum\shared_043\segments\001\polar.txt,.txt,1157,53893dddbbda3201efa323fd6cb64d0d9fbf17d7891d6797a8eb65575c79d279,
~\workspaces\github.com\bengawith\paper\results\robust_v2\xfoil_candidates\deterministic_optimum\shared_043\segments\002\polar.txt,.txt,431,a5e0b2585b735a1a929a1f8b4389ad4799147a00bfc88eb4604dfa49c00f4e7f,
~\workspaces\github.com\bengawith\paper\results\robust_v2\xfoil_candidates\deterministic_optimum\shared_043\segments\003\polar.txt,.txt,1157,27fb37971da8d4a51e0337b584b1a86ff7a31d2dc1fef353df25318ae458ae68,
~\workspaces\github.com\bengawith\paper\results\robust_v2\xfoil_candidates\deterministic_optimum\shared_043\segments\004\polar.txt,.txt,431,a5e0b2585b735a1a929a1f8b4389ad4799147a00bfc88eb4604dfa49c00f4e7f,
~\workspaces\github.com\bengawith\paper\results\robust_v2\xfoil_candidates\deterministic_optimum\shared_044\segments\000\polar.txt,.txt,1223,4e5bccb08443122407f718e599092777062d5249d56a371378f0c409c04a6912,
~\workspaces\github.com\bengawith\paper\results\robust_v2\xfoil_candidates\deterministic_optimum\shared_044\segments\001\polar.txt,.txt,1157,1da91b267aad875b00115388378ffe4db88eae6ecdc6cd1e2d246f74ec5df2d0,
~\workspaces\github.com\bengawith\paper\results\robust_v2\xfoil_candidates\deterministic_optimum\shared_044\segments\002\polar.txt,.txt,1091,942cbb6a58cc72fa3d667d3efdc370d49b74d72722e64e98a0be1418c30c18f0,
~\workspaces\github.com\bengawith\paper\results\robust_v2\xfoil_candidates\deterministic_optimum\shared_044\segments\003\polar.txt,.txt,695,2718570befcc900f1ff80fd0ad157f3008a8ba59bbc4a77d9d183df5f9d7dc3f,
~\workspaces\github.com\bengawith\paper\results\robust_v2\xfoil_candidates\deterministic_optimum\shared_044\segments\004\polar.txt,.txt,431,d71d2e4b75951c6d665ce5d5bf0a350a9f1e2c63ce33d8d359b9aa78f1de642d,
~\workspaces\github.com\bengawith\paper\results\robust_v2\xfoil_candidates\deterministic_optimum\shared_045\segments\000\polar.txt,.txt,1223,1727ba6c1a1bfe2d7fe9d7e962b28463ae5f23b564496ebb4c155c6cc72d938c,
~\workspaces\github.com\bengawith\paper\results\robust_v2\xfoil_candidates\deterministic_optimum\shared_045\segments\001\polar.txt,.txt,1223,aaa17f67e6a38bb4b8190e5e1639d6a6d72357c17f9b091f1537b174f708fff2,
~\workspaces\github.com\bengawith\paper\results\robust_v2\xfoil_candidates\deterministic_optimum\shared_045\segments\002\polar.txt,.txt,1223,513e19ee3794473e31359a675a8b4e6e51cc7ebe67efa8779f7366c0ee3517ba,
~\workspaces\github.com\bengawith\paper\results\robust_v2\xfoil_candidates\deterministic_optimum\shared_045\segments\003\polar.txt,.txt,1223,664fa181784b5316aacc904f0d7b1fa04211214440300f32a5ea4d9d2ea2b776,
~\workspaces\github.com\bengawith\paper\results\robust_v2\xfoil_candidates\deterministic_optimum\shared_045\segments\004\polar.txt,.txt,497,4ed2cb2340c06bf1e55e1fa506e5f97f7bd96e50366061a12a5442d18cbec54b,
~\workspaces\github.com\bengawith\paper\results\robust_v2\xfoil_candidates\deterministic_optimum\shared_046\segments\000\polar.txt,.txt,1223,9fa1e32d76a18b18208ff819af19bb2cfac790eaa4a8c28bc5a6bad7572661b8,
~\workspaces\github.com\bengawith\paper\results\robust_v2\xfoil_candidates\deterministic_optimum\shared_046\segments\001\polar.txt,.txt,1157,9d7d010fb01331c9b92e3276e1405f8f6a5016e65ac7229eaec8ae6153d98609,
~\workspaces\github.com\bengawith\paper\results\robust_v2\xfoil_candidates\deterministic_optimum\shared_046\segments\002\polar.txt,.txt,563,3c7dbd3289f1dc91dd34272aa7c91088bb3d59e2fc0296a587ff652f4b74fe24,
~\workspaces\github.com\bengawith\paper\results\robust_v2\xfoil_candidates\deterministic_optimum\shared_046\segments\003\polar.txt,.txt,1223,1397497244ab56f75da24b808433614f40646a6077c2cf0ec81f60e2b7dba18a,
~\workspaces\github.com\bengawith\paper\results\robust_v2\xfoil_candidates\deterministic_optimum\shared_046\segments\004\polar.txt,.txt,431,1bbe63a5a02bb8b7d0021b3ad1e3f45d7d763e3f97651b95d3c3fe626b69ae02,
~\workspaces\github.com\bengawith\paper\results\robust_v2\xfoil_candidates\deterministic_optimum\shared_047\segments\000\polar.txt,.txt,1223,bf3eac62d8701c7c3103f67bf93ca84cb009ae6286da3f9ec0d1602a6430cb73,
~\workspaces\github.com\bengawith\paper\results\robust_v2\xfoil_candidates\deterministic_optimum\shared_047\segments\001\polar.txt,.txt,1091,a842ad2a882872ed8da5c49e4a85d3c06d4896d2b9f61ac7cfd57970de3826a0,
~\workspaces\github.com\bengawith\paper\results\robust_v2\xfoil_candidates\deterministic_optimum\shared_047\segments\002\polar.txt,.txt,1223,dc3cc20f9c0329470fc1144232e5985010bbdf8f28181c6060e4bbb2044fe2fc,
~\workspaces\github.com\bengawith\paper\results\robust_v2\xfoil_candidates\deterministic_optimum\shared_047\segments\003\polar.txt,.txt,1157,618563243b56655fa0b75a1d0d624d6afa349cae92f405bf0471389bb1023915,
~\workspaces\github.com\bengawith\paper\results\robust_v2\xfoil_candidates\deterministic_optimum\shared_047\segments\004\polar.txt,.txt,497,4ce7aae285a364600b3cd14a406c097d8045465c0640ba901bcb5f87e84df380,
~\workspaces\github.com\bengawith\paper\results\robust_v2\xfoil_candidates\deterministic_optimum\shared_048\segments\000\polar.txt,.txt,1223,7c7d63ef16028caede07ae1c4b8f05c27cd278e37734902fec10ec2b73383f73,
~\workspaces\github.com\bengawith\paper\results\robust_v2\xfoil_candidates\deterministic_optimum\shared_048\segments\001\polar.txt,.txt,827,97805ff1cb382d91a998038f84b19fda483abcbb27e78782a98d240b07945d96,
~\workspaces\github.com\bengawith\paper\results\robust_v2\xfoil_candidates\deterministic_optimum\shared_048\segments\002\polar.txt,.txt,1223,35f633d7a679dab4911af94302a8f53e4392a073971a81929316960916fad5c1,
~\workspaces\github.com\bengawith\paper\results\robust_v2\xfoil_candidates\deterministic_optimum\shared_048\segments\003\polar.txt,.txt,1091,b3f5bf6610f4fced46a64e2106d0685a191a0d8ddbd76f7b33779c6371cd3561,
~\workspaces\github.com\bengawith\paper\results\robust_v2\xfoil_candidates\deterministic_optimum\shared_048\segments\004\polar.txt,.txt,431,d9c7b7140e58af34ab11b17f9021499727fabf30ce8f9c6271b25d8eed5d92d8,
~\workspaces\github.com\bengawith\paper\results\robust_v2\xfoil_candidates\deterministic_optimum\shared_049\segments\000\polar.txt,.txt,1223,53e7eca4d0d350cd54a2f4b16c41a523dae2206fb79054fe69176f563eab3679,
~\workspaces\github.com\bengawith\paper\results\robust_v2\xfoil_candidates\deterministic_optimum\shared_049\segments\001\polar.txt,.txt,1157,71095e1c368464a0bb6e64bb2173c857af1e1c14183481c38aaef0eebc7790ac,
~\workspaces\github.com\bengawith\paper\results\robust_v2\xfoil_candidates\deterministic_optimum\shared_049\segments\002\polar.txt,.txt,1223,9ccb3ae085bb8be202039ecf9c5a7147189a0335a5872e83caa5728f14b8becf,
~\workspaces\github.com\bengawith\paper\results\robust_v2\xfoil_candidates\deterministic_optimum\shared_049\segments\003\polar.txt,.txt,1223,27038dfd36ce9a05f08914703badd8369f43fbc5e19f97b33f85e1d4a677bedf,
~\workspaces\github.com\bengawith\paper\results\robust_v2\xfoil_candidates\deterministic_optimum\shared_049\segments\004\polar.txt,.txt,431,eaefcd818ed69a2b20c8206dec785f5896f61fe5898ec4c37c030d0e67a92bb5,
~\workspaces\github.com\bengawith\paper\results\robust_v2\xfoil_candidates\deterministic_optimum\shared_050\segments\000\polar.txt,.txt,1223,0f3341f21d3d110d6d582828898ecba56c21d3cbf276cbea66394f40ebbc3aec,
~\workspaces\github.com\bengawith\paper\results\robust_v2\xfoil_candidates\deterministic_optimum\shared_050\segments\001\polar.txt,.txt,1157,8a2de8bb829f0366d096b90d2dd338325217237df86a7ffa2b83b0dfcfbeeaa4,
~\workspaces\github.com\bengawith\paper\results\robust_v2\xfoil_candidates\deterministic_optimum\shared_050\segments\002\polar.txt,.txt,1223,ecaa022e78315cebbf3a2f6957a7a1801ee1b5472c58c1e0fef3594c1d3c372e,
~\workspaces\github.com\bengawith\paper\results\robust_v2\xfoil_candidates\deterministic_optimum\shared_050\segments\003\polar.txt,.txt,1157,a53112cd68b88d69373c2fd200061042fb1d41cfa498edb4c7b5877552b17869,
~\workspaces\github.com\bengawith\paper\results\robust_v2\xfoil_candidates\deterministic_optimum\shared_050\segments\004\polar.txt,.txt,497,1885f24281a05ecfbf81f407042de3d3f410b251aaf52b5704ccf6966a2d89ee,
~\workspaces\github.com\bengawith\paper\results\robust_v2\xfoil_candidates\deterministic_optimum\shared_051\segments\000\polar.txt,.txt,1223,b3ad2125fe4968b1e1eeecdfb0b4414344423df49b9088834155884a3afb5763,
~\workspaces\github.com\bengawith\paper\results\robust_v2\xfoil_candidates\deterministic_optimum\shared_051\segments\001\polar.txt,.txt,1223,b356e05f5200ad85560de7772c71688e811123f041b8809d4395a644e7df30fa,
~\workspaces\github.com\bengawith\paper\results\robust_v2\xfoil_candidates\deterministic_optimum\shared_051\segments\002\polar.txt,.txt,1223,b5ed2ea06837cf464d848225322bee9874f4f01135f386197f09a7026a9cc002,
~\workspaces\github.com\bengawith\paper\results\robust_v2\xfoil_candidates\deterministic_optimum\shared_051\segments\003\polar.txt,.txt,761,2c4cbb8b8ef166a9c5c5e4f59e1b0f2aeafdbad5479b0126b365db351b4aeaee,
~\workspaces\github.com\bengawith\paper\results\robust_v2\xfoil_candidates\deterministic_optimum\shared_051\segments\004\polar.txt,.txt,431,ff0d3edd904c2f1a8d61ba7fad6106f09d8246dd2496d87a14171137293897b5,
~\workspaces\github.com\bengawith\paper\results\robust_v2\xfoil_candidates\deterministic_optimum\shared_052\segments\000\polar.txt,.txt,1223,1752468d8799a9aa3ae521537600f1cbad09ac38909e589c5fa408b4d0b2dec0,
~\workspaces\github.com\bengawith\paper\results\robust_v2\xfoil_candidates\deterministic_optimum\shared_052\segments\001\polar.txt,.txt,1157,5947c190971b6d83c4759bea5371064e50677ff5b5805a88aa31fa901972d5a4,
~\workspaces\github.com\bengawith\paper\results\robust_v2\xfoil_candidates\deterministic_optimum\shared_052\segments\002\polar.txt,.txt,1223,6b7ac64c3715ac5968fc9dbf57ab1f6601e42da8e286f5ca7e56fb0723b1bbd5,
~\workspaces\github.com\bengawith\paper\results\robust_v2\xfoil_candidates\deterministic_optimum\shared_052\segments\003\polar.txt,.txt,695,6810ed82b60d29cf28ae68b5152415505bfec9da85134497017348324dac6f0c,
~\workspaces\github.com\bengawith\paper\results\robust_v2\xfoil_candidates\deterministic_optimum\shared_052\segments\004\polar.txt,.txt,431,cf69a4d20e431a0b74d84d13705252fd859592e5cc7e0334b0645dbb243aab96,
~\workspaces\github.com\bengawith\paper\results\robust_v2\xfoil_candidates\deterministic_optimum\shared_053\segments\000\polar.txt,.txt,1223,112939ab26b02c7fa1ac8327ad2724ec4947cf5b8bb11c92cdee59a12ffa9801,
~\workspaces\github.com\bengawith\paper\results\robust_v2\xfoil_candidates\deterministic_optimum\shared_053\segments\001\polar.txt,.txt,1223,e5a85bf793618f1b3366c7682156789cdd8f09e720944abc2e775c4369d83cb1,
~\workspaces\github.com\bengawith\paper\results\robust_v2\xfoil_candidates\deterministic_optimum\shared_053\segments\002\polar.txt,.txt,1223,252d5bcaf33c3639a70af0c792c2352277f75a1bbf0617bf68983b6293402e24,
~\workspaces\github.com\bengawith\paper\results\robust_v2\xfoil_candidates\deterministic_optimum\shared_053\segments\003\polar.txt,.txt,431,379e84b2fb90260a3c1eff3d9f02f6cbb97528b99bad1ca44584d7a45c6dd375,
~\workspaces\github.com\bengawith\paper\results\robust_v2\xfoil_candidates\deterministic_optimum\shared_053\segments\004\polar.txt,.txt,431,379e84b2fb90260a3c1eff3d9f02f6cbb97528b99bad1ca44584d7a45c6dd375,
~\workspaces\github.com\bengawith\paper\results\robust_v2\xfoil_candidates\deterministic_optimum\shared_054\segments\000\polar.txt,.txt,1223,fe6bfcf14b1c614fe72d5b6d6c516a03e3c3863a41a4a0d11a0919996cc0427e,
~\workspaces\github.com\bengawith\paper\results\robust_v2\xfoil_candidates\deterministic_optimum\shared_054\segments\001\polar.txt,.txt,1157,293044dec1e5bfb2d4461adb222b688130f56355a5bbe5530dbb3bf16321fd8a,
~\workspaces\github.com\bengawith\paper\results\robust_v2\xfoil_candidates\deterministic_optimum\shared_054\segments\002\polar.txt,.txt,1223,c74855e6dce0783ab3fb16eb37dee864e1697c77d6d26867ef82eaeaaa21336d,
~\workspaces\github.com\bengawith\paper\results\robust_v2\xfoil_candidates\deterministic_optimum\shared_054\segments\003\polar.txt,.txt,1223,ba35086ffe6212387db92dce598a1a55ccc86daa447705966533f5097bad753f,
~\workspaces\github.com\bengawith\paper\results\robust_v2\xfoil_candidates\deterministic_optimum\shared_054\segments\004\polar.txt,.txt,497,ea0378bead7cbf38097ad2a8115ed0d55c30d5954fd9f3615c4fcf34553134a0,
~\workspaces\github.com\bengawith\paper\results\robust_v2\xfoil_candidates\deterministic_optimum\shared_055\segments\000\polar.txt,.txt,1223,bb9a2f2efa19555900e44afaa446bfa29d5c7ad18e906144f10f68636ec8f6a0,
~\workspaces\github.com\bengawith\paper\results\robust_v2\xfoil_candidates\deterministic_optimum\shared_055\segments\001\polar.txt,.txt,827,609126425f51a75a5b272d10a65ceb26067b50448108b26fdda70df8da887ee1,
~\workspaces\github.com\bengawith\paper\results\robust_v2\xfoil_candidates\deterministic_optimum\shared_055\segments\002\polar.txt,.txt,1223,c0ca6ef123a2f162c27d7b0873b9ca85ec43b14100e53564b49959069a311884,
~\workspaces\github.com\bengawith\paper\results\robust_v2\xfoil_candidates\deterministic_optimum\shared_055\segments\003\polar.txt,.txt,893,c9506cf22e8ece52577066ec4c7fe49b509272b1ada6b8fff50ee0792a1558a8,
~\workspaces\github.com\bengawith\paper\results\robust_v2\xfoil_candidates\deterministic_optimum\shared_055\segments\004\polar.txt,.txt,431,65377a56007e443b42663a41a11b1a2eaaae39cc2d5d6ffe3a2ba201c42e6b6c,
~\workspaces\github.com\bengawith\paper\results\robust_v2\xfoil_candidates\deterministic_optimum\shared_056\segments\000\polar.txt,.txt,1223,ddbe7551798bb77fd573d39ea93ffa64370873d38774c4f7ac68db4eeb77d4eb,
~\workspaces\github.com\bengawith\paper\results\robust_v2\xfoil_candidates\deterministic_optimum\shared_056\segments\001\polar.txt,.txt,1223,eb395460877cf450a99c76ae3f4a2649edcb27edd277e7fc4205f800b7507c20,
~\workspaces\github.com\bengawith\paper\results\robust_v2\xfoil_candidates\deterministic_optimum\shared_056\segments\002\polar.txt,.txt,1223,0be494b843d6696d84c9a1fd3b92389c04cccd84a8f0f59401e854bb2b84e2a5,
~\workspaces\github.com\bengawith\paper\results\robust_v2\xfoil_candidates\deterministic_optimum\shared_056\segments\003\polar.txt,.txt,959,9cea2e4c28ca2de9313299b1691b2363ff0b49651db024a5a6687d7796243bb6,
~\workspaces\github.com\bengawith\paper\results\robust_v2\xfoil_candidates\deterministic_optimum\shared_056\segments\004\polar.txt,.txt,431,9deaa5a9c45fe81589293605b311288d7aaa9455fa2f6e4f38222de54187a919,
~\workspaces\github.com\bengawith\paper\results\robust_v2\xfoil_candidates\deterministic_optimum\shared_057\segments\000\polar.txt,.txt,1223,dd884d374b207eefa5536b242d64d05fd06864a7e0480bf5ed97e268151793b4,
~\workspaces\github.com\bengawith\paper\results\robust_v2\xfoil_candidates\deterministic_optimum\shared_057\segments\001\polar.txt,.txt,959,87011c773715e514ed1fc0a3bf51b6a86492a6f274fa2af041856ffda29a1c94,
~\workspaces\github.com\bengawith\paper\results\robust_v2\xfoil_candidates\deterministic_optimum\shared_057\segments\002\polar.txt,.txt,1223,2f1cf55a865054396bd099d93228777b8cf94ad59ab51b51f37dcd4857c3bfca,
~\workspaces\github.com\bengawith\paper\results\robust_v2\xfoil_candidates\deterministic_optimum\shared_057\segments\003\polar.txt,.txt,1223,d350ca37382196436f6336025e8aeeb0a5e10ef3d5649adc845772ffa401a29d,
~\workspaces\github.com\bengawith\paper\results\robust_v2\xfoil_candidates\deterministic_optimum\shared_057\segments\004\polar.txt,.txt,497,4c4a08d594a062db3d8fe3d4d3141114169b735d95b6066d44f6e3999357a0b5,
~\workspaces\github.com\bengawith\paper\results\robust_v2\xfoil_candidates\deterministic_optimum\shared_058\segments\000\polar.txt,.txt,1223,2067a45c307263e0d07e39053f38f038312e44f14851a24dea788208cd18c47a,
~\workspaces\github.com\bengawith\paper\results\robust_v2\xfoil_candidates\deterministic_optimum\shared_058\segments\001\polar.txt,.txt,1157,987534b26ec3dee4f03ee8a51f89a8ddd4d1ba5279e86c7cd169eb6a42488198,
~\workspaces\github.com\bengawith\paper\results\robust_v2\xfoil_candidates\deterministic_optimum\shared_058\segments\002\polar.txt,.txt,1223,64447f5af9b28b58a78751e74206c5b51b49cd289019a24deaa7ddac8485bb91,
~\workspaces\github.com\bengawith\paper\results\robust_v2\xfoil_candidates\deterministic_optimum\shared_058\segments\003\polar.txt,.txt,1157,1845f4eb2672c141a509b3ee74e9087bb64ea6b955efbd1f2b88372f3c42a0d2,
~\workspaces\github.com\bengawith\paper\results\robust_v2\xfoil_candidates\deterministic_optimum\shared_058\segments\004\polar.txt,.txt,497,4bb29cc4e16748d8c87a9c37a78556253509bd45c2d05b9ec716ba3b5f52a398,
~\workspaces\github.com\bengawith\paper\results\robust_v2\xfoil_candidates\deterministic_optimum\shared_059\segments\000\polar.txt,.txt,1223,d966d7efe11e104599ec681ceafe0493effd3386430c64cd0216a0f10df58ed4,
~\workspaces\github.com\bengawith\paper\results\robust_v2\xfoil_candidates\deterministic_optimum\shared_059\segments\001\polar.txt,.txt,1157,8b2de227e8a3803da025e370681f5cf849075e289d1839d859b90f7a2cb37df5,
~\workspaces\github.com\bengawith\paper\results\robust_v2\xfoil_candidates\deterministic_optimum\shared_059\segments\002\polar.txt,.txt,959,a52652345faeb526330ff928402d2ded00862bbd5b9ba050f1844da91757d877,
~\workspaces\github.com\bengawith\paper\results\robust_v2\xfoil_candidates\deterministic_optimum\shared_059\segments\003\polar.txt,.txt,1157,0e7ef4b9664b8500edc307174ef81439dd7e60bd14fc732982d0ca2a8d7815c6,
~\workspaces\github.com\bengawith\paper\results\robust_v2\xfoil_candidates\deterministic_optimum\shared_059\segments\004\polar.txt,.txt,431,6206c95f5162f6910c6ff10c12a40b9edab8fe2580744d2c5dd52ec8f56717d2,
~\workspaces\github.com\bengawith\paper\results\robust_v2\xfoil_candidates\deterministic_optimum\shared_060\segments\000\polar.txt,.txt,1223,2a4d61ac8f83787f8b47ee00ea028a738ce03fa30a95ccd1eda0cbe4df04a6a8,
~\workspaces\github.com\bengawith\paper\results\robust_v2\xfoil_candidates\deterministic_optimum\shared_060\segments\001\polar.txt,.txt,1157,7cf894ea714f87a814bc0fb6418eb7f2801e67f262319e2884640873b998c195,
~\workspaces\github.com\bengawith\paper\results\robust_v2\xfoil_candidates\deterministic_optimum\shared_060\segments\002\polar.txt,.txt,1091,aed7cba5c2065dbc5099af108fdfb25eab087e502641eb9da2fc715757021ee0,
~\workspaces\github.com\bengawith\paper\results\robust_v2\xfoil_candidates\deterministic_optimum\shared_060\segments\003\polar.txt,.txt,1091,b7d69cb9c3d3a0d7e5a1bc7883e1903d8fbb92dc44a3b9b962b2f36a2df7f2e8,
~\workspaces\github.com\bengawith\paper\results\robust_v2\xfoil_candidates\deterministic_optimum\shared_060\segments\004\polar.txt,.txt,497,2a4a35e831e4a7e71c1c440e83a1ef172393a6ca87478fc6d27923085a30e3f7,
~\workspaces\github.com\bengawith\paper\results\robust_v2\xfoil_candidates\deterministic_optimum\shared_061\segments\000\polar.txt,.txt,1223,be651e5d1d89c2d1f8440ee27d3c8af514b323618153340864e0513916e28112,
~\workspaces\github.com\bengawith\paper\results\robust_v2\xfoil_candidates\deterministic_optimum\shared_061\segments\001\polar.txt,.txt,1157,bda559c68d83b38e8ee429313ec71998a63e205c6582d5ea75698c168f74e127,
~\workspaces\github.com\bengawith\paper\results\robust_v2\xfoil_candidates\deterministic_optimum\shared_061\segments\002\polar.txt,.txt,1223,abb1267396748498394811e56032640fdb3615eb86e17a71ccd6a72c8b68f34c,
~\workspaces\github.com\bengawith\paper\results\robust_v2\xfoil_candidates\deterministic_optimum\shared_061\segments\003\polar.txt,.txt,1223,00f451d1fb712ce28f513fd2eca9c4a363b691b4578c48083995c6fa75b636bc,
~\workspaces\github.com\bengawith\paper\results\robust_v2\xfoil_candidates\deterministic_optimum\shared_061\segments\004\polar.txt,.txt,497,28f9b3782c7888c169f8099e248c6c8a58b0bcf5b0329de801eb984a4d6323e7,
~\workspaces\github.com\bengawith\paper\results\robust_v2\xfoil_candidates\deterministic_optimum\shared_062\segments\000\polar.txt,.txt,1223,02c22148541f088b575ef6e09f2cf544b45e64d60bdc3a6b0e48e0802b02fa25,
~\workspaces\github.com\bengawith\paper\results\robust_v2\xfoil_candidates\deterministic_optimum\shared_062\segments\001\polar.txt,.txt,1025,5564157f17d793476bd25c1f90e78ac2b00d8a8fce676de98cdfb7c12c982d93,
~\workspaces\github.com\bengawith\paper\results\robust_v2\xfoil_candidates\deterministic_optimum\shared_062\segments\002\polar.txt,.txt,1223,6ec39e4e4c59f8d3387b610988a5414a4bdf5c62138d0c2a7edb1a933973ae30,
~\workspaces\github.com\bengawith\paper\results\robust_v2\xfoil_candidates\deterministic_optimum\shared_062\segments\003\polar.txt,.txt,1157,03461af06b3e330553257f78d50a9ca2c4bcc238909b475c000737ef50603e07,
~\workspaces\github.com\bengawith\paper\results\robust_v2\xfoil_candidates\deterministic_optimum\shared_062\segments\004\polar.txt,.txt,431,94eb581c04215d1977ce7ed224b94a455bcc92b81c6703ada9cbdc5ba34e44fc,
~\workspaces\github.com\bengawith\paper\results\robust_v2\xfoil_candidates\deterministic_optimum\shared_063\segments\000\polar.txt,.txt,1223,536ba067b663287a705e84c7d8dadc85e49857a6fddfcfe70eeddc61c4f026f6,
~\workspaces\github.com\bengawith\paper\results\robust_v2\xfoil_candidates\deterministic_optimum\shared_063\segments\001\polar.txt,.txt,1157,dfa45027a92af705c3ed2168052ee7ea5808a417dca666615da9aaba750e646b,
~\workspaces\github.com\bengawith\paper\results\robust_v2\xfoil_candidates\deterministic_optimum\shared_063\segments\002\polar.txt,.txt,1223,01f88af13ac25ac4e116d6e77dc20437dfb60cd8af534871cc7026f6e9135cb2,
~\workspaces\github.com\bengawith\paper\results\robust_v2\xfoil_candidates\deterministic_optimum\shared_063\segments\003\polar.txt,.txt,1091,9028155a84573a7d3b38220e4c9b99eb802d923f5c6bd944b59b8770961f13aa,
~\workspaces\github.com\bengawith\paper\results\robust_v2\xfoil_candidates\deterministic_optimum\shared_063\segments\004\polar.txt,.txt,431,637c9d18349676b37e385baf7ece9e835554342e9abe72e28c1dd08bd952b34c,
~\workspaces\github.com\bengawith\paper\results\robust_v2\xfoil_candidates\smooth_correlated_robust_optimum\adverse_tail_017\segments\000\polar.txt,.txt,1223,658c4487d9392c4146bf2831d1d882e47b875cdf0db365b596ea89c1a86e354e,
~\workspaces\github.com\bengawith\paper\results\robust_v2\xfoil_candidates\smooth_correlated_robust_optimum\adverse_tail_017\segments\001\polar.txt,.txt,1223,2e74d0278bd19c529cc0ab4a74b17f08fc9b5ea346777ddb0ce1e927098e1818,
~\workspaces\github.com\bengawith\paper\results\robust_v2\xfoil_candidates\smooth_correlated_robust_optimum\adverse_tail_017\segments\002\polar.txt,.txt,1223,9c5893d7f3a5d7d07f80f6bacf60d3f073daef249768839dc01b88f18e4e2f09,
~\workspaces\github.com\bengawith\paper\results\robust_v2\xfoil_candidates\smooth_correlated_robust_optimum\adverse_tail_017\segments\003\polar.txt,.txt,1223,2e20f3583e173169ef8b6bf74ce5c2a3477c76f59188ba4b524b4dadffc1d0b2,
~\workspaces\github.com\bengawith\paper\results\robust_v2\xfoil_candidates\smooth_correlated_robust_optimum\adverse_tail_017\segments\004\polar.txt,.txt,497,e84004da02eebce371ac453554fed31bca4e7c186e4e449b1bbb7e9ff06d3f03,
~\workspaces\github.com\bengawith\paper\results\robust_v2\xfoil_candidates\smooth_correlated_robust_optimum\adverse_tail_060\segments\000\polar.txt,.txt,1223,f77790e4f29bc6efb4b45a9c8fe4075c4efc65fbfd38f6c2a8b9d351266f8146,
~\workspaces\github.com\bengawith\paper\results\robust_v2\xfoil_candidates\smooth_correlated_robust_optimum\adverse_tail_060\segments\001\polar.txt,.txt,1223,8627054272cab6e1c9df26a7404c71ace6f09f15086448b475c4386e55f63b58,
~\workspaces\github.com\bengawith\paper\results\robust_v2\xfoil_candidates\smooth_correlated_robust_optimum\adverse_tail_060\segments\002\polar.txt,.txt,1223,f04d9bb276082ad55360c8f25044e70be5d164212d4c52b5d61b97ee71ef4fd2,
~\workspaces\github.com\bengawith\paper\results\robust_v2\xfoil_candidates\smooth_correlated_robust_optimum\adverse_tail_060\segments\003\polar.txt,.txt,1223,b2aaf800eb3c1359765743b333d5708be1b67653ba9dc08b923a811f91f781a1,
~\workspaces\github.com\bengawith\paper\results\robust_v2\xfoil_candidates\smooth_correlated_robust_optimum\adverse_tail_060\segments\004\polar.txt,.txt,497,4e5093ade8d350384c07a980a1bb123f7a912080c3f28d408a423ba8b734ceaa,
~\workspaces\github.com\bengawith\paper\results\robust_v2\xfoil_candidates\smooth_correlated_robust_optimum\nominal\segments\000\polar.txt,.txt,1157,af831ce5b24539c8a787c6b4b966c0034f738617327408ee9a6a2ea638a03ba8,
~\workspaces\github.com\bengawith\paper\results\robust_v2\xfoil_candidates\smooth_correlated_robust_optimum\nominal\segments\001\polar.txt,.txt,1157,45cec4b3c055b1ef77f68b0855d27ac22fc4bf59ce6a9fb231b400713be8867d,
~\workspaces\github.com\bengawith\paper\results\robust_v2\xfoil_candidates\smooth_correlated_robust_optimum\nominal\segments\002\polar.txt,.txt,1223,187da9ff891d8d1154532927bc1b5fe3b05ef2f3a00c57f82a1592472af3618a,
~\workspaces\github.com\bengawith\paper\results\robust_v2\xfoil_candidates\smooth_correlated_robust_optimum\nominal\segments\003\polar.txt,.txt,1223,49479145a4e1c0825eefa2ec1477c1f5d2cfc2c4dea16eec73e34268eb15c730,
~\workspaces\github.com\bengawith\paper\results\robust_v2\xfoil_candidates\smooth_correlated_robust_optimum\nominal\segments\004\polar.txt,.txt,497,3b70a9fc543f4d56c51c272caa2852a8d3980c701a4f19c52049335818e914d4,
~\workspaces\github.com\bengawith\paper\results\robust_v2\xfoil_candidates\smooth_correlated_robust_optimum\shared_000\segments\000\polar.txt,.txt,1223,6394f5d16bc4b80814ec0a920ab77ffecab03dfc7b150f7a23ffe92887042854,
~\workspaces\github.com\bengawith\paper\results\robust_v2\xfoil_candidates\smooth_correlated_robust_optimum\shared_000\segments\001\polar.txt,.txt,1157,ecf33c0465aa2858aa5b5e4fb70dbf1bc4b5d515a5e6361377291f7c6b29791c,
~\workspaces\github.com\bengawith\paper\results\robust_v2\xfoil_candidates\smooth_correlated_robust_optimum\shared_000\segments\002\polar.txt,.txt,1223,5565efd89410a291634632c94f7196f0af239f38d54f1a06af812adfc157258c,
~\workspaces\github.com\bengawith\paper\results\robust_v2\xfoil_candidates\smooth_correlated_robust_optimum\shared_000\segments\003\polar.txt,.txt,1223,a7e29002f29ef1440c3fb1609b5425a21adbb07b768f929f0a6b3f81bff913e6,
~\workspaces\github.com\bengawith\paper\results\robust_v2\xfoil_candidates\smooth_correlated_robust_optimum\shared_000\segments\004\polar.txt,.txt,497,72378b01d1bb69c0824047beeac114270294a4005bb687e1c78224a06c8d8f43,
~\workspaces\github.com\bengawith\paper\results\robust_v2\xfoil_candidates\smooth_correlated_robust_optimum\shared_001\segments\000\polar.txt,.txt,1157,b6df0e7a87687ed87db8c51b3a550d18767e486eda03ab151a37be26b39c5b61,
~\workspaces\github.com\bengawith\paper\results\robust_v2\xfoil_candidates\smooth_correlated_robust_optimum\shared_001\segments\001\polar.txt,.txt,1157,851fcf750a0385b58fc7282f77f7018b5fd1222d088da6c550095335641f769f,
~\workspaces\github.com\bengawith\paper\results\robust_v2\xfoil_candidates\smooth_correlated_robust_optimum\shared_001\segments\002\polar.txt,.txt,1223,0556ed9f4acd927f1bfa7eb012e0be712f563efa4dbcc1da97dc4dd5da1e3dcf,
~\workspaces\github.com\bengawith\paper\results\robust_v2\xfoil_candidates\smooth_correlated_robust_optimum\shared_001\segments\003\polar.txt,.txt,1223,e23eb0dbbb281fd20709c54e65acf281ed93e751686ef85b289f17f984398049,
~\workspaces\github.com\bengawith\paper\results\robust_v2\xfoil_candidates\smooth_correlated_robust_optimum\shared_001\segments\004\polar.txt,.txt,497,d93ac2085401ab9a359c7c95bf66561d7520d5d099f907c2bee3114e2e584c52,
~\workspaces\github.com\bengawith\paper\results\robust_v2\xfoil_candidates\smooth_correlated_robust_optimum\shared_002\segments\000\polar.txt,.txt,1223,c737a7815ea6b104f6b39c18d89ed0a6d2397dfff9893979fb507e965d8a1e70,
~\workspaces\github.com\bengawith\paper\results\robust_v2\xfoil_candidates\smooth_correlated_robust_optimum\shared_002\segments\001\polar.txt,.txt,1157,e1f905989d1e697d37ac92314d598268b5b330303590fc81da71f0ad87bd6216,
~\workspaces\github.com\bengawith\paper\results\robust_v2\xfoil_candidates\smooth_correlated_robust_optimum\shared_002\segments\002\polar.txt,.txt,1223,8f56ccff2a631da307b4368c23a136c5509aa6a50befd06667a035b8cfb745c0,
~\workspaces\github.com\bengawith\paper\results\robust_v2\xfoil_candidates\smooth_correlated_robust_optimum\shared_002\segments\003\polar.txt,.txt,1223,e7a90dfd81848c829b3fef06f58accb007a02f80ae2f61a9ed28aa177ce223d1,
~\workspaces\github.com\bengawith\paper\results\robust_v2\xfoil_candidates\smooth_correlated_robust_optimum\shared_002\segments\004\polar.txt,.txt,497,b092a0158cb79f35b2f168cb8a07de7be1f432f209c5b0695e2b8d70ce102639,
~\workspaces\github.com\bengawith\paper\results\robust_v2\xfoil_candidates\smooth_correlated_robust_optimum\shared_003\segments\000\polar.txt,.txt,1157,4cb0679e2c7685dad333a9bbe0983c5dc38ab5dd22e84fafaa1c467fc6c37ae7,
~\workspaces\github.com\bengawith\paper\results\robust_v2\xfoil_candidates\smooth_correlated_robust_optimum\shared_003\segments\001\polar.txt,.txt,1157,8c411aee961bfa016dafb34e5f2b9fad4d356a753a6f72e3d43e6d7156028df4,
~\workspaces\github.com\bengawith\paper\results\robust_v2\xfoil_candidates\smooth_correlated_robust_optimum\shared_003\segments\002\polar.txt,.txt,1157,2652b9279679a452066ed658ca6967bbfc5c4c4806fbb5fd543686146d897b37,
~\workspaces\github.com\bengawith\paper\results\robust_v2\xfoil_candidates\smooth_correlated_robust_optimum\shared_003\segments\003\polar.txt,.txt,1223,cb08c5cf05b2bce17e34a37305aff4d67235f344ad54649bee1368a4e26df176,
~\workspaces\github.com\bengawith\paper\results\robust_v2\xfoil_candidates\smooth_correlated_robust_optimum\shared_003\segments\004\polar.txt,.txt,497,7e11c9f668ba24d881db1ec31fd680ab4a320f75bdf2e9489b5eced6ae2f5078,
~\workspaces\github.com\bengawith\paper\results\robust_v2\xfoil_candidates\smooth_correlated_robust_optimum\shared_004\segments\000\polar.txt,.txt,1223,7845218dad747d29356d77b60fee9be847d90ff32a5fd7e741e2bdc78f852787,
~\workspaces\github.com\bengawith\paper\results\robust_v2\xfoil_candidates\smooth_correlated_robust_optimum\shared_004\segments\001\polar.txt,.txt,1223,184ac03275077f64f7f554f90968741b834b2b4776ec320f84762656b9edaaf3,
~\workspaces\github.com\bengawith\paper\results\robust_v2\xfoil_candidates\smooth_correlated_robust_optimum\shared_004\segments\002\polar.txt,.txt,1157,bf48ebea4bb93818110fbd81d5eee00c7eafc9442148f75cfb416726fd36dbf4,
~\workspaces\github.com\bengawith\paper\results\robust_v2\xfoil_candidates\smooth_correlated_robust_optimum\shared_004\segments\003\polar.txt,.txt,1223,b40207307a4fc8f509fcae0cfb159b8684327429c232ae2a71c8748a2b2a753d,
~\workspaces\github.com\bengawith\paper\results\robust_v2\xfoil_candidates\smooth_correlated_robust_optimum\shared_004\segments\004\polar.txt,.txt,497,90bf640295afe48185c0d19d3c96d54be49972a2cf35045bbdcf5e99cf9cd727,
~\workspaces\github.com\bengawith\paper\results\robust_v2\xfoil_candidates\smooth_correlated_robust_optimum\shared_005\segments\000\polar.txt,.txt,1223,0b15c64e385ddbad2900fd92259e3e02e21077ab0f44e1631089d637d4db0d84,
~\workspaces\github.com\bengawith\paper\results\robust_v2\xfoil_candidates\smooth_correlated_robust_optimum\shared_005\segments\001\polar.txt,.txt,1223,c03a5c3c7f6a96a24f127283797e90785899812ab5084999523f81aba91b1325,
~\workspaces\github.com\bengawith\paper\results\robust_v2\xfoil_candidates\smooth_correlated_robust_optimum\shared_005\segments\002\polar.txt,.txt,1091,8a436e0286a22d8be1fc759d7c0eed1fbc4db3e2e6e058e1b042defed2cb8471,
~\workspaces\github.com\bengawith\paper\results\robust_v2\xfoil_candidates\smooth_correlated_robust_optimum\shared_005\segments\003\polar.txt,.txt,1223,447a7c2cae0e26dd0f2b8bc0ac7968f751426b17f7c0e67ab68c01801df8186e,
~\workspaces\github.com\bengawith\paper\results\robust_v2\xfoil_candidates\smooth_correlated_robust_optimum\shared_005\segments\004\polar.txt,.txt,497,6731c974b44f5a5c5cc53e23fb95b66363edbd1c46fe85e31a1de92cf2dcdbef,
~\workspaces\github.com\bengawith\paper\results\robust_v2\xfoil_candidates\smooth_correlated_robust_optimum\shared_006\segments\000\polar.txt,.txt,1223,a4e85e834a3983853552db18b1e85e116573639d37b4573f363dc453c8b9d84d,
~\workspaces\github.com\bengawith\paper\results\robust_v2\xfoil_candidates\smooth_correlated_robust_optimum\shared_006\segments\001\polar.txt,.txt,1157,0f1ade946abb7495fa5a3996e61ed7f711565edda273ade020023c90fa325f3c,
~\workspaces\github.com\bengawith\paper\results\robust_v2\xfoil_candidates\smooth_correlated_robust_optimum\shared_006\segments\002\polar.txt,.txt,1223,aa2306356bd1d38d8723f99a8466e89185deb191841962cd20905d3dc50eefd5,
~\workspaces\github.com\bengawith\paper\results\robust_v2\xfoil_candidates\smooth_correlated_robust_optimum\shared_006\segments\003\polar.txt,.txt,1223,dbaf4d809c89b8b1b24e00930eb753292f3763fc8e6e382cb3bf777725a1b471,
~\workspaces\github.com\bengawith\paper\results\robust_v2\xfoil_candidates\smooth_correlated_robust_optimum\shared_006\segments\004\polar.txt,.txt,497,1229a4efa72dc6aad6310dcc95e9f970e5c420ecb2763f6c549c4e57dd37d5a9,
~\workspaces\github.com\bengawith\paper\results\robust_v2\xfoil_candidates\smooth_correlated_robust_optimum\shared_007\segments\000\polar.txt,.txt,1157,fa64970376801618af9c5c9714a231f63691deb0574e7a04d8a9becb66b2a2a8,
~\workspaces\github.com\bengawith\paper\results\robust_v2\xfoil_candidates\smooth_correlated_robust_optimum\shared_007\segments\001\polar.txt,.txt,1157,c0bb2ab150284485bbef0f555136a99837673eedd62dfb6e11a98264bb6f8a4d,
~\workspaces\github.com\bengawith\paper\results\robust_v2\xfoil_candidates\smooth_correlated_robust_optimum\shared_007\segments\002\polar.txt,.txt,1223,ff99585ba743d7ce49c3adedea8da75a987f9d85e3d8cedc132e3f5888b42490,
~\workspaces\github.com\bengawith\paper\results\robust_v2\xfoil_candidates\smooth_correlated_robust_optimum\shared_007\segments\003\polar.txt,.txt,1223,7086141a3a2cf6e3539fd68aaadcb6ac6a41018dda6563a76c943996b7b5d6b7,
~\workspaces\github.com\bengawith\paper\results\robust_v2\xfoil_candidates\smooth_correlated_robust_optimum\shared_007\segments\004\polar.txt,.txt,497,e1c0d3720a46e740bb0da5957d9bebed4ab38a9b7d16f76e14d53debecdbd9b1,
~\workspaces\github.com\bengawith\paper\results\robust_v2\xfoil_candidates\smooth_correlated_robust_optimum\shared_008\segments\000\polar.txt,.txt,1157,970632004aa473fdf5d075455fd6475cff7db80d2b146b2fc763731d91997c4d,
~\workspaces\github.com\bengawith\paper\results\robust_v2\xfoil_candidates\smooth_correlated_robust_optimum\shared_008\segments\001\polar.txt,.txt,1223,a5e6d25042df161f94c573abd055dc0120aeb56b7058f9c29587e7c8bd544574,
~\workspaces\github.com\bengawith\paper\results\robust_v2\xfoil_candidates\smooth_correlated_robust_optimum\shared_008\segments\002\polar.txt,.txt,1223,7d6d4a37550ee393677442f3cc95cb7cd835ed15170db4a5922d056b6ad231ed,
~\workspaces\github.com\bengawith\paper\results\robust_v2\xfoil_candidates\smooth_correlated_robust_optimum\shared_008\segments\003\polar.txt,.txt,1223,ead0499da0a765da3b76ac300646145216065510184a75448823624650607e5a,
~\workspaces\github.com\bengawith\paper\results\robust_v2\xfoil_candidates\smooth_correlated_robust_optimum\shared_008\segments\004\polar.txt,.txt,497,3e86cc4d09c128bbf05ae0c6fe405c0e96c4dedacda2b11e962891ea0daeeee3,
~\workspaces\github.com\bengawith\paper\results\robust_v2\xfoil_candidates\smooth_correlated_robust_optimum\shared_009\segments\000\polar.txt,.txt,1223,fda689d1b6ba8d214a8292fc1807fefc0a8537893cdb20ff2d70834cd097feaf,
~\workspaces\github.com\bengawith\paper\results\robust_v2\xfoil_candidates\smooth_correlated_robust_optimum\shared_009\segments\001\polar.txt,.txt,1157,da32d911f528c759b6857df4c9703b3ae4053f3b1197891eef4014208d43087e,
~\workspaces\github.com\bengawith\paper\results\robust_v2\xfoil_candidates\smooth_correlated_robust_optimum\shared_009\segments\002\polar.txt,.txt,1223,f0902ea6f35bfc808a67a3347b99c9004a8f8e296dcfa8b59494dc2170457bd4,
~\workspaces\github.com\bengawith\paper\results\robust_v2\xfoil_candidates\smooth_correlated_robust_optimum\shared_009\segments\003\polar.txt,.txt,1223,3b0667199d84c107f35bc6e838b189d6186710be0ef1f28128c360b7fd312807,
~\workspaces\github.com\bengawith\paper\results\robust_v2\xfoil_candidates\smooth_correlated_robust_optimum\shared_009\segments\004\polar.txt,.txt,497,c21afefc23a2123753513dd5c97966971cd84bdba498acf51ef3225859f85fef,
~\workspaces\github.com\bengawith\paper\results\robust_v2\xfoil_candidates\smooth_correlated_robust_optimum\shared_010\segments\000\polar.txt,.txt,1223,4b0584244e0aee220d206e62d169cf773ccb600055dca331eeffc6d92267d6a6,
~\workspaces\github.com\bengawith\paper\results\robust_v2\xfoil_candidates\smooth_correlated_robust_optimum\shared_010\segments\001\polar.txt,.txt,1223,ab9a1f5e263fc7e56898554fd5f56a7298188c08a37a34432ba21db5e613b5d6,
~\workspaces\github.com\bengawith\paper\results\robust_v2\xfoil_candidates\smooth_correlated_robust_optimum\shared_010\segments\002\polar.txt,.txt,1223,f9805a3d21c321783e908617d7a0c2c03d9c5fe11f140b705f1a909e5c76e489,
~\workspaces\github.com\bengawith\paper\results\robust_v2\xfoil_candidates\smooth_correlated_robust_optimum\shared_010\segments\003\polar.txt,.txt,1223,1139d01ea57b9d69c9fbc73f9de94d5f0dbf8ffee87c0ee61f19bb64ae38c7de,
~\workspaces\github.com\bengawith\paper\results\robust_v2\xfoil_candidates\smooth_correlated_robust_optimum\shared_010\segments\004\polar.txt,.txt,497,9c2c1e900b10bb6024b89ae80d595eb7d1363c1556134dfdd059dcd4471479bb,
~\workspaces\github.com\bengawith\paper\results\robust_v2\xfoil_candidates\smooth_correlated_robust_optimum\shared_011\segments\000\polar.txt,.txt,1223,6c726ede4266ac5b29c2372c913fa1d1e7aded87c8753b475af3d0a3115111e5,
~\workspaces\github.com\bengawith\paper\results\robust_v2\xfoil_candidates\smooth_correlated_robust_optimum\shared_011\segments\001\polar.txt,.txt,1223,8ae2a093416602b5a76f8d5d14e6710299eafb17efd7e456ba247f8d8ab53eef,
~\workspaces\github.com\bengawith\paper\results\robust_v2\xfoil_candidates\smooth_correlated_robust_optimum\shared_011\segments\002\polar.txt,.txt,1091,89c2c4cfa82efae093f2a514963c41fdb3fdfb82b56d39bceb2eaae5b8567e3a,
~\workspaces\github.com\bengawith\paper\results\robust_v2\xfoil_candidates\smooth_correlated_robust_optimum\shared_011\segments\003\polar.txt,.txt,1223,d3e1fedd1b2ac756dfb06861b82202c459c118cb26d008e7e6818087583f12de,
~\workspaces\github.com\bengawith\paper\results\robust_v2\xfoil_candidates\smooth_correlated_robust_optimum\shared_011\segments\004\polar.txt,.txt,497,82095a1a3964ff16558b956df89d253aad15f5153eea47694bbb52897ef497fb,
~\workspaces\github.com\bengawith\paper\results\robust_v2\xfoil_candidates\smooth_correlated_robust_optimum\shared_012\segments\000\polar.txt,.txt,1223,366398dde8c872e68d48c482b5ec9b6d1218e5404ba2a6e02e120bf69c9ad69f,
~\workspaces\github.com\bengawith\paper\results\robust_v2\xfoil_candidates\smooth_correlated_robust_optimum\shared_012\segments\001\polar.txt,.txt,1223,47272f05f6085093edeb459bc121176ff030318ce6e3380f8c744360ff8fec28,
~\workspaces\github.com\bengawith\paper\results\robust_v2\xfoil_candidates\smooth_correlated_robust_optimum\shared_012\segments\002\polar.txt,.txt,1223,db7c2d003e5962f7a9f35bb00e49d6891720c62d88f104057a5c5b3f0acc417c,
~\workspaces\github.com\bengawith\paper\results\robust_v2\xfoil_candidates\smooth_correlated_robust_optimum\shared_012\segments\003\polar.txt,.txt,1223,9aec675a3b1ac47a7f441ee556a6e72cbcbaf5d9372631c89da70cbcc8bceec5,
~\workspaces\github.com\bengawith\paper\results\robust_v2\xfoil_candidates\smooth_correlated_robust_optimum\shared_012\segments\004\polar.txt,.txt,497,323c0d7fd1027c1b6f9220bc905721114696c16b3586619e9f636ac2f482d211,
~\workspaces\github.com\bengawith\paper\results\robust_v2\xfoil_candidates\smooth_correlated_robust_optimum\shared_013\segments\000\polar.txt,.txt,1223,5c404e18546ef4c2d3de19a3e45418adef72af230cacacffd88f343c041415f9,
~\workspaces\github.com\bengawith\paper\results\robust_v2\xfoil_candidates\smooth_correlated_robust_optimum\shared_013\segments\001\polar.txt,.txt,1223,adf2ce0b3413af8c7f6e20e10dedf994cd2d9ae65984a12534830e4a14dd398d,
~\workspaces\github.com\bengawith\paper\results\robust_v2\xfoil_candidates\smooth_correlated_robust_optimum\shared_013\segments\002\polar.txt,.txt,1223,b320b02827a33b9b66ca9b706e442388597aff2ded6e7dcddf7d7e613097471f,
~\workspaces\github.com\bengawith\paper\results\robust_v2\xfoil_candidates\smooth_correlated_robust_optimum\shared_013\segments\003\polar.txt,.txt,1223,36c0c8f299843c888b55829adf0d9141b8b8eed408cdd467773d3e345768bb0b,
~\workspaces\github.com\bengawith\paper\results\robust_v2\xfoil_candidates\smooth_correlated_robust_optimum\shared_013\segments\004\polar.txt,.txt,497,77f5a02ff3b8e615dd88abb941454169e27102a682df6e663391c882618df83f,
~\workspaces\github.com\bengawith\paper\results\robust_v2\xfoil_candidates\smooth_correlated_robust_optimum\shared_014\segments\000\polar.txt,.txt,1091,2259623fd77c8439c75a23782600c21ab65e32485199b31550d97ee4387d4c7c,
~\workspaces\github.com\bengawith\paper\results\robust_v2\xfoil_candidates\smooth_correlated_robust_optimum\shared_014\segments\001\polar.txt,.txt,1091,0b9fe6479d15532d8951a4f50872dc93b0d3c3eee08b1a61969dbe5095b6eefe,
~\workspaces\github.com\bengawith\paper\results\robust_v2\xfoil_candidates\smooth_correlated_robust_optimum\shared_014\segments\002\polar.txt,.txt,1223,37e6f6b0be796b0ccf800271528dc3ebd877d8d3ea582ca62140697b6de4e6d5,
~\workspaces\github.com\bengawith\paper\results\robust_v2\xfoil_candidates\smooth_correlated_robust_optimum\shared_014\segments\003\polar.txt,.txt,1223,7f1edb095d14be781c34b0072a782cd89276fb7077ceccd9b8d3683226dc7533,
~\workspaces\github.com\bengawith\paper\results\robust_v2\xfoil_candidates\smooth_correlated_robust_optimum\shared_014\segments\004\polar.txt,.txt,497,8de24700d52411872e2b96a029455ae9f620f0aec868aaa639dfc99149cce69f,
~\workspaces\github.com\bengawith\paper\results\robust_v2\xfoil_candidates\smooth_correlated_robust_optimum\shared_015\segments\000\polar.txt,.txt,1157,c1734ba9118b56ed9142d03efcaf892d9008cc2d5a331d4ea9e5b1e032d62c02,
~\workspaces\github.com\bengawith\paper\results\robust_v2\xfoil_candidates\smooth_correlated_robust_optimum\shared_015\segments\001\polar.txt,.txt,1223,cf22874806bc5b2b47b480d6f2c4c070e5e6a9e73130069a371f8a04e6c75aec,
~\workspaces\github.com\bengawith\paper\results\robust_v2\xfoil_candidates\smooth_correlated_robust_optimum\shared_015\segments\002\polar.txt,.txt,1223,9fc41c47e4cfc5d129e31e6355b77971642011b444bbf43c7ded60ba280b06ea,
~\workspaces\github.com\bengawith\paper\results\robust_v2\xfoil_candidates\smooth_correlated_robust_optimum\shared_015\segments\003\polar.txt,.txt,1223,7eb5a673688993da0b09094793f39a0efdd39ae4ff017c626b22e6de7342f9a5,
~\workspaces\github.com\bengawith\paper\results\robust_v2\xfoil_candidates\smooth_correlated_robust_optimum\shared_015\segments\004\polar.txt,.txt,497,2a679310a8402657272b6c124ee43d57e0ce11c005df2161f4c8da37c48b9152,
~\workspaces\github.com\bengawith\paper\results\robust_v2\xfoil_candidates\smooth_correlated_robust_optimum\shared_016\segments\000\polar.txt,.txt,1223,62084f7f5bf2b1a43300b17c2c4c42ed235d35c7afb1eb52b72823cf84625264,
~\workspaces\github.com\bengawith\paper\results\robust_v2\xfoil_candidates\smooth_correlated_robust_optimum\shared_016\segments\001\polar.txt,.txt,1223,90a2b01f10a00eca10b26b6ff9503001b7844841d5ca8bbb7e39d561310c8f5a,
~\workspaces\github.com\bengawith\paper\results\robust_v2\xfoil_candidates\smooth_correlated_robust_optimum\shared_016\segments\002\polar.txt,.txt,1223,149f33f37e4b6be6012f7fd2cac3a8bdca624579b2908200533eb5515e629247,
~\workspaces\github.com\bengawith\paper\results\robust_v2\xfoil_candidates\smooth_correlated_robust_optimum\shared_016\segments\003\polar.txt,.txt,1223,727669d2d9d978ce98d2c260a95e906014bfe04d8b98767a87660f67d60881d3,
~\workspaces\github.com\bengawith\paper\results\robust_v2\xfoil_candidates\smooth_correlated_robust_optimum\shared_016\segments\004\polar.txt,.txt,497,c52a3ac8525d0d38afae787c6b3f31a35c6d2f87d6f4bf0f3823905ff6737ec4,
~\workspaces\github.com\bengawith\paper\results\robust_v2\xfoil_candidates\smooth_correlated_robust_optimum\shared_017\segments\000\polar.txt,.txt,1223,a75cfee7c512e7191d56e4ea76bd717d33a0df23c2e3d589c846993d1e082937,
~\workspaces\github.com\bengawith\paper\results\robust_v2\xfoil_candidates\smooth_correlated_robust_optimum\shared_017\segments\001\polar.txt,.txt,1223,e936b0d11e66cdf5db469f46fa7a93ed7587e7c60a29cc2a1b540d46c38e2efb,
~\workspaces\github.com\bengawith\paper\results\robust_v2\xfoil_candidates\smooth_correlated_robust_optimum\shared_017\segments\002\polar.txt,.txt,1223,10e81bfe86694f98be9bf9bfcd6e908cf95e7ad1559c4a37f7331b462e44ea13,
~\workspaces\github.com\bengawith\paper\results\robust_v2\xfoil_candidates\smooth_correlated_robust_optimum\shared_017\segments\003\polar.txt,.txt,1223,60fc5fcfbd5688b181cbdd2805f9e0fd2dfd57cd0b725f22de3d0bb7c06ab2ac,
~\workspaces\github.com\bengawith\paper\results\robust_v2\xfoil_candidates\smooth_correlated_robust_optimum\shared_017\segments\004\polar.txt,.txt,497,14a92a923dfd754956a30d8b72578ea823638e0b91784e673f7bae16f3075b45,
~\workspaces\github.com\bengawith\paper\results\robust_v2\xfoil_candidates\smooth_correlated_robust_optimum\shared_018\segments\000\polar.txt,.txt,1223,98a4639ef7450b3657ddc891da2ce71efe00fcb9fb69f4a7bf16e781352d795b,
~\workspaces\github.com\bengawith\paper\results\robust_v2\xfoil_candidates\smooth_correlated_robust_optimum\shared_018\segments\001\polar.txt,.txt,1223,ccaf907c78bddedd974be12ad46bbe0485643d6c142cfab86df1fff298c5160e,
~\workspaces\github.com\bengawith\paper\results\robust_v2\xfoil_candidates\smooth_correlated_robust_optimum\shared_018\segments\002\polar.txt,.txt,1223,2690b6dba81dfbbe28937ad7d39c9a340e60e3e65768158f640998360c536a25,
~\workspaces\github.com\bengawith\paper\results\robust_v2\xfoil_candidates\smooth_correlated_robust_optimum\shared_018\segments\003\polar.txt,.txt,1223,1b48c4411adafee9569a4c233282bc64679e3b0c7a700024fcf3b9006a9ea6ff,
~\workspaces\github.com\bengawith\paper\results\robust_v2\xfoil_candidates\smooth_correlated_robust_optimum\shared_018\segments\004\polar.txt,.txt,497,d758ade6dfb44f2e6ddd42f7f56a0e18692302abe762c33e32433be6840c38f2,
~\workspaces\github.com\bengawith\paper\results\robust_v2\xfoil_candidates\smooth_correlated_robust_optimum\shared_019\segments\000\polar.txt,.txt,1157,73ed207ee608f37d1faeff70d38d16df592ccd1f09e7bf3b519a554e8f622851,
~\workspaces\github.com\bengawith\paper\results\robust_v2\xfoil_candidates\smooth_correlated_robust_optimum\shared_019\segments\001\polar.txt,.txt,1223,a7cefd1e5b15b4b5615b50273cc0cd7197dbbec281b2237ac119c3dfbcdcd162,
~\workspaces\github.com\bengawith\paper\results\robust_v2\xfoil_candidates\smooth_correlated_robust_optimum\shared_019\segments\002\polar.txt,.txt,1157,fbd9a2bab4712a760ce5a1492982c5d17ff9b80a663582acd404dead5498f4b4,
~\workspaces\github.com\bengawith\paper\results\robust_v2\xfoil_candidates\smooth_correlated_robust_optimum\shared_019\segments\003\polar.txt,.txt,1223,fb55dfa98fb91d5285994ed5fa6262c2c586747b0d8361983f09c9c68992a68f,
~\workspaces\github.com\bengawith\paper\results\robust_v2\xfoil_candidates\smooth_correlated_robust_optimum\shared_019\segments\004\polar.txt,.txt,497,ade60e08a60a35dd071e173faa1de4c00ea024b4e42527c6ff08dc22beaf03ad,
~\workspaces\github.com\bengawith\paper\results\robust_v2\xfoil_candidates\smooth_correlated_robust_optimum\shared_020\segments\000\polar.txt,.txt,1157,ff13a52cb86298b26e8fb07dc37aa0b80ea763847b0f703982e6f1576c969293,
~\workspaces\github.com\bengawith\paper\results\robust_v2\xfoil_candidates\smooth_correlated_robust_optimum\shared_020\segments\001\polar.txt,.txt,1223,25e946cd3df1e32cc54ed9a7d303b52cb0b4686070b01b6153fcf187ee3e5431,
~\workspaces\github.com\bengawith\paper\results\robust_v2\xfoil_candidates\smooth_correlated_robust_optimum\shared_020\segments\002\polar.txt,.txt,1223,18839fb470e988d0fc414df750e5336358fd73d7530cc71f77c119153923ffe0,
~\workspaces\github.com\bengawith\paper\results\robust_v2\xfoil_candidates\smooth_correlated_robust_optimum\shared_020\segments\003\polar.txt,.txt,1091,1886f0a63b98a76fdd03db2f618c4eca1e4a15a9a6db983fe721ea5b3ddb3d85,
~\workspaces\github.com\bengawith\paper\results\robust_v2\xfoil_candidates\smooth_correlated_robust_optimum\shared_020\segments\004\polar.txt,.txt,497,2f41053151bba5b736024d1dcf13267d62c0cbd1fcb9d27bd815d9f66c0629e5,
~\workspaces\github.com\bengawith\paper\results\robust_v2\xfoil_candidates\smooth_correlated_robust_optimum\shared_021\segments\000\polar.txt,.txt,1223,bd514a320651f6a576052ac6b29ccca85fd7f329f243425343dd80150320d9c4,
~\workspaces\github.com\bengawith\paper\results\robust_v2\xfoil_candidates\smooth_correlated_robust_optimum\shared_021\segments\001\polar.txt,.txt,1223,fbe3cdae723eca90535902afc6516d3f39f100d1d0b4da30de5cc74ede2db39f,
~\workspaces\github.com\bengawith\paper\results\robust_v2\xfoil_candidates\smooth_correlated_robust_optimum\shared_021\segments\002\polar.txt,.txt,1223,2bf32c65f6e883994745fbea6f12096be1df048994bf09e2d05063f8190e346f,
~\workspaces\github.com\bengawith\paper\results\robust_v2\xfoil_candidates\smooth_correlated_robust_optimum\shared_021\segments\003\polar.txt,.txt,1223,50b4639aa0964bdf63f47129bb7897c2b54aadbc397b1dc4cd11adc74758dd76,
~\workspaces\github.com\bengawith\paper\results\robust_v2\xfoil_candidates\smooth_correlated_robust_optimum\shared_021\segments\004\polar.txt,.txt,497,46ee9b34fe6bb25d6a97eeff3d11a2089c1af14b47d3679b29afac9bc18a5a53,
~\workspaces\github.com\bengawith\paper\results\robust_v2\xfoil_candidates\smooth_correlated_robust_optimum\shared_022\segments\000\polar.txt,.txt,1223,14363c289861f2359f47281a6b587e29dfa9db269e46f4bcf1eb7ff53f333bbc,
~\workspaces\github.com\bengawith\paper\results\robust_v2\xfoil_candidates\smooth_correlated_robust_optimum\shared_022\segments\001\polar.txt,.txt,1157,d199a6d7b632d814e3a4c162ab246a924899a325d4aa9f8b731218d4eb6ba5ea,
~\workspaces\github.com\bengawith\paper\results\robust_v2\xfoil_candidates\smooth_correlated_robust_optimum\shared_022\segments\002\polar.txt,.txt,1223,b48dbf81a813e90fb8d2cfc7bba3b8b39155dc70eae69a61e5cf26f71a017d48,
~\workspaces\github.com\bengawith\paper\results\robust_v2\xfoil_candidates\smooth_correlated_robust_optimum\shared_022\segments\003\polar.txt,.txt,1223,80e1db12575a7eca52be670d8a11a0481c3dff6dddb40c894d76bd692efee705,
~\workspaces\github.com\bengawith\paper\results\robust_v2\xfoil_candidates\smooth_correlated_robust_optimum\shared_022\segments\004\polar.txt,.txt,497,e3eda4be89ce485e3490a1b75557d3edbe365145fbf4a778cb00cb46e91fbb2c,
~\workspaces\github.com\bengawith\paper\results\robust_v2\xfoil_candidates\smooth_correlated_robust_optimum\shared_023\segments\000\polar.txt,.txt,1091,9f1bae692543a0dbb8a7a846997b6883c421db485e40b93f6a245187c71fe0ad,
~\workspaces\github.com\bengawith\paper\results\robust_v2\xfoil_candidates\smooth_correlated_robust_optimum\shared_023\segments\001\polar.txt,.txt,1223,39ecf48e2e06d677780ed1fee98e2a50077df5c3f4ec7229aeed9fcc164bf678,
~\workspaces\github.com\bengawith\paper\results\robust_v2\xfoil_candidates\smooth_correlated_robust_optimum\shared_023\segments\002\polar.txt,.txt,1223,9fc18dcc07497e970ccef04e3b8802109278facfed341a4c37645c2893e729f9,
~\workspaces\github.com\bengawith\paper\results\robust_v2\xfoil_candidates\smooth_correlated_robust_optimum\shared_023\segments\003\polar.txt,.txt,1223,f2a120e1d91cefe151c46891fb14e3ccc8ea7e377528b1522bb1290d78be9510,
~\workspaces\github.com\bengawith\paper\results\robust_v2\xfoil_candidates\smooth_correlated_robust_optimum\shared_023\segments\004\polar.txt,.txt,497,c6cd306180155e78ddd75ce391ca63779753ec6b641845517e23d4a991adedc3,
~\workspaces\github.com\bengawith\paper\results\robust_v2\xfoil_candidates\smooth_correlated_robust_optimum\shared_024\segments\000\polar.txt,.txt,1223,d181e88080df011b5dc4a6710ffc8fe765742534a2ec47c133983c5134c61e12,
~\workspaces\github.com\bengawith\paper\results\robust_v2\xfoil_candidates\smooth_correlated_robust_optimum\shared_024\segments\001\polar.txt,.txt,1091,8e40aa0ed24d90b21d835e42aa4aed513f524739fa09f799d3f4537835877c00,
~\workspaces\github.com\bengawith\paper\results\robust_v2\xfoil_candidates\smooth_correlated_robust_optimum\shared_024\segments\002\polar.txt,.txt,1223,0428b525f40ddfcade21a28f68f7ebfec32e97982e9d4fa84c904bff3df38639,
~\workspaces\github.com\bengawith\paper\results\robust_v2\xfoil_candidates\smooth_correlated_robust_optimum\shared_024\segments\003\polar.txt,.txt,1223,93e6817cbcb3a4749cf0c56364ef6f7a15da3233553d344a595a2d4362071e96,
~\workspaces\github.com\bengawith\paper\results\robust_v2\xfoil_candidates\smooth_correlated_robust_optimum\shared_024\segments\004\polar.txt,.txt,497,f05d018c8ba5c052fd6b8d1317ffa679af8745b30797454b697af51e7f8cab06,
~\workspaces\github.com\bengawith\paper\results\robust_v2\xfoil_candidates\smooth_correlated_robust_optimum\shared_025\segments\000\polar.txt,.txt,1223,cc1e43361e2e9ee8783cc050cfe78f4804edf37acee25bd03c1e5469106c472e,
~\workspaces\github.com\bengawith\paper\results\robust_v2\xfoil_candidates\smooth_correlated_robust_optimum\shared_025\segments\001\polar.txt,.txt,1157,098dd5ad2540b170013feeb82b6451d124d8edb1ebe7f8f99de64ccd8ff3d09b,
~\workspaces\github.com\bengawith\paper\results\robust_v2\xfoil_candidates\smooth_correlated_robust_optimum\shared_025\segments\002\polar.txt,.txt,1223,515e587afd2128632aa9a2830b51d3855ade083ad2a31628f2d175a094498a12,
~\workspaces\github.com\bengawith\paper\results\robust_v2\xfoil_candidates\smooth_correlated_robust_optimum\shared_025\segments\003\polar.txt,.txt,1223,da06682fe34f20e6a28425cb1b63a5a892ed3a50212d79af9936c80991409d12,
~\workspaces\github.com\bengawith\paper\results\robust_v2\xfoil_candidates\smooth_correlated_robust_optimum\shared_025\segments\004\polar.txt,.txt,497,80152a5c97c3dabb500479a0558c0d54d350f9fb80d48de131924042ff78df4f,
~\workspaces\github.com\bengawith\paper\results\robust_v2\xfoil_candidates\smooth_correlated_robust_optimum\shared_026\segments\000\polar.txt,.txt,1223,2fa973f76bdd0760bb5d4ad996d55034eb40d5af402239f6a46e522737695fd4,
~\workspaces\github.com\bengawith\paper\results\robust_v2\xfoil_candidates\smooth_correlated_robust_optimum\shared_026\segments\001\polar.txt,.txt,1223,53e0e93363abe0420e510fb86fdc389fdbc7e197c575acfd223e6083d9eeedbf,
~\workspaces\github.com\bengawith\paper\results\robust_v2\xfoil_candidates\smooth_correlated_robust_optimum\shared_026\segments\002\polar.txt,.txt,1223,92df824844cc4e9c906805f22683abbf93148e7e5a8c2ae08623c1514fae015b,
~\workspaces\github.com\bengawith\paper\results\robust_v2\xfoil_candidates\smooth_correlated_robust_optimum\shared_026\segments\003\polar.txt,.txt,1223,f96ce022d5fc06d8b04a5734731d4560fbbe28f0294438cee2bea6552ec28a66,
~\workspaces\github.com\bengawith\paper\results\robust_v2\xfoil_candidates\smooth_correlated_robust_optimum\shared_026\segments\004\polar.txt,.txt,497,75d1d2623c836c0566d652860bd3656a848341b8c99576233f014344a97810d5,
~\workspaces\github.com\bengawith\paper\results\robust_v2\xfoil_candidates\smooth_correlated_robust_optimum\shared_027\segments\000\polar.txt,.txt,893,51a94647425af6489ff4ed44e0420b6d2f6861c49bef09de8679164d0592e0ba,
~\workspaces\github.com\bengawith\paper\results\robust_v2\xfoil_candidates\smooth_correlated_robust_optimum\shared_027\segments\001\polar.txt,.txt,1157,3fad71f5d476a9a5367d68dbc3b5e486b5f54054adb118184887f6d302257722,
~\workspaces\github.com\bengawith\paper\results\robust_v2\xfoil_candidates\smooth_correlated_robust_optimum\shared_027\segments\002\polar.txt,.txt,1223,6936aa820a9db10490387c33d32d19ee2a26aec42587ddbd6df8a045663ec3aa,
~\workspaces\github.com\bengawith\paper\results\robust_v2\xfoil_candidates\smooth_correlated_robust_optimum\shared_027\segments\003\polar.txt,.txt,1223,27498dc4c8cfd19a6427b4c6dd5d07622f1accb1d7ef3341f3c2c97e0f423c60,
~\workspaces\github.com\bengawith\paper\results\robust_v2\xfoil_candidates\smooth_correlated_robust_optimum\shared_027\segments\004\polar.txt,.txt,497,6d616a71706618392c5abab5e17a25042da7543474b215a1d0cb1fc35a0e716e,
~\workspaces\github.com\bengawith\paper\results\robust_v2\xfoil_candidates\smooth_correlated_robust_optimum\shared_028\segments\000\polar.txt,.txt,1223,78a761cfb17828b42e172f88383331bf0146ff686fa1ea2710ee883e8e8fc4b6,
~\workspaces\github.com\bengawith\paper\results\robust_v2\xfoil_candidates\smooth_correlated_robust_optimum\shared_028\segments\001\polar.txt,.txt,1223,501e1f2010dd1641d9d7031b29bc66ed2493e91df5f8559279c0f07064fd5914,
~\workspaces\github.com\bengawith\paper\results\robust_v2\xfoil_candidates\smooth_correlated_robust_optimum\shared_028\segments\002\polar.txt,.txt,1223,99f8f186b6a55c6ae6b81f980aa14d358fef47009f6c57b4f17082df38d24706,
~\workspaces\github.com\bengawith\paper\results\robust_v2\xfoil_candidates\smooth_correlated_robust_optimum\shared_028\segments\003\polar.txt,.txt,1223,f861ee0898168ea97ea7299f98201d94b1c5c90f2769bf0116d9927625704d31,
~\workspaces\github.com\bengawith\paper\results\robust_v2\xfoil_candidates\smooth_correlated_robust_optimum\shared_028\segments\004\polar.txt,.txt,497,89133740a13e4d801bd5afd3f853e06c39bbb5ea7c92b3df6f01cb1f894da58b,
~\workspaces\github.com\bengawith\paper\results\robust_v2\xfoil_candidates\smooth_correlated_robust_optimum\shared_029\segments\000\polar.txt,.txt,1157,91bfbb7018ede6cc14a05aae9efa54d6d623545e0645a33b579c4989f0509516,
~\workspaces\github.com\bengawith\paper\results\robust_v2\xfoil_candidates\smooth_correlated_robust_optimum\shared_029\segments\001\polar.txt,.txt,1157,cc85379be34a89e7c968f49111180d60ff02ee388ae8e304a291e0bf14e61398,
~\workspaces\github.com\bengawith\paper\results\robust_v2\xfoil_candidates\smooth_correlated_robust_optimum\shared_029\segments\002\polar.txt,.txt,1223,090825ed5922cebc4363be8f292111a914d48397cc9f44b1244df741e0b53fd0,
~\workspaces\github.com\bengawith\paper\results\robust_v2\xfoil_candidates\smooth_correlated_robust_optimum\shared_029\segments\003\polar.txt,.txt,1223,ed62940184a026940b0239dc9e77d24a840144cf1d89828d9edbe0f3ef6335ad,
~\workspaces\github.com\bengawith\paper\results\robust_v2\xfoil_candidates\smooth_correlated_robust_optimum\shared_029\segments\004\polar.txt,.txt,497,167231eea031badfb2b3d12a7d28578c874e3bd5f4dabb11f9180784adba28fd,
~\workspaces\github.com\bengawith\paper\results\robust_v2\xfoil_candidates\smooth_correlated_robust_optimum\shared_030\segments\000\polar.txt,.txt,1223,202f8551da169ec03babb4160c9a2df1f425f884dbe47988d97fe8991ee83e35,
~\workspaces\github.com\bengawith\paper\results\robust_v2\xfoil_candidates\smooth_correlated_robust_optimum\shared_030\segments\001\polar.txt,.txt,1223,2ee46803dd36c07abab0bc38798bc49b5ac5b6805d50e809a5ee0d3bd2b65159,
~\workspaces\github.com\bengawith\paper\results\robust_v2\xfoil_candidates\smooth_correlated_robust_optimum\shared_030\segments\002\polar.txt,.txt,1223,5dcb0f9afc25a43c262498818c549b2ecaa2b3b2616a4d1b3c83ff04cd5cd419,
~\workspaces\github.com\bengawith\paper\results\robust_v2\xfoil_candidates\smooth_correlated_robust_optimum\shared_030\segments\003\polar.txt,.txt,1223,797a99ed2142fcc053cab44de687a4d860a226eeab20b7ee117bc83683e7e65a,
~\workspaces\github.com\bengawith\paper\results\robust_v2\xfoil_candidates\smooth_correlated_robust_optimum\shared_030\segments\004\polar.txt,.txt,497,a4f48d8986f8a18c4feb05f1c49ea8195f1a27aaa0dde55c0bad4395a0a5d34a,
~\workspaces\github.com\bengawith\paper\results\robust_v2\xfoil_candidates\smooth_correlated_robust_optimum\shared_031\segments\000\polar.txt,.txt,1157,297fec2b4118abe7632f8cf5940d4f74e216d0dcda2dd1a700fe51c7b0cb074d,
~\workspaces\github.com\bengawith\paper\results\robust_v2\xfoil_candidates\smooth_correlated_robust_optimum\shared_031\segments\001\polar.txt,.txt,1223,2f65c05cc13cf7b47f37dec245ee2eeba36cd085b4943207434ac928040c4a3e,
~\workspaces\github.com\bengawith\paper\results\robust_v2\xfoil_candidates\smooth_correlated_robust_optimum\shared_031\segments\002\polar.txt,.txt,1223,92bce8074abc1160b67f3d51f2b062e14dfdd30864507d81ae2ab2afbff930b4,
~\workspaces\github.com\bengawith\paper\results\robust_v2\xfoil_candidates\smooth_correlated_robust_optimum\shared_031\segments\003\polar.txt,.txt,1223,5291e7ebb680e231be1f5bdf890c32b6b2339c4ee21ffe2f1730b31140d2c1c6,
~\workspaces\github.com\bengawith\paper\results\robust_v2\xfoil_candidates\smooth_correlated_robust_optimum\shared_031\segments\004\polar.txt,.txt,497,00a2f249c619eed363d4ad80a24b5c9709095cdd1b040dac878e9c46f6688516,
~\workspaces\github.com\bengawith\paper\results\robust_v2\xfoil_candidates\smooth_correlated_robust_optimum\shared_032\segments\000\polar.txt,.txt,1157,e8c1975175341c7367d8d403c3afc65c02196c3d7c2d8b8a40b50edb7779c3a4,
~\workspaces\github.com\bengawith\paper\results\robust_v2\xfoil_candidates\smooth_correlated_robust_optimum\shared_032\segments\001\polar.txt,.txt,1157,67e78efc9c513ac317b99a7a3fec4b630fc4579b7049d1463f6395cbf82647e7,
~\workspaces\github.com\bengawith\paper\results\robust_v2\xfoil_candidates\smooth_correlated_robust_optimum\shared_032\segments\002\polar.txt,.txt,1223,d6785579c0855bbcd2703a25f6a583185eab6077ce70d6ad8a7ed6a9f4056cae,
~\workspaces\github.com\bengawith\paper\results\robust_v2\xfoil_candidates\smooth_correlated_robust_optimum\shared_032\segments\003\polar.txt,.txt,1223,ddd34f287edc37f7ed6e73cd8f91719e40d9e4e845a68f58186952a1a8454407,
~\workspaces\github.com\bengawith\paper\results\robust_v2\xfoil_candidates\smooth_correlated_robust_optimum\shared_032\segments\004\polar.txt,.txt,497,33e09b5a24cce8fbc0eb3c04a654e7c70398df130c11611c4cba8ecffe206deb,
~\workspaces\github.com\bengawith\paper\results\robust_v2\xfoil_candidates\smooth_correlated_robust_optimum\shared_033\segments\000\polar.txt,.txt,1157,0cbe14f0a95a7e8bc5d8ae3799c9807858d1557a8a41c8645d8fa4faaae77873,
~\workspaces\github.com\bengawith\paper\results\robust_v2\xfoil_candidates\smooth_correlated_robust_optimum\shared_033\segments\001\polar.txt,.txt,1223,2dc38c316ffce5f7c278bb6b917ff1097a199d46eb89c4488c86bd4c5f260ea7,
~\workspaces\github.com\bengawith\paper\results\robust_v2\xfoil_candidates\smooth_correlated_robust_optimum\shared_033\segments\002\polar.txt,.txt,1223,39db258510ef2b7f5d614625b83aedd8e98afada5b1a4114f71bac9987c77ce9,
~\workspaces\github.com\bengawith\paper\results\robust_v2\xfoil_candidates\smooth_correlated_robust_optimum\shared_033\segments\003\polar.txt,.txt,1223,e3335ba8510432ff40da2422037985957b2493463da3d23dc8e93f670516d141,
~\workspaces\github.com\bengawith\paper\results\robust_v2\xfoil_candidates\smooth_correlated_robust_optimum\shared_033\segments\004\polar.txt,.txt,497,b5b0e7050fcd53239ed005ac4e2d9f24fdfbd2d85b5cee1a6dbaba82c34e3d2f,
~\workspaces\github.com\bengawith\paper\results\robust_v2\xfoil_candidates\smooth_correlated_robust_optimum\shared_034\segments\000\polar.txt,.txt,1223,a396719b95bef744d54f153f68de9d8b9ffc368742977d4acf3dbed8f01b891b,
~\workspaces\github.com\bengawith\paper\results\robust_v2\xfoil_candidates\smooth_correlated_robust_optimum\shared_034\segments\001\polar.txt,.txt,1157,ec2804b8fd2461a2afdf40a9699dd2bb4f54c9e77e8de034a4a673a8a260cdbf,
~\workspaces\github.com\bengawith\paper\results\robust_v2\xfoil_candidates\smooth_correlated_robust_optimum\shared_034\segments\002\polar.txt,.txt,1223,dba16a05facb24fbfd357d3e95d261e4840cc845a8e94ffb552d793cd9533bb7,
~\workspaces\github.com\bengawith\paper\results\robust_v2\xfoil_candidates\smooth_correlated_robust_optimum\shared_034\segments\003\polar.txt,.txt,1223,6ad7a23a4f9f8aa1acfb3f6a678e76076a9c3efb884f4423399906d16b96dcb0,
~\workspaces\github.com\bengawith\paper\results\robust_v2\xfoil_candidates\smooth_correlated_robust_optimum\shared_034\segments\004\polar.txt,.txt,497,5b1611ee1ca1ba294361b6748fe576c014bd65b102bfecf5888c131c6d375e6f,
~\workspaces\github.com\bengawith\paper\results\robust_v2\xfoil_candidates\smooth_correlated_robust_optimum\shared_035\segments\000\polar.txt,.txt,1223,abc8b60d8d4e44caa28419db489ed8a711ea1432a9e46f13809eac67d9fb18e0,
~\workspaces\github.com\bengawith\paper\results\robust_v2\xfoil_candidates\smooth_correlated_robust_optimum\shared_035\segments\001\polar.txt,.txt,1223,21d566360296ed60336b0fb94891e783f884e1d58613dd1eb5903603d029d9b1,
~\workspaces\github.com\bengawith\paper\results\robust_v2\xfoil_candidates\smooth_correlated_robust_optimum\shared_035\segments\002\polar.txt,.txt,1223,e199873a6488809b2c8860217230c6d0b37f4053b2def49cd0e8f2f5a8c2e359,
~\workspaces\github.com\bengawith\paper\results\robust_v2\xfoil_candidates\smooth_correlated_robust_optimum\shared_035\segments\003\polar.txt,.txt,1223,eaf4ff806325c55ade0007cf90733441470b4656ca6ccb4ecbb4751bb1ea7200,
~\workspaces\github.com\bengawith\paper\results\robust_v2\xfoil_candidates\smooth_correlated_robust_optimum\shared_035\segments\004\polar.txt,.txt,497,29495137317c63700f25dbdb36257f337b66aa031b5e0286fa18aa4b71a69ce0,
~\workspaces\github.com\bengawith\paper\results\robust_v2\xfoil_candidates\smooth_correlated_robust_optimum\shared_036\segments\000\polar.txt,.txt,1157,0c7dc9f1bd749cebb43f603eb35e0d3070604241a01618a6cd3c99d8e388f12e,
~\workspaces\github.com\bengawith\paper\results\robust_v2\xfoil_candidates\smooth_correlated_robust_optimum\shared_036\segments\001\polar.txt,.txt,1223,fc979cc49fc18a177ae2edff89b9e0cf9a399c1c5a446a1faa4e2bd22ac25f24,
~\workspaces\github.com\bengawith\paper\results\robust_v2\xfoil_candidates\smooth_correlated_robust_optimum\shared_036\segments\002\polar.txt,.txt,1223,7c151824d5f9213a0dd1958843d0ba0c829af733246cfc0bb0221ffe35a553a8,
~\workspaces\github.com\bengawith\paper\results\robust_v2\xfoil_candidates\smooth_correlated_robust_optimum\shared_036\segments\003\polar.txt,.txt,1223,1e34c99230b9900d3eb4bc6cb08ec033bf3147395f6588022b7e8aa87dc46bc4,
~\workspaces\github.com\bengawith\paper\results\robust_v2\xfoil_candidates\smooth_correlated_robust_optimum\shared_036\segments\004\polar.txt,.txt,497,8c3e78975289410b1f82724679b550c1bafc0ab5604b03d319aa85661ee3fe2f,
~\workspaces\github.com\bengawith\paper\results\robust_v2\xfoil_candidates\smooth_correlated_robust_optimum\shared_037\segments\000\polar.txt,.txt,1223,899e31a847208eab81e03a11e6b98d9768604f35a00ee766271aa3e405c5413c,
~\workspaces\github.com\bengawith\paper\results\robust_v2\xfoil_candidates\smooth_correlated_robust_optimum\shared_037\segments\001\polar.txt,.txt,1157,08f32f9a1db192529d717c9747ec820abe999e9520b7f73449bb0c1cca546eb8,
~\workspaces\github.com\bengawith\paper\results\robust_v2\xfoil_candidates\smooth_correlated_robust_optimum\shared_037\segments\002\polar.txt,.txt,1157,2c3808eddc91cb1bcd0db98cdf8b4ba4a7a5918a9751d3d07be5874911ff9ee2,
~\workspaces\github.com\bengawith\paper\results\robust_v2\xfoil_candidates\smooth_correlated_robust_optimum\shared_037\segments\003\polar.txt,.txt,1223,76a99ce9ec85fdb323caf4333cb4ffceb7c4908e0e6cb673e8f5a458466fc96d,
~\workspaces\github.com\bengawith\paper\results\robust_v2\xfoil_candidates\smooth_correlated_robust_optimum\shared_037\segments\004\polar.txt,.txt,497,df271ea207f276707499bc69e0819b1c85ee958173749f24fbb3f8ee3581ea79,
~\workspaces\github.com\bengawith\paper\results\robust_v2\xfoil_candidates\smooth_correlated_robust_optimum\shared_038\segments\000\polar.txt,.txt,1223,4489387c5e7f77ffc918fd3bf2e6493f486909ad57810284c48d431c75e86f66,
~\workspaces\github.com\bengawith\paper\results\robust_v2\xfoil_candidates\smooth_correlated_robust_optimum\shared_038\segments\001\polar.txt,.txt,1223,28926781fdf0523c08682ad510ec13312dcb643f60c35fe084adcc7caafb9848,
~\workspaces\github.com\bengawith\paper\results\robust_v2\xfoil_candidates\smooth_correlated_robust_optimum\shared_038\segments\002\polar.txt,.txt,1223,48257394f3739b33f07b2ef7173fc8397ea557577d9cc22032a5eae8415ed0f3,
~\workspaces\github.com\bengawith\paper\results\robust_v2\xfoil_candidates\smooth_correlated_robust_optimum\shared_038\segments\003\polar.txt,.txt,1223,98ac0b91ed50c8c8fa5fe3e83d33b99c456a18e0de918bd86e4b660e062a4f39,
~\workspaces\github.com\bengawith\paper\results\robust_v2\xfoil_candidates\smooth_correlated_robust_optimum\shared_038\segments\004\polar.txt,.txt,497,e2e183b3cd9f4bab3bcfa8d531622e0fb595e0269fdd38e3e85da7aee42a21ae,
~\workspaces\github.com\bengawith\paper\results\robust_v2\xfoil_candidates\smooth_correlated_robust_optimum\shared_039\segments\000\polar.txt,.txt,1091,08cc3fe927b67364c9972e6901c5f16a4086412b5555ab7035f4ffbbb6981559,
~\workspaces\github.com\bengawith\paper\results\robust_v2\xfoil_candidates\smooth_correlated_robust_optimum\shared_039\segments\001\polar.txt,.txt,1157,bae7403556750fce47e4ea908fff7e7d9744bb609cb5ba3d7bfff4e84e7a6f47,
~\workspaces\github.com\bengawith\paper\results\robust_v2\xfoil_candidates\smooth_correlated_robust_optimum\shared_039\segments\002\polar.txt,.txt,1223,7d8325ed870d1e92aedad057ee8258ac5ba6e7f9bd746ef73ceb04b83439daaa,
~\workspaces\github.com\bengawith\paper\results\robust_v2\xfoil_candidates\smooth_correlated_robust_optimum\shared_039\segments\003\polar.txt,.txt,1223,7aba7ccf14c8b5b53c5373b0c6c1640b7c5d975f91ba4c2738e1a9f05d6a9da2,
~\workspaces\github.com\bengawith\paper\results\robust_v2\xfoil_candidates\smooth_correlated_robust_optimum\shared_039\segments\004\polar.txt,.txt,497,babc3372250a72315a7db67a464cbf9390058106bd4fd006315f817df4fbe6da,
~\workspaces\github.com\bengawith\paper\results\robust_v2\xfoil_candidates\smooth_correlated_robust_optimum\shared_040\segments\000\polar.txt,.txt,1091,871459e6512ad8cf7a4c8827ad65b97790c1b561ff8e0680bc7383b17fe53a29,
~\workspaces\github.com\bengawith\paper\results\robust_v2\xfoil_candidates\smooth_correlated_robust_optimum\shared_040\segments\001\polar.txt,.txt,1223,e9be4a8c511bab53056aafbcc277a99e4d7de84c5e836394938a73c05a233632,
~\workspaces\github.com\bengawith\paper\results\robust_v2\xfoil_candidates\smooth_correlated_robust_optimum\shared_040\segments\002\polar.txt,.txt,1223,4432e3e1d640b74e2055205e8f60115a611ead5963593fe8df20b1dfac3daffc,
~\workspaces\github.com\bengawith\paper\results\robust_v2\xfoil_candidates\smooth_correlated_robust_optimum\shared_040\segments\003\polar.txt,.txt,1223,e2e4acdd0da84b7405f4212d6ddaa8f1f789f44910ce2c3341fe95077f1d7531,
~\workspaces\github.com\bengawith\paper\results\robust_v2\xfoil_candidates\smooth_correlated_robust_optimum\shared_040\segments\004\polar.txt,.txt,497,0301d6f0a780ed2a1fcd5d93a5419a32eaed9a1f96bc6d758c9b936a50780a8b,
~\workspaces\github.com\bengawith\paper\results\robust_v2\xfoil_candidates\smooth_correlated_robust_optimum\shared_041\segments\000\polar.txt,.txt,1223,7f7199971824bb25173ffef51afef9f7013d014e0298b0e6d2d824c134ceaab7,
~\workspaces\github.com\bengawith\paper\results\robust_v2\xfoil_candidates\smooth_correlated_robust_optimum\shared_041\segments\001\polar.txt,.txt,1223,501194a3a0d75e6195ac026556ff5dd6e7de08c856307ebe5f0d3b9d538c181f,
~\workspaces\github.com\bengawith\paper\results\robust_v2\xfoil_candidates\smooth_correlated_robust_optimum\shared_041\segments\002\polar.txt,.txt,1223,8abae72ff1a264b9af5b90f077c02615b468fa0fa3fc755b55ee0b8552b3e6a3,
~\workspaces\github.com\bengawith\paper\results\robust_v2\xfoil_candidates\smooth_correlated_robust_optimum\shared_041\segments\003\polar.txt,.txt,1223,f83670e613447cc059ec0b12d230434daa2db3d65051ac6200bd9ff6488fbe8f,
~\workspaces\github.com\bengawith\paper\results\robust_v2\xfoil_candidates\smooth_correlated_robust_optimum\shared_041\segments\004\polar.txt,.txt,497,f1348264dd49aa1327762047a0620223131ff573f7108ec6e3cf254e861198d7,
~\workspaces\github.com\bengawith\paper\results\robust_v2\xfoil_candidates\smooth_correlated_robust_optimum\shared_042\segments\000\polar.txt,.txt,1157,9cbf2daec9aabef46ab28e774e2d75e7287adff488dbc54c49e6b8122cda2baa,
~\workspaces\github.com\bengawith\paper\results\robust_v2\xfoil_candidates\smooth_correlated_robust_optimum\shared_042\segments\001\polar.txt,.txt,1223,975ccc5b147c1a251dd7fd7589f8b10b8a8bf78ccee36a54e0e72daf9b186ef0,
~\workspaces\github.com\bengawith\paper\results\robust_v2\xfoil_candidates\smooth_correlated_robust_optimum\shared_042\segments\002\polar.txt,.txt,1223,f36a3ccfdebe75da678405d7dcf5a82fd2a0a563631faeb27f62d123896efae0,
~\workspaces\github.com\bengawith\paper\results\robust_v2\xfoil_candidates\smooth_correlated_robust_optimum\shared_042\segments\003\polar.txt,.txt,1223,3c2f2c8b5db34ce6de0f9bacae163c24d222b8f468ee148be197a11409fd40d1,
~\workspaces\github.com\bengawith\paper\results\robust_v2\xfoil_candidates\smooth_correlated_robust_optimum\shared_042\segments\004\polar.txt,.txt,497,715ca026f897dd2ff71d2660d36b88e7240faa8840dae3c67f6fa7b25a7ffa40,
~\workspaces\github.com\bengawith\paper\results\robust_v2\xfoil_candidates\smooth_correlated_robust_optimum\shared_043\segments\000\polar.txt,.txt,1223,5dee2e4fb29d7bc8b19b14ee9be1ce203746e79647b1d2bf3ad30e4a67b653a6,
~\workspaces\github.com\bengawith\paper\results\robust_v2\xfoil_candidates\smooth_correlated_robust_optimum\shared_043\segments\001\polar.txt,.txt,1223,aee0555daa1ebb83720b2496600175aeebd88e7406b18b56594b7d9ee8bde091,
~\workspaces\github.com\bengawith\paper\results\robust_v2\xfoil_candidates\smooth_correlated_robust_optimum\shared_043\segments\002\polar.txt,.txt,1223,ac5bf19cd758577acfe5feeaa1cc13deee681825dbe00203f1c2af8c6eb7b870,
~\workspaces\github.com\bengawith\paper\results\robust_v2\xfoil_candidates\smooth_correlated_robust_optimum\shared_043\segments\003\polar.txt,.txt,1223,4de0fa770acab7c002ac70aa171a9ffd4dcb9becf2355595fc9fde21ae582072,
~\workspaces\github.com\bengawith\paper\results\robust_v2\xfoil_candidates\smooth_correlated_robust_optimum\shared_043\segments\004\polar.txt,.txt,497,fa8e45da2551cb61636439938d9f20086973fb48fd38b2d2b450c32232762ca3,
~\workspaces\github.com\bengawith\paper\results\robust_v2\xfoil_candidates\smooth_correlated_robust_optimum\shared_044\segments\000\polar.txt,.txt,1223,085ae431ba7c116089b72db02f9d6bed4c9acfa3874fb0a7fef9411325bd522c,
~\workspaces\github.com\bengawith\paper\results\robust_v2\xfoil_candidates\smooth_correlated_robust_optimum\shared_044\segments\001\polar.txt,.txt,1091,f14f01369690a3b44e22703a11fb5080f4a0b7ccbfb4663b2c9f9576826b8270,
~\workspaces\github.com\bengawith\paper\results\robust_v2\xfoil_candidates\smooth_correlated_robust_optimum\shared_044\segments\002\polar.txt,.txt,1223,836e1e46e658bfa834db794c1a2f6c5e48ce7b814860cb7680188c06a25f45e1,
~\workspaces\github.com\bengawith\paper\results\robust_v2\xfoil_candidates\smooth_correlated_robust_optimum\shared_044\segments\003\polar.txt,.txt,1223,22f9dbaa749baaf212756dc2bf62e86cf7c7a77a0d7609822ed2e616a065f299,
~\workspaces\github.com\bengawith\paper\results\robust_v2\xfoil_candidates\smooth_correlated_robust_optimum\shared_044\segments\004\polar.txt,.txt,497,700a2b589d24713ce2f4148e13f15ace8df03fc014da804a1f04e3d8ba5131f7,
~\workspaces\github.com\bengawith\paper\results\robust_v2\xfoil_candidates\smooth_correlated_robust_optimum\shared_045\segments\000\polar.txt,.txt,1223,0228d9612017e906eadd959a55f5f2344c93c53138d50b7295ab5272afdede65,
~\workspaces\github.com\bengawith\paper\results\robust_v2\xfoil_candidates\smooth_correlated_robust_optimum\shared_045\segments\001\polar.txt,.txt,1157,2403f963e41da82ad6fb32212441d12f24404295afd5a444053dde91b63796c3,
~\workspaces\github.com\bengawith\paper\results\robust_v2\xfoil_candidates\smooth_correlated_robust_optimum\shared_045\segments\002\polar.txt,.txt,1223,285b8a1b6c9184733c8557e34b2ad5da898c01e6bbcd58cd92ebe7b6778dc43a,
~\workspaces\github.com\bengawith\paper\results\robust_v2\xfoil_candidates\smooth_correlated_robust_optimum\shared_045\segments\003\polar.txt,.txt,1223,d3b42770310aa3b81a1208066ac2cc36154978602ff0283a6d12fd552158bf6e,
~\workspaces\github.com\bengawith\paper\results\robust_v2\xfoil_candidates\smooth_correlated_robust_optimum\shared_045\segments\004\polar.txt,.txt,497,d3b05f4494909991d8328070d22cb90b9ad4cedcd877ee970b0844e4bff03fb1,
~\workspaces\github.com\bengawith\paper\results\robust_v2\xfoil_candidates\smooth_correlated_robust_optimum\shared_046\segments\000\polar.txt,.txt,1157,c0261e4671ff039186d92deb2bf2b085aea8061359b90b7f0607f1033bc4e570,
~\workspaces\github.com\bengawith\paper\results\robust_v2\xfoil_candidates\smooth_correlated_robust_optimum\shared_046\segments\001\polar.txt,.txt,1223,13faf14ec40c3e57c8f3f639b03185cf4b458eafddb87f4ca3da552f4d2a65ad,
~\workspaces\github.com\bengawith\paper\results\robust_v2\xfoil_candidates\smooth_correlated_robust_optimum\shared_046\segments\002\polar.txt,.txt,1223,42c02d4b7ba81e9f585377e71360dc680c19586d660586a42edbca6ee03aba73,
~\workspaces\github.com\bengawith\paper\results\robust_v2\xfoil_candidates\smooth_correlated_robust_optimum\shared_046\segments\003\polar.txt,.txt,1223,566af8b9276dac1f02a72c6d40d86ad4aa97d23474d2b2ebb1989c1ba287e784,
~\workspaces\github.com\bengawith\paper\results\robust_v2\xfoil_candidates\smooth_correlated_robust_optimum\shared_046\segments\004\polar.txt,.txt,497,aeccac13fa48a8c100904c8bc3dd34a6ade91a1127285ae805425d2efb1444d2,
~\workspaces\github.com\bengawith\paper\results\robust_v2\xfoil_candidates\smooth_correlated_robust_optimum\shared_047\segments\000\polar.txt,.txt,1157,197529c57ebf5f96c95ae54a6e6c6cb2f5f24a882edee1db3b43d217e379df2d,
~\workspaces\github.com\bengawith\paper\results\robust_v2\xfoil_candidates\smooth_correlated_robust_optimum\shared_047\segments\001\polar.txt,.txt,1223,7eff60c2ba388c491d4930dbc3f9e00bccc828827fdff82e6e2cbbdda52e3280,
~\workspaces\github.com\bengawith\paper\results\robust_v2\xfoil_candidates\smooth_correlated_robust_optimum\shared_047\segments\002\polar.txt,.txt,1223,cdb0bf51d2958ab0faddab5cf1a476ed25f6d238b8aa3584667abc3f3b1eb850,
~\workspaces\github.com\bengawith\paper\results\robust_v2\xfoil_candidates\smooth_correlated_robust_optimum\shared_047\segments\003\polar.txt,.txt,1223,8e4336ec1b4d3f94d72d25b5c30027406131c53967c18f88a832ed2f8d481956,
~\workspaces\github.com\bengawith\paper\results\robust_v2\xfoil_candidates\smooth_correlated_robust_optimum\shared_047\segments\004\polar.txt,.txt,497,0b620f7abf7e8d2488d1cb9ca2bbb61f091ef34865a4b11583ec014f12f33e0a,
~\workspaces\github.com\bengawith\paper\results\robust_v2\xfoil_candidates\smooth_correlated_robust_optimum\shared_048\segments\000\polar.txt,.txt,1223,a70a0ba80152a101a338bc25b4ded0299cdd7d59bc88e2b216c296acdfdbc524,
~\workspaces\github.com\bengawith\paper\results\robust_v2\xfoil_candidates\smooth_correlated_robust_optimum\shared_048\segments\001\polar.txt,.txt,1157,acd24b6732b28fef21eb80bae83fa4963108e8ec464f4d0fda3a34519ff1d8c6,
~\workspaces\github.com\bengawith\paper\results\robust_v2\xfoil_candidates\smooth_correlated_robust_optimum\shared_048\segments\002\polar.txt,.txt,1223,94cd92bdf314e68d7bb03917ac53a378e3cf480c8bca25f81c671a518dbede8d,
~\workspaces\github.com\bengawith\paper\results\robust_v2\xfoil_candidates\smooth_correlated_robust_optimum\shared_048\segments\003\polar.txt,.txt,1223,f1a2277309684d032587e8bf089b0337fecaacf4de83bc5b276bf041c447d0d2,
~\workspaces\github.com\bengawith\paper\results\robust_v2\xfoil_candidates\smooth_correlated_robust_optimum\shared_048\segments\004\polar.txt,.txt,497,c087466e3817783e2c13d52c2d1b8b9df796ae1b86c239d0ab929658dd47b490,
~\workspaces\github.com\bengawith\paper\results\robust_v2\xfoil_candidates\smooth_correlated_robust_optimum\shared_049\segments\000\polar.txt,.txt,1223,e6f6623fe873ff249bb5893bb37311f21a610ee2bd4c86f6de601afdfd61f6ac,
~\workspaces\github.com\bengawith\paper\results\robust_v2\xfoil_candidates\smooth_correlated_robust_optimum\shared_049\segments\001\polar.txt,.txt,1223,0a2591cebdb244690819664b7b17b891b146fc596d7a20e1f98a4bdb880f3afe,
~\workspaces\github.com\bengawith\paper\results\robust_v2\xfoil_candidates\smooth_correlated_robust_optimum\shared_049\segments\002\polar.txt,.txt,1223,eca89731a8d11dcf85428a629c05940e73aad75b54e5131291b53568b2a9b42e,
~\workspaces\github.com\bengawith\paper\results\robust_v2\xfoil_candidates\smooth_correlated_robust_optimum\shared_049\segments\003\polar.txt,.txt,1223,c692cee57e64ae61b58f9d9ec88cc1283a87331187ea391f56ef5a57e4f50001,
~\workspaces\github.com\bengawith\paper\results\robust_v2\xfoil_candidates\smooth_correlated_robust_optimum\shared_049\segments\004\polar.txt,.txt,497,1f668be7405a16fd72773bfc5b86f927df8915b5fd999bd864f0e2bec8e8a76c,
~\workspaces\github.com\bengawith\paper\results\robust_v2\xfoil_candidates\smooth_correlated_robust_optimum\shared_050\segments\000\polar.txt,.txt,1157,26de13a62562a68ab38340dd35c62931a83578000f33475bc7f9e300dedb774e,
~\workspaces\github.com\bengawith\paper\results\robust_v2\xfoil_candidates\smooth_correlated_robust_optimum\shared_050\segments\001\polar.txt,.txt,1157,2ceff21269699815a883425d60a9f61a4f12f6e2939d462f654e78b0e0019324,
~\workspaces\github.com\bengawith\paper\results\robust_v2\xfoil_candidates\smooth_correlated_robust_optimum\shared_050\segments\002\polar.txt,.txt,1223,468d0a2683b0267a031e660c48f10daa71e3e72dc4e7ffb2d7751b175edc0d0e,
~\workspaces\github.com\bengawith\paper\results\robust_v2\xfoil_candidates\smooth_correlated_robust_optimum\shared_050\segments\003\polar.txt,.txt,1223,7606655f919d1c3b42dda02213feed73661542e67f6af8b526386e7877b6abf4,
~\workspaces\github.com\bengawith\paper\results\robust_v2\xfoil_candidates\smooth_correlated_robust_optimum\shared_050\segments\004\polar.txt,.txt,497,d919278513c62391a571b2e83dbf231a07dfd6aa52bef805d60eaad303983dff,
~\workspaces\github.com\bengawith\paper\results\robust_v2\xfoil_candidates\smooth_correlated_robust_optimum\shared_051\segments\000\polar.txt,.txt,1157,91269e4a8fb346d347719bf2d0b0ea8de22e75dc51e64b337adc8382a710aa65,
~\workspaces\github.com\bengawith\paper\results\robust_v2\xfoil_candidates\smooth_correlated_robust_optimum\shared_051\segments\001\polar.txt,.txt,1223,b40b6fe6b8d14c62fc95424c687548246ba61b9c3e2b20dc88281ecd5fa27ad7,
~\workspaces\github.com\bengawith\paper\results\robust_v2\xfoil_candidates\smooth_correlated_robust_optimum\shared_051\segments\002\polar.txt,.txt,1223,86c4b3646c99d692c89be66bfa114c05e1b1c2f5a15451c62d290bde8c15bf94,
~\workspaces\github.com\bengawith\paper\results\robust_v2\xfoil_candidates\smooth_correlated_robust_optimum\shared_051\segments\003\polar.txt,.txt,1223,b05f0c25c1a5133e87422711a9c830755cb08c86d53ec9b87118ac74dea6b061,
~\workspaces\github.com\bengawith\paper\results\robust_v2\xfoil_candidates\smooth_correlated_robust_optimum\shared_051\segments\004\polar.txt,.txt,497,f77a4a4c5c3e8b2aaf5c2d1cd7a579bb15a56f2c192ac3ddd4b9b328ef3954fb,
~\workspaces\github.com\bengawith\paper\results\robust_v2\xfoil_candidates\smooth_correlated_robust_optimum\shared_052\segments\000\polar.txt,.txt,1157,9d4109d518a19f36d9089045a34af53ce2bf8294df9f2ff30d1e78de24eb1061,
~\workspaces\github.com\bengawith\paper\results\robust_v2\xfoil_candidates\smooth_correlated_robust_optimum\shared_052\segments\001\polar.txt,.txt,1223,c00f78e75456dac81bfc7e32b177d5b4f0d8903f65e17dcebe8825fd8417bea0,
~\workspaces\github.com\bengawith\paper\results\robust_v2\xfoil_candidates\smooth_correlated_robust_optimum\shared_052\segments\002\polar.txt,.txt,1223,ef78185097cd3fe84988f3c2cfd273a85776db41abd36d1a6197a53c24f5fce9,
~\workspaces\github.com\bengawith\paper\results\robust_v2\xfoil_candidates\smooth_correlated_robust_optimum\shared_052\segments\003\polar.txt,.txt,1223,e088a24b5a9ebadbb61ef3eaead8c28708444608a531b0132e7f957968514990,
~\workspaces\github.com\bengawith\paper\results\robust_v2\xfoil_candidates\smooth_correlated_robust_optimum\shared_052\segments\004\polar.txt,.txt,497,d61578ef3971ff95fdf05b94f71c08aba8c22b83d28446f914a8eab4de62199f,
~\workspaces\github.com\bengawith\paper\results\robust_v2\xfoil_candidates\smooth_correlated_robust_optimum\shared_053\segments\000\polar.txt,.txt,1157,26024c4ca5fe86f51aa1c9ce272fb982550d4e1f8bbce5b25c6c15b9212bca0b,
~\workspaces\github.com\bengawith\paper\results\robust_v2\xfoil_candidates\smooth_correlated_robust_optimum\shared_053\segments\001\polar.txt,.txt,1223,4ce6b299e0258417b74947038589776266fc96fa9d5447d818fb603398ca3748,
~\workspaces\github.com\bengawith\paper\results\robust_v2\xfoil_candidates\smooth_correlated_robust_optimum\shared_053\segments\002\polar.txt,.txt,1223,40b3d13f933b4b6f7ac3c8185be5fecb36c0d9a7b23cb0ee989980e1ad304c4f,
~\workspaces\github.com\bengawith\paper\results\robust_v2\xfoil_candidates\smooth_correlated_robust_optimum\shared_053\segments\003\polar.txt,.txt,1223,178908699b43d9c8d716608b0d365b722b0657fde18c43478746f91f3500de82,
~\workspaces\github.com\bengawith\paper\results\robust_v2\xfoil_candidates\smooth_correlated_robust_optimum\shared_053\segments\004\polar.txt,.txt,497,8395ab961d9eb2e0d4190be9d5c8fdc888e96cb828e30c0224278e9d8c550669,
~\workspaces\github.com\bengawith\paper\results\robust_v2\xfoil_candidates\smooth_correlated_robust_optimum\shared_054\segments\000\polar.txt,.txt,1157,90348ce8c027347e132aad9177ef6f80bc8eb14b836d9165f77ab8719f2c650f,
~\workspaces\github.com\bengawith\paper\results\robust_v2\xfoil_candidates\smooth_correlated_robust_optimum\shared_054\segments\001\polar.txt,.txt,1223,fadc501104c68c7654f3d40d8ef71fee96b095e8bd4ea7f757be398981f01d62,
~\workspaces\github.com\bengawith\paper\results\robust_v2\xfoil_candidates\smooth_correlated_robust_optimum\shared_054\segments\002\polar.txt,.txt,1223,534ef96a50d90c0280f402b82031b4b4aa08a03aceaddbaf0d556f619a554ab1,
~\workspaces\github.com\bengawith\paper\results\robust_v2\xfoil_candidates\smooth_correlated_robust_optimum\shared_054\segments\003\polar.txt,.txt,1223,67bc56ad6a9b9fe585a2afca9c8c3eb6ed898203d55e36821c899e566ec45cd1,
~\workspaces\github.com\bengawith\paper\results\robust_v2\xfoil_candidates\smooth_correlated_robust_optimum\shared_054\segments\004\polar.txt,.txt,497,660b0379130762a544b8fafd250f8696fa423c706f0a8d6c40569b2a999e1d86,
~\workspaces\github.com\bengawith\paper\results\robust_v2\xfoil_candidates\smooth_correlated_robust_optimum\shared_055\segments\000\polar.txt,.txt,1157,8fc449148df0606eabd2d585c4ee88b5ce200b7a845d1e993ea058b4e80b193f,
~\workspaces\github.com\bengawith\paper\results\robust_v2\xfoil_candidates\smooth_correlated_robust_optimum\shared_055\segments\001\polar.txt,.txt,1223,b3c6024ec47bc8222a98228a34573571194d0bc1a562d6524c6d1a937008ef38,
~\workspaces\github.com\bengawith\paper\results\robust_v2\xfoil_candidates\smooth_correlated_robust_optimum\shared_055\segments\002\polar.txt,.txt,1223,1503c79e1f21c72a0418b76b8098596ea0a8229e8480f81995e8b289e574583a,
~\workspaces\github.com\bengawith\paper\results\robust_v2\xfoil_candidates\smooth_correlated_robust_optimum\shared_055\segments\003\polar.txt,.txt,1223,2806df157366bb252042bf000c277b297310eda3708ee7d3eb67f34ab5ceb3d9,
~\workspaces\github.com\bengawith\paper\results\robust_v2\xfoil_candidates\smooth_correlated_robust_optimum\shared_055\segments\004\polar.txt,.txt,497,971bba7770243751f43a302e20e2eb47ef1d18b438bbc7d93538337ecab9cd78,
~\workspaces\github.com\bengawith\paper\results\robust_v2\xfoil_candidates\smooth_correlated_robust_optimum\shared_056\segments\000\polar.txt,.txt,1157,ca67affdfd4d86777973e3e1884e72b8296b54842089f1eda0e346c318ced32c,
~\workspaces\github.com\bengawith\paper\results\robust_v2\xfoil_candidates\smooth_correlated_robust_optimum\shared_056\segments\001\polar.txt,.txt,1223,cf23e0e948d5823dd6adde74e92be7d40ee5817152d730209fd9a11309a26085,
~\workspaces\github.com\bengawith\paper\results\robust_v2\xfoil_candidates\smooth_correlated_robust_optimum\shared_056\segments\002\polar.txt,.txt,1223,13b109379932666771adf2c3000afce4f0d34e02e53ba0ca2fa9df48ce11354d,
~\workspaces\github.com\bengawith\paper\results\robust_v2\xfoil_candidates\smooth_correlated_robust_optimum\shared_056\segments\003\polar.txt,.txt,1223,d746008d4503ee1b5947364343e9e3847204b42acd49023295d8fa9f30a6875c,
~\workspaces\github.com\bengawith\paper\results\robust_v2\xfoil_candidates\smooth_correlated_robust_optimum\shared_056\segments\004\polar.txt,.txt,497,2674c9201ed30de1443c63a08d8c2d0ce4c9d10d4280d0fd3eab196a7f7eca6c,
~\workspaces\github.com\bengawith\paper\results\robust_v2\xfoil_candidates\smooth_correlated_robust_optimum\shared_057\segments\000\polar.txt,.txt,1157,47cd418a0453a4664e6261c92282e98f29a7ef55752c434391d7269f9f57f7f9,
~\workspaces\github.com\bengawith\paper\results\robust_v2\xfoil_candidates\smooth_correlated_robust_optimum\shared_057\segments\001\polar.txt,.txt,1223,9a2fafdc35ff456719ff3890696f70282eafec4485e4528005c6c709b507c557,
~\workspaces\github.com\bengawith\paper\results\robust_v2\xfoil_candidates\smooth_correlated_robust_optimum\shared_057\segments\002\polar.txt,.txt,1223,ea0c3e92d011f474a845dc7668a720dd5be99c0c41037844987ed82186114465,
~\workspaces\github.com\bengawith\paper\results\robust_v2\xfoil_candidates\smooth_correlated_robust_optimum\shared_057\segments\003\polar.txt,.txt,1223,3081624ef17bf9d3838bc2247b13e54b0cc3f275b2c7dbd9a304d76e7c5a72da,
~\workspaces\github.com\bengawith\paper\results\robust_v2\xfoil_candidates\smooth_correlated_robust_optimum\shared_057\segments\004\polar.txt,.txt,497,4ad26a5029af741edc2759ce73a020d426f6d9c3122375e0dbc5d292d3f4806f,
~\workspaces\github.com\bengawith\paper\results\robust_v2\xfoil_candidates\smooth_correlated_robust_optimum\shared_058\segments\000\polar.txt,.txt,1157,bd21d2a5a9dae9516d8ebde07ed47a911a0f5c9bb73b999f56fcf4995a454bd3,
~\workspaces\github.com\bengawith\paper\results\robust_v2\xfoil_candidates\smooth_correlated_robust_optimum\shared_058\segments\001\polar.txt,.txt,1223,ef2f7a7c38b79a4ff12b1fb9c147689c3c0b4f09c44d3edff5274fd7752a1c33,
~\workspaces\github.com\bengawith\paper\results\robust_v2\xfoil_candidates\smooth_correlated_robust_optimum\shared_058\segments\002\polar.txt,.txt,1157,1a1aba2399d8a809153610ca8f1b971eeebe34fc2c70fbc73792308d1f95386c,
~\workspaces\github.com\bengawith\paper\results\robust_v2\xfoil_candidates\smooth_correlated_robust_optimum\shared_058\segments\003\polar.txt,.txt,1223,d76b8ac24c4e40da508393cf5138c7ae78b22f9d2886aecc396656d1dfdad9bb,
~\workspaces\github.com\bengawith\paper\results\robust_v2\xfoil_candidates\smooth_correlated_robust_optimum\shared_058\segments\004\polar.txt,.txt,497,8212b1c6eecb9babf852b8e02c402978ee4d88b5fbfeb683653ca9206ebe9abc,
~\workspaces\github.com\bengawith\paper\results\robust_v2\xfoil_candidates\smooth_correlated_robust_optimum\shared_059\segments\000\polar.txt,.txt,1223,ae7b3de778951ce6226a5bc8e5be5e468b917ac7edd6db9f7b948e6ff122e404,
~\workspaces\github.com\bengawith\paper\results\robust_v2\xfoil_candidates\smooth_correlated_robust_optimum\shared_059\segments\001\polar.txt,.txt,1223,0e3d2a37e07ff3cbccd2fe40f076a629eaa3aefdd9aa39063a50c46678a3baec,
~\workspaces\github.com\bengawith\paper\results\robust_v2\xfoil_candidates\smooth_correlated_robust_optimum\shared_059\segments\002\polar.txt,.txt,1223,15ad9a2235ab87356216ceb215ff2d1448ce65c9f3906f2e83a59cfb6a480cb3,
~\workspaces\github.com\bengawith\paper\results\robust_v2\xfoil_candidates\smooth_correlated_robust_optimum\shared_059\segments\003\polar.txt,.txt,1223,6e587279a554adcab2e41ed4ce1b8b58ad73cf62c63b36f1bddcc4b7c10b5e5e,
~\workspaces\github.com\bengawith\paper\results\robust_v2\xfoil_candidates\smooth_correlated_robust_optimum\shared_059\segments\004\polar.txt,.txt,497,9e2175db73a8ed24af340a6d22d3c2ceede26b6f6168e405c95fbaaf95ad0b3d,
~\workspaces\github.com\bengawith\paper\results\robust_v2\xfoil_candidates\smooth_correlated_robust_optimum\shared_060\segments\000\polar.txt,.txt,1157,c65b2a69ef06fba7c11555e089ebccc58639f93351b1f7bccf8a9dbb3a6c713b,
~\workspaces\github.com\bengawith\paper\results\robust_v2\xfoil_candidates\smooth_correlated_robust_optimum\shared_060\segments\001\polar.txt,.txt,1223,92ab93505b58580cf848e820866ebf72b50aca2e83b027d084dfa3f702b0bef0,
~\workspaces\github.com\bengawith\paper\results\robust_v2\xfoil_candidates\smooth_correlated_robust_optimum\shared_060\segments\002\polar.txt,.txt,1223,e200f5988a46f047d8c7f1223dc4d32e5d90e59fff0e1b5344a9ae09cd780bee,
~\workspaces\github.com\bengawith\paper\results\robust_v2\xfoil_candidates\smooth_correlated_robust_optimum\shared_060\segments\003\polar.txt,.txt,1223,a35c5804f4e6aa3ff8a84fb837628630c32124840ff6aad7e313682ff9a0f2c8,
~\workspaces\github.com\bengawith\paper\results\robust_v2\xfoil_candidates\smooth_correlated_robust_optimum\shared_060\segments\004\polar.txt,.txt,497,729d102b1c04b4979000c19abc129b3a3f8e2bcf3dd0c96b8dc3cc747bf0288e,
~\workspaces\github.com\bengawith\paper\results\robust_v2\xfoil_candidates\smooth_correlated_robust_optimum\shared_061\segments\000\polar.txt,.txt,1223,454456b0bdd57fa930c0422ce61713628c0c8926d24d364ce272b91f472b74e5,
~\workspaces\github.com\bengawith\paper\results\robust_v2\xfoil_candidates\smooth_correlated_robust_optimum\shared_061\segments\001\polar.txt,.txt,1157,c8204af7fe69e8507be92159fbb83cba4c247fb9c3af97ca672fee43cb69aecf,
~\workspaces\github.com\bengawith\paper\results\robust_v2\xfoil_candidates\smooth_correlated_robust_optimum\shared_061\segments\002\polar.txt,.txt,1223,25ea89b85558a6f49d7321a06a8fb4fec0ac4d321b17ade6d2c65ed106d0745a,
~\workspaces\github.com\bengawith\paper\results\robust_v2\xfoil_candidates\smooth_correlated_robust_optimum\shared_061\segments\003\polar.txt,.txt,1223,92e52238e128b9d822034ae7af0a385e345226fa7a27b28ec9420fd9b991aab7,
~\workspaces\github.com\bengawith\paper\results\robust_v2\xfoil_candidates\smooth_correlated_robust_optimum\shared_061\segments\004\polar.txt,.txt,497,885e2acabd3f5911ff7972684849f0e97592e0e78ad8802e080eec0ee7e55de8,
~\workspaces\github.com\bengawith\paper\results\robust_v2\xfoil_candidates\smooth_correlated_robust_optimum\shared_062\segments\000\polar.txt,.txt,1157,43d3831f67febb62a82e984815096563bae326da8b355487c1302d4cd1b3f68b,
~\workspaces\github.com\bengawith\paper\results\robust_v2\xfoil_candidates\smooth_correlated_robust_optimum\shared_062\segments\001\polar.txt,.txt,1157,a235b333365e3391c4b16e5356df35e237300522ea7cad8d08f9f21df3adb944,
~\workspaces\github.com\bengawith\paper\results\robust_v2\xfoil_candidates\smooth_correlated_robust_optimum\shared_062\segments\002\polar.txt,.txt,1223,df019b9250852ec7597fc490b6822bc49884a7d55478e85a17009995e76756bb,
~\workspaces\github.com\bengawith\paper\results\robust_v2\xfoil_candidates\smooth_correlated_robust_optimum\shared_062\segments\003\polar.txt,.txt,1223,28ff6be3fe2f6bf4653d03333c2067a8f1d7ba8b5ed165856cdcb9bd49f44aee,
~\workspaces\github.com\bengawith\paper\results\robust_v2\xfoil_candidates\smooth_correlated_robust_optimum\shared_062\segments\004\polar.txt,.txt,497,baff18910811e04cd7d43600bae3bd92979bc1606814c9347b431b4a9b319086,
~\workspaces\github.com\bengawith\paper\results\robust_v2\xfoil_candidates\smooth_correlated_robust_optimum\shared_063\segments\000\polar.txt,.txt,1157,8ada5ae443e833a31415d6a580449fff0f945abeadfb5026a58a2d8292d66d14,
~\workspaces\github.com\bengawith\paper\results\robust_v2\xfoil_candidates\smooth_correlated_robust_optimum\shared_063\segments\001\polar.txt,.txt,1223,8f028a9ff027c5910e53de3f4fafdf7c29090e3edc1e78010d7fec13318336cd,
~\workspaces\github.com\bengawith\paper\results\robust_v2\xfoil_candidates\smooth_correlated_robust_optimum\shared_063\segments\002\polar.txt,.txt,1223,4aa2538b3c6e7f2fe542652741cc47d65a9bbcd90d0739a312fc807ffdd1891e,
~\workspaces\github.com\bengawith\paper\results\robust_v2\xfoil_candidates\smooth_correlated_robust_optimum\shared_063\segments\003\polar.txt,.txt,1223,bc299b9437d68459e4c402da38ba2afc436e8f92ed4a86f0d18fcd0620ff7981,
~\workspaces\github.com\bengawith\paper\results\robust_v2\xfoil_candidates\smooth_correlated_robust_optimum\shared_063\segments\004\polar.txt,.txt,497,8b778463c61aaf6689a5d9033e1e745564323840602e59437a18494d483731bf,
~\workspaces\github.com\bengawith\paper\results\robust_v2\xfoil_candidates\trust_constrained_pareto_knee\adverse_tail_017\segments\000\polar.txt,.txt,1223,e4139e0e825dba7a7d12c3e3a83803fa10ab3527927eb991dce5480b987d9c1a,
~\workspaces\github.com\bengawith\paper\results\robust_v2\xfoil_candidates\trust_constrained_pareto_knee\adverse_tail_017\segments\001\polar.txt,.txt,1223,78300cee5f08249650c63166db303ffbd95e9fe6fd46fb8c99dd755950ebd075,
~\workspaces\github.com\bengawith\paper\results\robust_v2\xfoil_candidates\trust_constrained_pareto_knee\adverse_tail_017\segments\002\polar.txt,.txt,1223,05f0427ac554482606a5bb92c9d87c70a0da7eec164d73bd2d914a73a0270342,
~\workspaces\github.com\bengawith\paper\results\robust_v2\xfoil_candidates\trust_constrained_pareto_knee\adverse_tail_017\segments\003\polar.txt,.txt,1223,104bc6de5d5bf52c69696ebaf5c2ab919593744caa830d7d8f67718b457c7cb7,
~\workspaces\github.com\bengawith\paper\results\robust_v2\xfoil_candidates\trust_constrained_pareto_knee\adverse_tail_017\segments\004\polar.txt,.txt,497,a72f5d3202cb63611a3f131f4dffbb26495f70d9badeeaa401434dd3dfde4e99,
~\workspaces\github.com\bengawith\paper\results\robust_v2\xfoil_candidates\trust_constrained_pareto_knee\adverse_tail_060\segments\000\polar.txt,.txt,1223,bfead2d536e76b01d029085f222f9064c9296c808e26f1cb46d7b104f53fb9af,
~\workspaces\github.com\bengawith\paper\results\robust_v2\xfoil_candidates\trust_constrained_pareto_knee\adverse_tail_060\segments\001\polar.txt,.txt,1223,f3427cca591fb893cb9263830154647229ea559f233528063db41af9fbe99815,
~\workspaces\github.com\bengawith\paper\results\robust_v2\xfoil_candidates\trust_constrained_pareto_knee\adverse_tail_060\segments\002\polar.txt,.txt,1223,bf40e1434fad69937f1c04cacd3774b0889ab9a139463bf801d5ef7bde3606eb,
~\workspaces\github.com\bengawith\paper\results\robust_v2\xfoil_candidates\trust_constrained_pareto_knee\adverse_tail_060\segments\003\polar.txt,.txt,1223,4a2050814845afe31819fabca2da95de2b10d1823764e911479e8e42e299cc69,
~\workspaces\github.com\bengawith\paper\results\robust_v2\xfoil_candidates\trust_constrained_pareto_knee\adverse_tail_060\segments\004\polar.txt,.txt,497,4581e41ca98f53d8a57b3e1d12ec03f20299396f2eb00a79c601db844f643548,
~\workspaces\github.com\bengawith\paper\results\robust_v2\xfoil_candidates\trust_constrained_pareto_knee\nominal\segments\000\polar.txt,.txt,1223,7c905bc141b933a2f1985fba58b5ff70b2d1d0632ff399ad9e507f7102a6cc40,
~\workspaces\github.com\bengawith\paper\results\robust_v2\xfoil_candidates\trust_constrained_pareto_knee\nominal\segments\001\polar.txt,.txt,1223,eb261b355deeb261cb5abe485dc0fd05955c1109b44a83f395e3f2b04330f8a2,
~\workspaces\github.com\bengawith\paper\results\robust_v2\xfoil_candidates\trust_constrained_pareto_knee\nominal\segments\002\polar.txt,.txt,1157,6e59f5051c04a3f0a65b23c339eb58d4cacd19f0601cb2bcc4cdc54fe32ff100,
~\workspaces\github.com\bengawith\paper\results\robust_v2\xfoil_candidates\trust_constrained_pareto_knee\nominal\segments\003\polar.txt,.txt,1223,c184784ed8a98e17ce53f88ffd6e86bef6b5f94af1c43c9df13a29d488bd1c8f,
~\workspaces\github.com\bengawith\paper\results\robust_v2\xfoil_candidates\trust_constrained_pareto_knee\nominal\segments\004\polar.txt,.txt,497,222ace72a195195551a8521856f8e5584c33f99a58c0f5bec51877abaea5a39a,
~\workspaces\github.com\bengawith\paper\results\robust_v2\xfoil_candidates\trust_constrained_pareto_knee\shared_000\segments\000\polar.txt,.txt,1223,09269a4e94ef4d5d4c30845346537bab1dbeeb563e846b369cd0feb0133258b7,
~\workspaces\github.com\bengawith\paper\results\robust_v2\xfoil_candidates\trust_constrained_pareto_knee\shared_000\segments\001\polar.txt,.txt,1157,a133e98fe0153e22a86abe03cb08d2b0e7fabab957467f2c818b5fdbf6c80175,
~\workspaces\github.com\bengawith\paper\results\robust_v2\xfoil_candidates\trust_constrained_pareto_knee\shared_000\segments\002\polar.txt,.txt,1223,253cc8d8736ba66f4c302c9e7854bd2872ef411a578a96b1419f11512404d545,
~\workspaces\github.com\bengawith\paper\results\robust_v2\xfoil_candidates\trust_constrained_pareto_knee\shared_000\segments\003\polar.txt,.txt,1223,2d4c0cb6d8f4daaf9a376206f0fc84b6b8670dd411527ced69f5959afd15a3ac,
~\workspaces\github.com\bengawith\paper\results\robust_v2\xfoil_candidates\trust_constrained_pareto_knee\shared_000\segments\004\polar.txt,.txt,497,9e31837458695ec8833ce65292cc7706f6045ee6eefadb59b9e27eacf454ee97,
~\workspaces\github.com\bengawith\paper\results\robust_v2\xfoil_candidates\trust_constrained_pareto_knee\shared_001\segments\000\polar.txt,.txt,1223,015bee684c486611559803e162fc150e59fc892366c32875d0dd425b85a4badf,
~\workspaces\github.com\bengawith\paper\results\robust_v2\xfoil_candidates\trust_constrained_pareto_knee\shared_001\segments\001\polar.txt,.txt,1223,831bef30ac14c07a472c697f727216a457c147efd01a6e4465651609430dab1b,
~\workspaces\github.com\bengawith\paper\results\robust_v2\xfoil_candidates\trust_constrained_pareto_knee\shared_001\segments\002\polar.txt,.txt,1223,ebe377b1ab29a97296d5f57b9d3a292a93c208a19dfb53594b4035dba13bb67c,
~\workspaces\github.com\bengawith\paper\results\robust_v2\xfoil_candidates\trust_constrained_pareto_knee\shared_001\segments\003\polar.txt,.txt,1223,9d92eb97bb10941ba31b72cc61e1c60221d17eaa24b020d916f19e78931b54fc,
~\workspaces\github.com\bengawith\paper\results\robust_v2\xfoil_candidates\trust_constrained_pareto_knee\shared_001\segments\004\polar.txt,.txt,497,ad0bebe375300e9e4f0f7c3cf4e55c4990e7d25f89bd4c833238b19b72b5a1a2,
~\workspaces\github.com\bengawith\paper\results\robust_v2\xfoil_candidates\trust_constrained_pareto_knee\shared_002\segments\000\polar.txt,.txt,1157,7f9d9f56fbd33e2199d715ac71aeeaf3c9aa0c23d19bd2620dcb06b874c94424,
~\workspaces\github.com\bengawith\paper\results\robust_v2\xfoil_candidates\trust_constrained_pareto_knee\shared_002\segments\001\polar.txt,.txt,1157,c12f8da4ca46c31e2276686a9bd734272234cc7e70103ea3ee8478e7c2f12ee0,
~\workspaces\github.com\bengawith\paper\results\robust_v2\xfoil_candidates\trust_constrained_pareto_knee\shared_002\segments\002\polar.txt,.txt,1223,d1fc9976cfffc2c36c4020c10b1e60eeb876ea8e923bbbf9f10b743ac1f39d82,
~\workspaces\github.com\bengawith\paper\results\robust_v2\xfoil_candidates\trust_constrained_pareto_knee\shared_002\segments\003\polar.txt,.txt,1223,f73ec8f35dbebb8df2fb5f15155cb9120a9670991f8109aa750dacc14dd62280,
~\workspaces\github.com\bengawith\paper\results\robust_v2\xfoil_candidates\trust_constrained_pareto_knee\shared_002\segments\004\polar.txt,.txt,497,f3e00df7b25b0dd5c11020440d266b6aff637416f69af5c5a5b60e0d43acc787,
~\workspaces\github.com\bengawith\paper\results\robust_v2\xfoil_candidates\trust_constrained_pareto_knee\shared_003\segments\000\polar.txt,.txt,1223,97b8c321b4e7ed8d5ef9a6d63776941972d76ed5074152095588ff71a7073cb4,
~\workspaces\github.com\bengawith\paper\results\robust_v2\xfoil_candidates\trust_constrained_pareto_knee\shared_003\segments\001\polar.txt,.txt,1157,da004068d0bf85c7587cd1f0a13fd60a144a91c397e849f59c306018a6fefc77,
~\workspaces\github.com\bengawith\paper\results\robust_v2\xfoil_candidates\trust_constrained_pareto_knee\shared_003\segments\002\polar.txt,.txt,1157,5e65b2f86970ea1706fd319b3451ac126ea5a13bd68fd0449f33d80fb8a8f2e6,
~\workspaces\github.com\bengawith\paper\results\robust_v2\xfoil_candidates\trust_constrained_pareto_knee\shared_003\segments\003\polar.txt,.txt,1223,de6b7c76c904b79abb73c87b8908f1f8f26014f3ec2e5ad2f4d354ec6ce2a256,
~\workspaces\github.com\bengawith\paper\results\robust_v2\xfoil_candidates\trust_constrained_pareto_knee\shared_003\segments\004\polar.txt,.txt,497,4beb5ef00c102b0eea8ea599d91940a8f4b9babfe7db6f5d157599dc7572241e,
~\workspaces\github.com\bengawith\paper\results\robust_v2\xfoil_candidates\trust_constrained_pareto_knee\shared_004\segments\000\polar.txt,.txt,1223,fa381092cc46f7c5154181d6778b39c0f09a2643039be8d160660e9c2594071a,
~\workspaces\github.com\bengawith\paper\results\robust_v2\xfoil_candidates\trust_constrained_pareto_knee\shared_004\segments\001\polar.txt,.txt,1223,57d32a845a77bdd3d557c116bcb239444a558f246a8487ee7ca082106a93d9ba,
~\workspaces\github.com\bengawith\paper\results\robust_v2\xfoil_candidates\trust_constrained_pareto_knee\shared_004\segments\002\polar.txt,.txt,1223,db592745c18a68b4c55410dbf6dec712096bfcc0d29311163f4f6045fef69fc2,
~\workspaces\github.com\bengawith\paper\results\robust_v2\xfoil_candidates\trust_constrained_pareto_knee\shared_004\segments\003\polar.txt,.txt,1223,4299f38b074f7321c587b43a17d6c154bb0252f5f2610e6b284ba290d94c2d70,
~\workspaces\github.com\bengawith\paper\results\robust_v2\xfoil_candidates\trust_constrained_pareto_knee\shared_004\segments\004\polar.txt,.txt,497,d1e10447b68bce371accb3e8cfa356084aa8641f8f4483be5f42a9382c44385a,
~\workspaces\github.com\bengawith\paper\results\robust_v2\xfoil_candidates\trust_constrained_pareto_knee\shared_005\segments\000\polar.txt,.txt,1223,ce438f12c1b51e7dbc3ec80488ede7d0b40c85bd1a6fe58ea41c297147a19807,
~\workspaces\github.com\bengawith\paper\results\robust_v2\xfoil_candidates\trust_constrained_pareto_knee\shared_005\segments\001\polar.txt,.txt,1157,af5c70738a4303db3f0bf66b05c60bd8bf07e0eab3934b6895dcf1abdb693c9b,
~\workspaces\github.com\bengawith\paper\results\robust_v2\xfoil_candidates\trust_constrained_pareto_knee\shared_005\segments\002\polar.txt,.txt,1223,586cbefce173a065459383d23a107553acc74eefa7b254fd1fd439afe47b857e,
~\workspaces\github.com\bengawith\paper\results\robust_v2\xfoil_candidates\trust_constrained_pareto_knee\shared_005\segments\003\polar.txt,.txt,1223,54782107fa03ccddb90a6d6729e359570841023863c1aa12b1022a1c3b6d406a,
~\workspaces\github.com\bengawith\paper\results\robust_v2\xfoil_candidates\trust_constrained_pareto_knee\shared_005\segments\004\polar.txt,.txt,497,84ba638887fae7d50736345ae9b07dcdac18faf116b2b695add3237fc5bda040,
~\workspaces\github.com\bengawith\paper\results\robust_v2\xfoil_candidates\trust_constrained_pareto_knee\shared_006\segments\000\polar.txt,.txt,1223,20223cfd069c12516b3b128b1e45260d23ea89893c9fcf947f8d6affa4e3b503,
~\workspaces\github.com\bengawith\paper\results\robust_v2\xfoil_candidates\trust_constrained_pareto_knee\shared_006\segments\001\polar.txt,.txt,1157,5eaaa4bbcad78a6516676cfdeec1896996ca7a64dcf96011ec98da6dbf73f152,
~\workspaces\github.com\bengawith\paper\results\robust_v2\xfoil_candidates\trust_constrained_pareto_knee\shared_006\segments\002\polar.txt,.txt,1223,8281d328586e22b5ba93237d74034b2dcb11236b2e112e18bab5742fdfddd9cd,
~\workspaces\github.com\bengawith\paper\results\robust_v2\xfoil_candidates\trust_constrained_pareto_knee\shared_006\segments\003\polar.txt,.txt,1223,29ec38eefab843e2b1aa72e4f4491f831ae8659f697b9b5ec3f2d3975c0eccb7,
~\workspaces\github.com\bengawith\paper\results\robust_v2\xfoil_candidates\trust_constrained_pareto_knee\shared_006\segments\004\polar.txt,.txt,497,1160efb5c9a6edd924dfe6c831866d9fd7303ce61ba56be8bce51c3655f44335,
~\workspaces\github.com\bengawith\paper\results\robust_v2\xfoil_candidates\trust_constrained_pareto_knee\shared_007\segments\000\polar.txt,.txt,1223,5da1b28671fc4024928741e2fadae22827fdb4c96451334bbf733070fbc12bc2,
~\workspaces\github.com\bengawith\paper\results\robust_v2\xfoil_candidates\trust_constrained_pareto_knee\shared_007\segments\001\polar.txt,.txt,1157,36e5c711f28dc7c62f28c115fc8373a7b1f2d7008abb864a20bad5188b301339,
~\workspaces\github.com\bengawith\paper\results\robust_v2\xfoil_candidates\trust_constrained_pareto_knee\shared_007\segments\002\polar.txt,.txt,1223,8d4372bd9902fead1380eb8222a3465dc3980716d0592148c17af792fc3047eb,
~\workspaces\github.com\bengawith\paper\results\robust_v2\xfoil_candidates\trust_constrained_pareto_knee\shared_007\segments\003\polar.txt,.txt,1223,e11cbd3cc3e78a900f3c35057aad5195383d01cc323901a2eb4386752e9b82e4,
~\workspaces\github.com\bengawith\paper\results\robust_v2\xfoil_candidates\trust_constrained_pareto_knee\shared_007\segments\004\polar.txt,.txt,497,878969c199f5b56d8bdc8f650b424d4624d588dea0be3314eddc9707992b327b,
~\workspaces\github.com\bengawith\paper\results\robust_v2\xfoil_candidates\trust_constrained_pareto_knee\shared_008\segments\000\polar.txt,.txt,1157,bd5a642685bdddc991ce83ec8671751d5cd2e1a1a1ec705ed2f1125b2a8a983e,
~\workspaces\github.com\bengawith\paper\results\robust_v2\xfoil_candidates\trust_constrained_pareto_knee\shared_008\segments\001\polar.txt,.txt,1223,9f5f8c7ff7e5dfe45ef5b79fe7254e10dd66ca240fb3b943c7a180bf827b99d6,
~\workspaces\github.com\bengawith\paper\results\robust_v2\xfoil_candidates\trust_constrained_pareto_knee\shared_008\segments\002\polar.txt,.txt,1223,97c5ec71db918a6f5ec776aa2363efb1207ececb533091610f6af04425b60a0c,
~\workspaces\github.com\bengawith\paper\results\robust_v2\xfoil_candidates\trust_constrained_pareto_knee\shared_008\segments\003\polar.txt,.txt,1223,10c3d426fc11aec8056eb05cf34060a3c1acd174ed2764d9270d1b9963e15cb3,
~\workspaces\github.com\bengawith\paper\results\robust_v2\xfoil_candidates\trust_constrained_pareto_knee\shared_008\segments\004\polar.txt,.txt,497,a55e8b2b4104b702c096d974b51f379f49131e044f0012c8ff437bc3701e82c3,
~\workspaces\github.com\bengawith\paper\results\robust_v2\xfoil_candidates\trust_constrained_pareto_knee\shared_009\segments\000\polar.txt,.txt,1157,d70642eff74519578ec2236507373bc756de3488806a866834a8ce540ecd28ef,
~\workspaces\github.com\bengawith\paper\results\robust_v2\xfoil_candidates\trust_constrained_pareto_knee\shared_009\segments\001\polar.txt,.txt,1091,88e4d47569bfb7993d803df21aafafd3d78eb061baf79f92ce7466f0f9d87242,
~\workspaces\github.com\bengawith\paper\results\robust_v2\xfoil_candidates\trust_constrained_pareto_knee\shared_009\segments\002\polar.txt,.txt,1223,fb11d9e635cf323b0239c0fc173cffcae6402f79937cd3f75bdc12bc16b90350,
~\workspaces\github.com\bengawith\paper\results\robust_v2\xfoil_candidates\trust_constrained_pareto_knee\shared_009\segments\003\polar.txt,.txt,1223,10bca97264b438f75a51e63ae1523992094355495ecc1d10dfeb95aed622c1e3,
~\workspaces\github.com\bengawith\paper\results\robust_v2\xfoil_candidates\trust_constrained_pareto_knee\shared_009\segments\004\polar.txt,.txt,497,e3ba87531e7c3a26909598fddf0665fe0333493c92b73d7d0d7d89da49151614,
~\workspaces\github.com\bengawith\paper\results\robust_v2\xfoil_candidates\trust_constrained_pareto_knee\shared_010\segments\000\polar.txt,.txt,1223,f702e6a1b4cd3343fb83b401bc72a602f25bdbc1dc001c83734f608595081b49,
~\workspaces\github.com\bengawith\paper\results\robust_v2\xfoil_candidates\trust_constrained_pareto_knee\shared_010\segments\001\polar.txt,.txt,1223,026c9feaed8806d97f0075d7272c06c05f37e3ad56e456dfa0648300e45c32c4,
~\workspaces\github.com\bengawith\paper\results\robust_v2\xfoil_candidates\trust_constrained_pareto_knee\shared_010\segments\002\polar.txt,.txt,1157,a595f348a391cae0f3670a70919c2a3968fbeb355d1ffb4e606f08c43c95bc8b,
~\workspaces\github.com\bengawith\paper\results\robust_v2\xfoil_candidates\trust_constrained_pareto_knee\shared_010\segments\003\polar.txt,.txt,1223,c1d614bd237c52ac154cac79c4a5cc15b61bce7c9685a943fbd75933caea5dce,
~\workspaces\github.com\bengawith\paper\results\robust_v2\xfoil_candidates\trust_constrained_pareto_knee\shared_010\segments\004\polar.txt,.txt,497,eaa662abe3fd4b12fcfe2d3d388b15dc8147a609722f1481a8d5b7ce0f55a3a8,
~\workspaces\github.com\bengawith\paper\results\robust_v2\xfoil_candidates\trust_constrained_pareto_knee\shared_011\segments\000\polar.txt,.txt,1091,da2038bd132d778e9b672b7bb94e71daf63ac520e22d4509f48f50560995168e,
~\workspaces\github.com\bengawith\paper\results\robust_v2\xfoil_candidates\trust_constrained_pareto_knee\shared_011\segments\001\polar.txt,.txt,1157,9dac03d3bd6fef9bb10863fa85c8453d2afb36ff377868644024fad96b888a2d,
~\workspaces\github.com\bengawith\paper\results\robust_v2\xfoil_candidates\trust_constrained_pareto_knee\shared_011\segments\002\polar.txt,.txt,1223,e020a506906fc6d9a43194715bad5cea30cada731d618fbc98ce7bf1b9baf8a7,
~\workspaces\github.com\bengawith\paper\results\robust_v2\xfoil_candidates\trust_constrained_pareto_knee\shared_011\segments\003\polar.txt,.txt,1223,1413fdefc440615f2738e5f7d1ca30dcb8ce49354495254431b8c834324f3905,
~\workspaces\github.com\bengawith\paper\results\robust_v2\xfoil_candidates\trust_constrained_pareto_knee\shared_011\segments\004\polar.txt,.txt,497,79476dc1863e9fd00d242105b17b46759ca318c7afcc8ea272608b142e04e67e,
~\workspaces\github.com\bengawith\paper\results\robust_v2\xfoil_candidates\trust_constrained_pareto_knee\shared_012\segments\000\polar.txt,.txt,1223,83fb777b0338a7ac90ab33c2bfb16a723bac95eccb3a59e0d2a0597b7e563b99,
~\workspaces\github.com\bengawith\paper\results\robust_v2\xfoil_candidates\trust_constrained_pareto_knee\shared_012\segments\001\polar.txt,.txt,1157,ae1789b9011c5d27abaf73808f4c0b1cd1cfee9ef6e84cb6d509602828b7954c,
~\workspaces\github.com\bengawith\paper\results\robust_v2\xfoil_candidates\trust_constrained_pareto_knee\shared_012\segments\002\polar.txt,.txt,1223,421dd6a694e67fad12351d0bf6e2b865b53ba301d433c7003d69eec29cbb28a2,
~\workspaces\github.com\bengawith\paper\results\robust_v2\xfoil_candidates\trust_constrained_pareto_knee\shared_012\segments\003\polar.txt,.txt,1223,47695ec4472b494dfb99e1b8b488b72814b847ab2399daaf1b12307637edd9c8,
~\workspaces\github.com\bengawith\paper\results\robust_v2\xfoil_candidates\trust_constrained_pareto_knee\shared_012\segments\004\polar.txt,.txt,497,7c9af8505e4cc98a6e6a31b6cc83fa157257d158cd04db4aaf10d86f4324d7ab,
~\workspaces\github.com\bengawith\paper\results\robust_v2\xfoil_candidates\trust_constrained_pareto_knee\shared_013\segments\000\polar.txt,.txt,1223,e3ca9596fb9867de3fe9be31330234b2c30a756e18d8f3ccb103ae88e3b70b3d,
~\workspaces\github.com\bengawith\paper\results\robust_v2\xfoil_candidates\trust_constrained_pareto_knee\shared_013\segments\001\polar.txt,.txt,1223,e3d5780bc78caa99c469af651c8a8539de99d476ebe8810ccf393ea5ae813caf,
~\workspaces\github.com\bengawith\paper\results\robust_v2\xfoil_candidates\trust_constrained_pareto_knee\shared_013\segments\002\polar.txt,.txt,1223,ebd20942c4c1baad53ae7986f162fceb4921ba98549b65ef63a75771665fd3c6,
~\workspaces\github.com\bengawith\paper\results\robust_v2\xfoil_candidates\trust_constrained_pareto_knee\shared_013\segments\003\polar.txt,.txt,1223,3d36226beb759448322da0112b1fb7dd8bad08404339a311cf0c35d2b1ff1b8e,
~\workspaces\github.com\bengawith\paper\results\robust_v2\xfoil_candidates\trust_constrained_pareto_knee\shared_013\segments\004\polar.txt,.txt,497,83f3607dfb1e596955ba52aa8b6c4a6c9ee8a78f2187d47f5db167bbaac78057,
~\workspaces\github.com\bengawith\paper\results\robust_v2\xfoil_candidates\trust_constrained_pareto_knee\shared_014\segments\000\polar.txt,.txt,1223,3e2ad59bd112d73803bdf02adb519966bbe510311769e9867b5f4b5e6cd24b56,
~\workspaces\github.com\bengawith\paper\results\robust_v2\xfoil_candidates\trust_constrained_pareto_knee\shared_014\segments\001\polar.txt,.txt,1223,139913b60b3712e3df6aa2cff5741e76a57e002fea1fa53d840d2d9d3cbf7a3f,
~\workspaces\github.com\bengawith\paper\results\robust_v2\xfoil_candidates\trust_constrained_pareto_knee\shared_014\segments\002\polar.txt,.txt,1223,5dcf0453372317fb8c0bfa3642584d203560d8f5c5f6f50ff92ef81130585fac,
~\workspaces\github.com\bengawith\paper\results\robust_v2\xfoil_candidates\trust_constrained_pareto_knee\shared_014\segments\003\polar.txt,.txt,1223,d3c5af6552b90944d0957d5d0fcf64a54b45246f25f5072f2a0b4215f1727efa,
~\workspaces\github.com\bengawith\paper\results\robust_v2\xfoil_candidates\trust_constrained_pareto_knee\shared_014\segments\004\polar.txt,.txt,497,66c2324c9f5747775048410e269a139f8d842faec7706b0cde54f5323e60c111,
~\workspaces\github.com\bengawith\paper\results\robust_v2\xfoil_candidates\trust_constrained_pareto_knee\shared_015\segments\000\polar.txt,.txt,1223,36c8ec7564a3a7ebd432827d18df0d9f81eb0b07580843601ccadb3b023106ff,
~\workspaces\github.com\bengawith\paper\results\robust_v2\xfoil_candidates\trust_constrained_pareto_knee\shared_015\segments\001\polar.txt,.txt,1223,4b8f7707503ae8fe660b846ca8a8afcb1c5d7fc59aabf3d2bca10078d483d7f6,
~\workspaces\github.com\bengawith\paper\results\robust_v2\xfoil_candidates\trust_constrained_pareto_knee\shared_015\segments\002\polar.txt,.txt,1223,e298f7a1459180156af0aa3cda1eaa47b7765889f18b958759bb68e1a1b850d1,
~\workspaces\github.com\bengawith\paper\results\robust_v2\xfoil_candidates\trust_constrained_pareto_knee\shared_015\segments\003\polar.txt,.txt,1223,637616b388f7c286a3cba610c5a972149dfc28e82ed8ee315daf4701fdf834db,
~\workspaces\github.com\bengawith\paper\results\robust_v2\xfoil_candidates\trust_constrained_pareto_knee\shared_015\segments\004\polar.txt,.txt,497,1c8b1a45440b763b2bace55559475aa628896b26d7e7c47e806470db7fc16bd4,
~\workspaces\github.com\bengawith\paper\results\robust_v2\xfoil_candidates\trust_constrained_pareto_knee\shared_016\segments\000\polar.txt,.txt,1223,1f9cca878843e81aeb01955e3ebb7d073fa56d67532a0d2197e850910931c5cf,
~\workspaces\github.com\bengawith\paper\results\robust_v2\xfoil_candidates\trust_constrained_pareto_knee\shared_016\segments\001\polar.txt,.txt,1223,18f067b308dfbbc4c8bf967ad664bf39bd688377edbfed599555cd855bad5d9e,
~\workspaces\github.com\bengawith\paper\results\robust_v2\xfoil_candidates\trust_constrained_pareto_knee\shared_016\segments\002\polar.txt,.txt,1223,2bff71a1ea6b1b9c34c0e4c4d06c08da2ce35f3a56dbc2145c8e4e4fb8536057,
~\workspaces\github.com\bengawith\paper\results\robust_v2\xfoil_candidates\trust_constrained_pareto_knee\shared_016\segments\003\polar.txt,.txt,1223,bba7793fc42ce49484c57c62c1d008b555a13b345d09e4a77974726da91950c1,
~\workspaces\github.com\bengawith\paper\results\robust_v2\xfoil_candidates\trust_constrained_pareto_knee\shared_016\segments\004\polar.txt,.txt,497,aeac8e650020a6d520bd1fdd5f342fa28b50395466c603c03ff336480fe8fc98,
~\workspaces\github.com\bengawith\paper\results\robust_v2\xfoil_candidates\trust_constrained_pareto_knee\shared_017\segments\000\polar.txt,.txt,1157,144e4575a1404a5f1d6ec01f0e5418df5b89b122a2ac7c873b31d5b402e16a50,
~\workspaces\github.com\bengawith\paper\results\robust_v2\xfoil_candidates\trust_constrained_pareto_knee\shared_017\segments\001\polar.txt,.txt,1223,bd2901928127946672f9ec2ae2908dc8fc3587814172d58beca27f2c27e87f89,
~\workspaces\github.com\bengawith\paper\results\robust_v2\xfoil_candidates\trust_constrained_pareto_knee\shared_017\segments\002\polar.txt,.txt,1223,8e1714419f31de756f0339a57a39df7e3bf8d81f06ebcca1437cfdab363fd89f,
~\workspaces\github.com\bengawith\paper\results\robust_v2\xfoil_candidates\trust_constrained_pareto_knee\shared_017\segments\003\polar.txt,.txt,1223,930142c3e2bf36f5a98d39ada283b55312ebcc6ac8cb83a15719c007cba0814f,
~\workspaces\github.com\bengawith\paper\results\robust_v2\xfoil_candidates\trust_constrained_pareto_knee\shared_017\segments\004\polar.txt,.txt,497,b0cc1d33df24b8f6fb46d029f21437c38c29f2c71f2f7f3120cef0c1b91ef457,
~\workspaces\github.com\bengawith\paper\results\robust_v2\xfoil_candidates\trust_constrained_pareto_knee\shared_018\segments\000\polar.txt,.txt,1091,35ede814a3b6d61591312c9dde46814142412fe8e88dbe97b533c9c434bbc885,
~\workspaces\github.com\bengawith\paper\results\robust_v2\xfoil_candidates\trust_constrained_pareto_knee\shared_018\segments\001\polar.txt,.txt,1157,968a6ca5a88f044634b52516beb1747fd1413ff18261aa7085bc1e5e3bef9a13,
~\workspaces\github.com\bengawith\paper\results\robust_v2\xfoil_candidates\trust_constrained_pareto_knee\shared_018\segments\002\polar.txt,.txt,1223,4ef408cbd2c4ba868ba45b3e9d0f399a60942644f32ed3cd6749ed90bd18e164,
~\workspaces\github.com\bengawith\paper\results\robust_v2\xfoil_candidates\trust_constrained_pareto_knee\shared_018\segments\003\polar.txt,.txt,1223,a702ab040a7ee64d4d2bebbdd2f35081496404725a4fb1deac39f09a91d454ef,
~\workspaces\github.com\bengawith\paper\results\robust_v2\xfoil_candidates\trust_constrained_pareto_knee\shared_018\segments\004\polar.txt,.txt,497,b7a1fdae66b2bd9dded36b3657861e5512f2ae23ffc5bdbe3c4c8fe5a575b573,
~\workspaces\github.com\bengawith\paper\results\robust_v2\xfoil_candidates\trust_constrained_pareto_knee\shared_019\segments\000\polar.txt,.txt,1157,3d921ae5c2e228470bd11c8465684e83537e3405df0e9b732e7d8db72b425e7d,
~\workspaces\github.com\bengawith\paper\results\robust_v2\xfoil_candidates\trust_constrained_pareto_knee\shared_019\segments\001\polar.txt,.txt,1157,a5a82cf6e6e476302cba138178a8174194d02f84ac4bfd7fc10aec141f1ba902,
~\workspaces\github.com\bengawith\paper\results\robust_v2\xfoil_candidates\trust_constrained_pareto_knee\shared_019\segments\002\polar.txt,.txt,1223,b9dcc62d243479b7a5ab9ab75c7fbb698947070d7b9354d0ed8e187da99a8c9b,
~\workspaces\github.com\bengawith\paper\results\robust_v2\xfoil_candidates\trust_constrained_pareto_knee\shared_019\segments\003\polar.txt,.txt,1157,15143294e7fbd07729f212235ca5eef87ae43a138580f74d9c365c0699000694,
~\workspaces\github.com\bengawith\paper\results\robust_v2\xfoil_candidates\trust_constrained_pareto_knee\shared_019\segments\004\polar.txt,.txt,497,11e3ff3456f50f8f4b97f5b8819dfbdff36b3e10e832aed32807e9f44d31bf54,
~\workspaces\github.com\bengawith\paper\results\robust_v2\xfoil_candidates\trust_constrained_pareto_knee\shared_020\segments\000\polar.txt,.txt,1223,e9587a3bee3ab26ab3e0496c755cbfaaa368cfd44cf93c886e8bfb4b0c80142a,
~\workspaces\github.com\bengawith\paper\results\robust_v2\xfoil_candidates\trust_constrained_pareto_knee\shared_020\segments\001\polar.txt,.txt,1223,78b7380e08e5c20e288540aead8545ddbf845eee393b9ebabcecd18ad42e198a,
~\workspaces\github.com\bengawith\paper\results\robust_v2\xfoil_candidates\trust_constrained_pareto_knee\shared_020\segments\002\polar.txt,.txt,1223,6ace89a5aeb78b6eca37da5c563049b510fc5006911530f2063e237f18e93fcf,
~\workspaces\github.com\bengawith\paper\results\robust_v2\xfoil_candidates\trust_constrained_pareto_knee\shared_020\segments\003\polar.txt,.txt,1223,9f6f7cc0bdf34081a89b912eeecb7b4fab84f71c2c66e35ace7c97ad2b3120fe,
~\workspaces\github.com\bengawith\paper\results\robust_v2\xfoil_candidates\trust_constrained_pareto_knee\shared_020\segments\004\polar.txt,.txt,497,db7e4fd74349511f4450947b16ba013454091c3b41c7e43cf296ac9f0cdbfb4a,
~\workspaces\github.com\bengawith\paper\results\robust_v2\xfoil_candidates\trust_constrained_pareto_knee\shared_021\segments\000\polar.txt,.txt,1223,acd6a4cbcdba8582c37f2b555ba549c8394af500bbf8eac58ca0e3d83f4df31b,
~\workspaces\github.com\bengawith\paper\results\robust_v2\xfoil_candidates\trust_constrained_pareto_knee\shared_021\segments\001\polar.txt,.txt,1223,c1378e4cf9f864b93ef2a13e829c960579fb6bac19bf515adbc452c273d7526c,
~\workspaces\github.com\bengawith\paper\results\robust_v2\xfoil_candidates\trust_constrained_pareto_knee\shared_021\segments\002\polar.txt,.txt,1157,81badc6ec7193189b2beedf13dab98310b64bbefe12dd5e67ad93130254270fa,
~\workspaces\github.com\bengawith\paper\results\robust_v2\xfoil_candidates\trust_constrained_pareto_knee\shared_021\segments\003\polar.txt,.txt,1223,65729c55fd64a0ff93fcc9e08aff7f4a04149d9355988088f16dcd0cf37574a1,
~\workspaces\github.com\bengawith\paper\results\robust_v2\xfoil_candidates\trust_constrained_pareto_knee\shared_021\segments\004\polar.txt,.txt,497,05112c205a00cf4a8f288e2b6372a9c063604b0aa02632fde477a54d948a7a46,
~\workspaces\github.com\bengawith\paper\results\robust_v2\xfoil_candidates\trust_constrained_pareto_knee\shared_022\segments\000\polar.txt,.txt,1223,c4ab13760a7947b71f16f295b6bae4a433259f54ef0225cce0cfa08139ab23cb,
~\workspaces\github.com\bengawith\paper\results\robust_v2\xfoil_candidates\trust_constrained_pareto_knee\shared_022\segments\001\polar.txt,.txt,1223,1dc61b3d7d6a7e84da8762018fc859b4bd3854d3076ebc9e28ad13fd328212c7,
~\workspaces\github.com\bengawith\paper\results\robust_v2\xfoil_candidates\trust_constrained_pareto_knee\shared_022\segments\002\polar.txt,.txt,1223,8c2ffe313b8eb5e159cf6a07973d017c07bae6be6465ff3531f84a7d99322f43,
~\workspaces\github.com\bengawith\paper\results\robust_v2\xfoil_candidates\trust_constrained_pareto_knee\shared_022\segments\003\polar.txt,.txt,1223,8703ea3f4ff485123606eb4389417f47222dc2154cb5b3ead846c7d4f3273ab9,
~\workspaces\github.com\bengawith\paper\results\robust_v2\xfoil_candidates\trust_constrained_pareto_knee\shared_022\segments\004\polar.txt,.txt,497,df73748da9e7f8ac6b53d830bcb3378c24d62ae199ef27df0790183a0b033606,
~\workspaces\github.com\bengawith\paper\results\robust_v2\xfoil_candidates\trust_constrained_pareto_knee\shared_023\segments\000\polar.txt,.txt,1223,21c9bade69b27e679c7ea2105b7453a3add8649eaddb3581c2a3c5970b1e7b77,
~\workspaces\github.com\bengawith\paper\results\robust_v2\xfoil_candidates\trust_constrained_pareto_knee\shared_023\segments\001\polar.txt,.txt,1157,d084d5d984ff893cbcb4fad0793049573a05d5bfaa80915a0749bb5896d4c4df,
~\workspaces\github.com\bengawith\paper\results\robust_v2\xfoil_candidates\trust_constrained_pareto_knee\shared_023\segments\002\polar.txt,.txt,1223,4b7619ad8f4d5b16a9658dfa7010c889eab520f241971eaa0fd47c4dae74636f,
~\workspaces\github.com\bengawith\paper\results\robust_v2\xfoil_candidates\trust_constrained_pareto_knee\shared_023\segments\003\polar.txt,.txt,1157,c100784911b5f9d3da1023f5c3648cb32f637790ca500238a1ddca8ec3d549b1,
~\workspaces\github.com\bengawith\paper\results\robust_v2\xfoil_candidates\trust_constrained_pareto_knee\shared_023\segments\004\polar.txt,.txt,497,7e5bb714a35524d2c0823df838a7b791635e071d5c165e6472271272f4e2d08d,
~\workspaces\github.com\bengawith\paper\results\robust_v2\xfoil_candidates\trust_constrained_pareto_knee\shared_024\segments\000\polar.txt,.txt,1223,6b96a3887e979bf8c6d35e5914c3bcbead6567c23f95b61bde2dbdd3415ab8e4,
~\workspaces\github.com\bengawith\paper\results\robust_v2\xfoil_candidates\trust_constrained_pareto_knee\shared_024\segments\001\polar.txt,.txt,1223,4c861695e8b235b77832326ac29a1329d08c8e16fd8da790ab0bc7b29f078fb5,
~\workspaces\github.com\bengawith\paper\results\robust_v2\xfoil_candidates\trust_constrained_pareto_knee\shared_024\segments\002\polar.txt,.txt,1157,8fdc41c39de55705fc706cfcbe078a1a55bf2c5878397d3da9a452d6e5bbde22,
~\workspaces\github.com\bengawith\paper\results\robust_v2\xfoil_candidates\trust_constrained_pareto_knee\shared_024\segments\003\polar.txt,.txt,1223,77ed1ef5fe5db4f86435724363ece475839a4e28070a8742bd1c7911c1ae554c,
~\workspaces\github.com\bengawith\paper\results\robust_v2\xfoil_candidates\trust_constrained_pareto_knee\shared_024\segments\004\polar.txt,.txt,497,dd3e20aed14d61ab7307f8ec3ecb6cf0525e17f257afa06ca59083127bc3d4fe,
~\workspaces\github.com\bengawith\paper\results\robust_v2\xfoil_candidates\trust_constrained_pareto_knee\shared_025\segments\000\polar.txt,.txt,1157,17dbc48e623335484381ea4c5a58af9b160e1b804ee7d00f53d9e4c58e8fc90b,
~\workspaces\github.com\bengawith\paper\results\robust_v2\xfoil_candidates\trust_constrained_pareto_knee\shared_025\segments\001\polar.txt,.txt,1223,c25a472521546b2d98f109680a7e5277cc801cbf8219dcf602d2bdf2b11200ea,
~\workspaces\github.com\bengawith\paper\results\robust_v2\xfoil_candidates\trust_constrained_pareto_knee\shared_025\segments\002\polar.txt,.txt,1223,104ab0dfa156fd17f2580fe542b5d26af4d1603fb705153ee958fd064f2e8b6c,
~\workspaces\github.com\bengawith\paper\results\robust_v2\xfoil_candidates\trust_constrained_pareto_knee\shared_025\segments\003\polar.txt,.txt,1223,30e8691552712e2a60164799c94b4e0a2798c04ece9b3fea42e6bb9810e70aaf,
~\workspaces\github.com\bengawith\paper\results\robust_v2\xfoil_candidates\trust_constrained_pareto_knee\shared_025\segments\004\polar.txt,.txt,497,0edc23c227bf97004b19b3d95588fbed9a600dff4a9b9a36ca7bc63224130490,
~\workspaces\github.com\bengawith\paper\results\robust_v2\xfoil_candidates\trust_constrained_pareto_knee\shared_026\segments\000\polar.txt,.txt,1223,2d880645e2ba5e3c97b09209606e44947ed51ba7a520911ad00de53e21a58001,
~\workspaces\github.com\bengawith\paper\results\robust_v2\xfoil_candidates\trust_constrained_pareto_knee\shared_026\segments\001\polar.txt,.txt,1223,01d06b81f0e1a672d9c8b1b8b317d95a68fcab3441586884b7698b71f98e7331,
~\workspaces\github.com\bengawith\paper\results\robust_v2\xfoil_candidates\trust_constrained_pareto_knee\shared_026\segments\002\polar.txt,.txt,1223,f86955870574025b3c48fa497484e387e986666a3a2115b24b5bda30270971a4,
~\workspaces\github.com\bengawith\paper\results\robust_v2\xfoil_candidates\trust_constrained_pareto_knee\shared_026\segments\003\polar.txt,.txt,1223,0848be05a37c0b352a40842b8650490216ee9ee7d31a99ae7754d7df9c503f7c,
~\workspaces\github.com\bengawith\paper\results\robust_v2\xfoil_candidates\trust_constrained_pareto_knee\shared_026\segments\004\polar.txt,.txt,497,e7fe15da306ed6039935055a2553ac23250d1a844449dbad30077be72017d513,
~\workspaces\github.com\bengawith\paper\results\robust_v2\xfoil_candidates\trust_constrained_pareto_knee\shared_027\segments\000\polar.txt,.txt,1157,4412d47510c111ce95b1b8c09778e4e8a24e43b8fcd25b75df93edc3fcbf60bb,
~\workspaces\github.com\bengawith\paper\results\robust_v2\xfoil_candidates\trust_constrained_pareto_knee\shared_027\segments\001\polar.txt,.txt,1157,4f9786d327de8070925844ecf88cc558043d27c1766798910313ad89dd3e9bda,
~\workspaces\github.com\bengawith\paper\results\robust_v2\xfoil_candidates\trust_constrained_pareto_knee\shared_027\segments\002\polar.txt,.txt,1157,d6c85ed3469daffdc57d7dc0f0b8991fd88b6a6a01c7a6445ad791425ecc845d,
~\workspaces\github.com\bengawith\paper\results\robust_v2\xfoil_candidates\trust_constrained_pareto_knee\shared_027\segments\003\polar.txt,.txt,1157,6f5c7b62347f716948e291fcc7a08e39eb6a7f6e178d5a630e9585884432ad19,
~\workspaces\github.com\bengawith\paper\results\robust_v2\xfoil_candidates\trust_constrained_pareto_knee\shared_027\segments\004\polar.txt,.txt,497,b209b240196968b7d1832e22d9ec1b410206bea4a42fbb5ed44d050d160517ce,
~\workspaces\github.com\bengawith\paper\results\robust_v2\xfoil_candidates\trust_constrained_pareto_knee\shared_028\segments\000\polar.txt,.txt,1223,d2ff08cfbea206ca0f5ea8ab8fadc66e647d99aa7dd688193074f2bccb03ae0d,
~\workspaces\github.com\bengawith\paper\results\robust_v2\xfoil_candidates\trust_constrained_pareto_knee\shared_028\segments\001\polar.txt,.txt,1223,881694cdcccd6deb8237cde39e7800a4d157c852bb1f7d62bb892274ebb92eb8,
~\workspaces\github.com\bengawith\paper\results\robust_v2\xfoil_candidates\trust_constrained_pareto_knee\shared_028\segments\002\polar.txt,.txt,1223,18f2807cfe4f6b3d0cfcf1510cb875ba0ea97a9c1785bb5c35a8a0196c89cdef,
~\workspaces\github.com\bengawith\paper\results\robust_v2\xfoil_candidates\trust_constrained_pareto_knee\shared_028\segments\003\polar.txt,.txt,1223,740601b6288ba5c97b12d34e2f09b69b57bc7f994d7f4c3c8a675f3ba0805d26,
~\workspaces\github.com\bengawith\paper\results\robust_v2\xfoil_candidates\trust_constrained_pareto_knee\shared_028\segments\004\polar.txt,.txt,497,868fb9f77baaaf3c104114506dae828e5ef2362a31bf3a446b7c95652afd0253,
~\workspaces\github.com\bengawith\paper\results\robust_v2\xfoil_candidates\trust_constrained_pareto_knee\shared_029\segments\000\polar.txt,.txt,1223,5973460b62ffb3bced361d46ed610b53adea5c4b8f6025dbf3678911085c8dce,
~\workspaces\github.com\bengawith\paper\results\robust_v2\xfoil_candidates\trust_constrained_pareto_knee\shared_029\segments\001\polar.txt,.txt,1223,7d447299519cc1b5a982c0211fd3ada0d1bf1c20fbf2cb0f37201bd062eeaa85,
~\workspaces\github.com\bengawith\paper\results\robust_v2\xfoil_candidates\trust_constrained_pareto_knee\shared_029\segments\002\polar.txt,.txt,1157,b3e6b3d5464478e68637c4efcd20157a8f5ef24c50a2ded4cea6e74833836672,
~\workspaces\github.com\bengawith\paper\results\robust_v2\xfoil_candidates\trust_constrained_pareto_knee\shared_029\segments\003\polar.txt,.txt,1223,483ad88192e1c09eaa7bdfdb1b3a0a0777731b8ddebd071a527579d8ebda319b,
~\workspaces\github.com\bengawith\paper\results\robust_v2\xfoil_candidates\trust_constrained_pareto_knee\shared_029\segments\004\polar.txt,.txt,497,5785f4c4fee273926af836e85eadc7a7f7a0a4a6a53dcc3bb603c844aaaeb430,
~\workspaces\github.com\bengawith\paper\results\robust_v2\xfoil_candidates\trust_constrained_pareto_knee\shared_030\segments\000\polar.txt,.txt,1223,1b258b6028488f45afb4732fa06a3f545b552f3fbe6d0eb45f2144aab3009cb7,
~\workspaces\github.com\bengawith\paper\results\robust_v2\xfoil_candidates\trust_constrained_pareto_knee\shared_030\segments\001\polar.txt,.txt,1157,1615b67dd3c2153184362f10dc4d07f106e1c58523a7a00be30d0d5666a2731b,
~\workspaces\github.com\bengawith\paper\results\robust_v2\xfoil_candidates\trust_constrained_pareto_knee\shared_030\segments\002\polar.txt,.txt,1223,b25dc24afb062f7cf5b382b29e79797290ccd141d70ef18abbb407fbe5064b55,
~\workspaces\github.com\bengawith\paper\results\robust_v2\xfoil_candidates\trust_constrained_pareto_knee\shared_030\segments\003\polar.txt,.txt,1223,4d95902bd83ee2c1c3b7eeb4cc50d0284c5968d0c5c799278886fa67022652a3,
~\workspaces\github.com\bengawith\paper\results\robust_v2\xfoil_candidates\trust_constrained_pareto_knee\shared_030\segments\004\polar.txt,.txt,497,1c683340cea917e7331dc8ee54b4b9b67c662885bcb0350a9ba77f35c63a617d,
~\workspaces\github.com\bengawith\paper\results\robust_v2\xfoil_candidates\trust_constrained_pareto_knee\shared_031\segments\000\polar.txt,.txt,1223,10079c0f802b080f23169e49b3073bdd1b7ffb101435f301f89efa6b08e1f77c,
~\workspaces\github.com\bengawith\paper\results\robust_v2\xfoil_candidates\trust_constrained_pareto_knee\shared_031\segments\001\polar.txt,.txt,1223,2ac5a83bec5f9bcec7ae664cbff315467e172f5510216da4d0500192de77901d,
~\workspaces\github.com\bengawith\paper\results\robust_v2\xfoil_candidates\trust_constrained_pareto_knee\shared_031\segments\002\polar.txt,.txt,1223,77a5ae051e93c7b17fbfee35da10aa8c0fa7d25c469a53833113081cda42ab15,
~\workspaces\github.com\bengawith\paper\results\robust_v2\xfoil_candidates\trust_constrained_pareto_knee\shared_031\segments\003\polar.txt,.txt,1223,7ce5563d540eb1d8ae1334712d7ea0179044cc3c37d94f90c3fff05d32cbb8f8,
~\workspaces\github.com\bengawith\paper\results\robust_v2\xfoil_candidates\trust_constrained_pareto_knee\shared_031\segments\004\polar.txt,.txt,497,270f14f6f96850f09c19c8a000d56c9d6fbae2a6a7449f158dc0b8dd5ea61630,
~\workspaces\github.com\bengawith\paper\results\robust_v2\xfoil_candidates\trust_constrained_pareto_knee\shared_032\segments\000\polar.txt,.txt,1223,e19265f7b8d0cb5cea8c0a961edff08b595d417e9116ee0f7fa4f020ba672ca4,
~\workspaces\github.com\bengawith\paper\results\robust_v2\xfoil_candidates\trust_constrained_pareto_knee\shared_032\segments\001\polar.txt,.txt,1157,6b365182b620db08803caaa386592560fb416ca9a0aa68a1434a9aeb7a4ab0ef,
~\workspaces\github.com\bengawith\paper\results\robust_v2\xfoil_candidates\trust_constrained_pareto_knee\shared_032\segments\002\polar.txt,.txt,1223,1d366604c8f1e82679259fbdb90c3ea445cf2486a1f30627428bb799a6aeb050,
~\workspaces\github.com\bengawith\paper\results\robust_v2\xfoil_candidates\trust_constrained_pareto_knee\shared_032\segments\003\polar.txt,.txt,1223,50f62c46a57d8ba98c01e4eae626f1482384468213afb5718d7f280db6b4d03f,
~\workspaces\github.com\bengawith\paper\results\robust_v2\xfoil_candidates\trust_constrained_pareto_knee\shared_032\segments\004\polar.txt,.txt,497,fa8f8e340775920ef5b2d653c2349140795970863069a64593331337c11c068c,
~\workspaces\github.com\bengawith\paper\results\robust_v2\xfoil_candidates\trust_constrained_pareto_knee\shared_033\segments\000\polar.txt,.txt,1157,8367e0ba03c4ed99341268f95e4c1043020e61ec1fa753336b9984a3081e13bc,
~\workspaces\github.com\bengawith\paper\results\robust_v2\xfoil_candidates\trust_constrained_pareto_knee\shared_033\segments\001\polar.txt,.txt,1223,bf2a942829ef65d11ee64775fd90a4ebd62ade91343bba2b40cafe7592968fa1,
~\workspaces\github.com\bengawith\paper\results\robust_v2\xfoil_candidates\trust_constrained_pareto_knee\shared_033\segments\002\polar.txt,.txt,1091,a003fdb11ec7072025ec20a766e98b11d652ea206cf1ab506be6f14622ff29d3,
~\workspaces\github.com\bengawith\paper\results\robust_v2\xfoil_candidates\trust_constrained_pareto_knee\shared_033\segments\003\polar.txt,.txt,1157,1a3e11047d8825ded606f8dc98812e2b0e59c91c99496aa9f2ed552c1e0a387c,
~\workspaces\github.com\bengawith\paper\results\robust_v2\xfoil_candidates\trust_constrained_pareto_knee\shared_033\segments\004\polar.txt,.txt,497,16e9cfe7cef2a3b2ea08003502bcf1d5fa0f8cac0ca013612bda0a3ed77d77ed,
~\workspaces\github.com\bengawith\paper\results\robust_v2\xfoil_candidates\trust_constrained_pareto_knee\shared_034\segments\000\polar.txt,.txt,1157,5e729c722e1c4569fd3bfee65160fea851df3eeb703b1b8dbd6ea5f2fa261a98,
~\workspaces\github.com\bengawith\paper\results\robust_v2\xfoil_candidates\trust_constrained_pareto_knee\shared_034\segments\001\polar.txt,.txt,1157,bb70f2a13b101cd9504a32fb42a7cd13f3d3a5f3f1eb912985601c956ea64ef4,
~\workspaces\github.com\bengawith\paper\results\robust_v2\xfoil_candidates\trust_constrained_pareto_knee\shared_034\segments\002\polar.txt,.txt,1157,1d5b7cabf61fca60399655b150abd6f847423440b1048a55ac1bd67535850779,
~\workspaces\github.com\bengawith\paper\results\robust_v2\xfoil_candidates\trust_constrained_pareto_knee\shared_034\segments\003\polar.txt,.txt,1223,a3f303c150b6273c093a188978c28df421b3ebaf519efe029a2a7b1ad035427b,
~\workspaces\github.com\bengawith\paper\results\robust_v2\xfoil_candidates\trust_constrained_pareto_knee\shared_034\segments\004\polar.txt,.txt,497,0cbdea5583d38287e3df6824e28b20751abc8cf05d3916738afb9e8bca19d19b,
~\workspaces\github.com\bengawith\paper\results\robust_v2\xfoil_candidates\trust_constrained_pareto_knee\shared_035\segments\000\polar.txt,.txt,1157,c6058bc7564b07f4d6bd6a08b9129678b6515bdfe85a28843388622786b17de0,
~\workspaces\github.com\bengawith\paper\results\robust_v2\xfoil_candidates\trust_constrained_pareto_knee\shared_035\segments\001\polar.txt,.txt,1223,d5533b3f89246bf48564e80b9820b3304601b500a5dc2f882ed5ea92cb057976,
~\workspaces\github.com\bengawith\paper\results\robust_v2\xfoil_candidates\trust_constrained_pareto_knee\shared_035\segments\002\polar.txt,.txt,1223,0fbc800bfc0b19b460df2f575d63cf956c5589a6776082e552690df0af0e5e12,
~\workspaces\github.com\bengawith\paper\results\robust_v2\xfoil_candidates\trust_constrained_pareto_knee\shared_035\segments\003\polar.txt,.txt,1223,2681478dc6bc6057b306e557420392b414a0569c85fa75e0f5300d1dd267bfc8,
~\workspaces\github.com\bengawith\paper\results\robust_v2\xfoil_candidates\trust_constrained_pareto_knee\shared_035\segments\004\polar.txt,.txt,497,067bf449ff68e65da28e8eb0abbd3a5b04848d2f23d55436901278a97f90a37b,
~\workspaces\github.com\bengawith\paper\results\robust_v2\xfoil_candidates\trust_constrained_pareto_knee\shared_036\segments\000\polar.txt,.txt,1157,0e3f482790c020514b5aea092971cc496f0d6ab67aa176a14e1f029a4f0b2a1b,
~\workspaces\github.com\bengawith\paper\results\robust_v2\xfoil_candidates\trust_constrained_pareto_knee\shared_036\segments\001\polar.txt,.txt,1223,06f3e0236ca5161458d8f9ecd2fb6c70ebbd2e56703fcd5850ba8d47ead99c4f,
~\workspaces\github.com\bengawith\paper\results\robust_v2\xfoil_candidates\trust_constrained_pareto_knee\shared_036\segments\002\polar.txt,.txt,1223,d750a7c3857e2d3c8a969a03a16a10948683dc1a8f48df785409dc598d036079,
~\workspaces\github.com\bengawith\paper\results\robust_v2\xfoil_candidates\trust_constrained_pareto_knee\shared_036\segments\003\polar.txt,.txt,1223,bb17df78595c5be0890ef7420c6cd1417abcae8023515fa8bbe967033c33e0d4,
~\workspaces\github.com\bengawith\paper\results\robust_v2\xfoil_candidates\trust_constrained_pareto_knee\shared_036\segments\004\polar.txt,.txt,497,808071dbfc44b3e879124c8dc878d7cfc28e215e1cf56908414012de75eb973f,
~\workspaces\github.com\bengawith\paper\results\robust_v2\xfoil_candidates\trust_constrained_pareto_knee\shared_037\segments\000\polar.txt,.txt,1223,15bbab0f285699b727064f0c15c80c481881393007ca7b9692e227f1c93b9d17,
~\workspaces\github.com\bengawith\paper\results\robust_v2\xfoil_candidates\trust_constrained_pareto_knee\shared_037\segments\001\polar.txt,.txt,1223,ee10199a328c826dbe91981bbcf148b111c7720b5a52df9e2f64fdbf12d6627d,
~\workspaces\github.com\bengawith\paper\results\robust_v2\xfoil_candidates\trust_constrained_pareto_knee\shared_037\segments\002\polar.txt,.txt,1223,e0e6b45877b795a03d4b7c5d1219b46347f3d6d55572f6330e8225a780fd6d04,
~\workspaces\github.com\bengawith\paper\results\robust_v2\xfoil_candidates\trust_constrained_pareto_knee\shared_037\segments\003\polar.txt,.txt,1223,5d99ea498fb665d71989fb470aa7ac3b080816c7f93a59035009b79d62d2cba9,
~\workspaces\github.com\bengawith\paper\results\robust_v2\xfoil_candidates\trust_constrained_pareto_knee\shared_037\segments\004\polar.txt,.txt,497,8680a1732d06a63183bb7fdfe74eab108ce499e5bcac150f32ade672ce211297,
~\workspaces\github.com\bengawith\paper\results\robust_v2\xfoil_candidates\trust_constrained_pareto_knee\shared_038\segments\000\polar.txt,.txt,1223,2b04958fd602ba65bc0a32ce7dd6b6a2615e23ef493c394a400e970552e539ed,
~\workspaces\github.com\bengawith\paper\results\robust_v2\xfoil_candidates\trust_constrained_pareto_knee\shared_038\segments\001\polar.txt,.txt,1223,4a2abf91a0ae424699c8e05ff6bf3d2032637eeb7af22022a79d8ea936a2aaf0,
~\workspaces\github.com\bengawith\paper\results\robust_v2\xfoil_candidates\trust_constrained_pareto_knee\shared_038\segments\002\polar.txt,.txt,1223,4f6dc502f510e006a93417b9a8124e377286baaa889c71f39e6c3fffb45aa5ae,
~\workspaces\github.com\bengawith\paper\results\robust_v2\xfoil_candidates\trust_constrained_pareto_knee\shared_038\segments\003\polar.txt,.txt,1223,ca6bbbac20fc94f5f515a3d3a5fa0e3d5acf72b4ec20caebd4699f54d580c2b9,
~\workspaces\github.com\bengawith\paper\results\robust_v2\xfoil_candidates\trust_constrained_pareto_knee\shared_038\segments\004\polar.txt,.txt,497,dfad40c81b302ad11cd12fb5ce78cbe9205cb6b3a6226db2b0d4848e39d18c39,
~\workspaces\github.com\bengawith\paper\results\robust_v2\xfoil_candidates\trust_constrained_pareto_knee\shared_039\segments\000\polar.txt,.txt,1157,0c538031f802eb1f78d68964db1237258826c2cb4af8b52fdc8c757f591bde2e,
~\workspaces\github.com\bengawith\paper\results\robust_v2\xfoil_candidates\trust_constrained_pareto_knee\shared_039\segments\001\polar.txt,.txt,1223,06132b17195b1f940e12bc9d615e0229b17540ca3618461e8c6d78a4ac04a91e,
~\workspaces\github.com\bengawith\paper\results\robust_v2\xfoil_candidates\trust_constrained_pareto_knee\shared_039\segments\002\polar.txt,.txt,1157,0244c6066648d88bf82590617c79003af6522216a42c9ca38015235768aa5428,
~\workspaces\github.com\bengawith\paper\results\robust_v2\xfoil_candidates\trust_constrained_pareto_knee\shared_039\segments\003\polar.txt,.txt,1223,fb05309377b65bbd569cadc6852167e111a5ec823c4a5129684159f2bbcf12a3,
~\workspaces\github.com\bengawith\paper\results\robust_v2\xfoil_candidates\trust_constrained_pareto_knee\shared_039\segments\004\polar.txt,.txt,497,5807f467393e26fa22589eef7fedafbb5a115c4a8bfe007376f49733aa658c55,
~\workspaces\github.com\bengawith\paper\results\robust_v2\xfoil_candidates\trust_constrained_pareto_knee\shared_040\segments\000\polar.txt,.txt,1223,ed6d6f530e170d37f89a9abf8304a6c9d67571c78a488281b9365cf26e81dc8e,
~\workspaces\github.com\bengawith\paper\results\robust_v2\xfoil_candidates\trust_constrained_pareto_knee\shared_040\segments\001\polar.txt,.txt,1223,b9b17db7a97a46130a35604043248ab55ea9a33517580a1efd84bdd65ae6a63d,
~\workspaces\github.com\bengawith\paper\results\robust_v2\xfoil_candidates\trust_constrained_pareto_knee\shared_040\segments\002\polar.txt,.txt,1223,175d64cdb478561b40d9b0d51956c8630fe9076ce5765353ca79f7575eed8c2d,
~\workspaces\github.com\bengawith\paper\results\robust_v2\xfoil_candidates\trust_constrained_pareto_knee\shared_040\segments\003\polar.txt,.txt,1223,91f8a2bb78c478bd67a6a815593cbd778aa4fc1ee87961615d3eeac323156da4,
~\workspaces\github.com\bengawith\paper\results\robust_v2\xfoil_candidates\trust_constrained_pareto_knee\shared_040\segments\004\polar.txt,.txt,497,98e30af8fa182cf89e8a150f43efd862a013ca5cd0d0de48be6eb564d52d52e8,
~\workspaces\github.com\bengawith\paper\results\robust_v2\xfoil_candidates\trust_constrained_pareto_knee\shared_041\segments\000\polar.txt,.txt,1157,0248d06e07741f0a7fb08ad54be411ec2bc362e049d84cc30b18887080b790af,
~\workspaces\github.com\bengawith\paper\results\robust_v2\xfoil_candidates\trust_constrained_pareto_knee\shared_041\segments\001\polar.txt,.txt,1157,250ab2323b274369bcbf1b2583fcd991b0c0952e2d418d75d4264b089aa7f78d,
~\workspaces\github.com\bengawith\paper\results\robust_v2\xfoil_candidates\trust_constrained_pareto_knee\shared_041\segments\002\polar.txt,.txt,1157,440dc6b0b24d89b3a81bf6223f9a60b9dd03133ce6df34b21755988c9dfcbf7b,
~\workspaces\github.com\bengawith\paper\results\robust_v2\xfoil_candidates\trust_constrained_pareto_knee\shared_041\segments\003\polar.txt,.txt,1223,185730b3fda2d31da50ce61c64ccd380cba084bfae3c575a6ad08e193df63bbf,
~\workspaces\github.com\bengawith\paper\results\robust_v2\xfoil_candidates\trust_constrained_pareto_knee\shared_041\segments\004\polar.txt,.txt,497,a22fd1c0222c5976de2bbd5d5767660d585519d8469f13d71a78b094a1249399,
~\workspaces\github.com\bengawith\paper\results\robust_v2\xfoil_candidates\trust_constrained_pareto_knee\shared_042\segments\000\polar.txt,.txt,1223,584b72c121198a2af95c7b97ca50ccf3345749226132accbd79c8b5ced27a655,
~\workspaces\github.com\bengawith\paper\results\robust_v2\xfoil_candidates\trust_constrained_pareto_knee\shared_042\segments\001\polar.txt,.txt,1091,065752e874474fdef865f958171936c9bd1078c9d7693c46cd60ff099f3eb2ed,
~\workspaces\github.com\bengawith\paper\results\robust_v2\xfoil_candidates\trust_constrained_pareto_knee\shared_042\segments\002\polar.txt,.txt,1157,f3a43009f361314726f445837d5d14dc32eaa52c2c8e262c88d7be350bec1f21,
~\workspaces\github.com\bengawith\paper\results\robust_v2\xfoil_candidates\trust_constrained_pareto_knee\shared_042\segments\003\polar.txt,.txt,1223,79198cb49591ac9e0fda305dfaa0fcb9127693ae4ea995210a6596683c44b989,
~\workspaces\github.com\bengawith\paper\results\robust_v2\xfoil_candidates\trust_constrained_pareto_knee\shared_042\segments\004\polar.txt,.txt,497,459176c74bc01b41028b3cdd92c810bae85d5c15e9281c76931feb057d065e29,
~\workspaces\github.com\bengawith\paper\results\robust_v2\xfoil_candidates\trust_constrained_pareto_knee\shared_043\segments\000\polar.txt,.txt,1157,44bca215c02c6fe4e14c07fb1b89962c9789acc9844ee615a94d6b54d4b446c7,
~\workspaces\github.com\bengawith\paper\results\robust_v2\xfoil_candidates\trust_constrained_pareto_knee\shared_043\segments\001\polar.txt,.txt,1223,45ca8dbf46cb6bec0535c7cd1626b86164e647cfbd66056f64be747bbe1fb66b,
~\workspaces\github.com\bengawith\paper\results\robust_v2\xfoil_candidates\trust_constrained_pareto_knee\shared_043\segments\002\polar.txt,.txt,1223,71533a19832ea9507048060b8061a1d0e98179a9f9c0a8201c912dac7f1a8ed3,
~\workspaces\github.com\bengawith\paper\results\robust_v2\xfoil_candidates\trust_constrained_pareto_knee\shared_043\segments\003\polar.txt,.txt,1223,0dcd9f1bee0e8c57028ba525757444a50f78b2a5e2cafea0c9601a58ba38cf47,
~\workspaces\github.com\bengawith\paper\results\robust_v2\xfoil_candidates\trust_constrained_pareto_knee\shared_043\segments\004\polar.txt,.txt,497,5c6531219250a0ae77c6880ccf738653c43242ea97bcff6cdf69a11fc2884fdc,
~\workspaces\github.com\bengawith\paper\results\robust_v2\xfoil_candidates\trust_constrained_pareto_knee\shared_044\segments\000\polar.txt,.txt,1223,d29c0e70a66baed497995199cdeb3f37bdf935d99a87f142f41420ecb78032c2,
~\workspaces\github.com\bengawith\paper\results\robust_v2\xfoil_candidates\trust_constrained_pareto_knee\shared_044\segments\001\polar.txt,.txt,1157,0b7a577553fa9a733af7c4421e66865538b39db3cf337a6d8aedd46942c7ba30,
~\workspaces\github.com\bengawith\paper\results\robust_v2\xfoil_candidates\trust_constrained_pareto_knee\shared_044\segments\002\polar.txt,.txt,1223,d9d7d42dd3a503220f6aa1ac57ae2c0f3b570a317b296e5543b5043d8565255d,
~\workspaces\github.com\bengawith\paper\results\robust_v2\xfoil_candidates\trust_constrained_pareto_knee\shared_044\segments\003\polar.txt,.txt,1223,5c140704bf88a8d31bd2e43bcde204b04e09f9920b3dfd40cdc5f56357e65afd,
~\workspaces\github.com\bengawith\paper\results\robust_v2\xfoil_candidates\trust_constrained_pareto_knee\shared_044\segments\004\polar.txt,.txt,497,191787a8fb2b9afb594d7dc330691e29bcc7b87b40004ced868be434e54b6fac,
~\workspaces\github.com\bengawith\paper\results\robust_v2\xfoil_candidates\trust_constrained_pareto_knee\shared_045\segments\000\polar.txt,.txt,1223,b74d10f4562e2694e315b7b1bb1938507708a2db4019679abfe7c483fcfea53b,
~\workspaces\github.com\bengawith\paper\results\robust_v2\xfoil_candidates\trust_constrained_pareto_knee\shared_045\segments\001\polar.txt,.txt,1223,90d90c995f2f69c65e65e34f51c685a4f1da650fff4f6af073977d2a1e1435e6,
~\workspaces\github.com\bengawith\paper\results\robust_v2\xfoil_candidates\trust_constrained_pareto_knee\shared_045\segments\002\polar.txt,.txt,1223,cd024bf1bad674439e1f1fc0d0f879298ce2112077f46af0c764a91e3bf08696,
~\workspaces\github.com\bengawith\paper\results\robust_v2\xfoil_candidates\trust_constrained_pareto_knee\shared_045\segments\003\polar.txt,.txt,1223,deb41e74184e7b9aae8bc8cbf9d236b970055e41f2e2ffddd8dd695ecf65dc23,
~\workspaces\github.com\bengawith\paper\results\robust_v2\xfoil_candidates\trust_constrained_pareto_knee\shared_045\segments\004\polar.txt,.txt,497,e66407c398d9bcf28e7dd25cd3df1a4c7791981edf4fa92b93aa9cef819ee0e2,
~\workspaces\github.com\bengawith\paper\results\robust_v2\xfoil_candidates\trust_constrained_pareto_knee\shared_046\segments\000\polar.txt,.txt,1157,1ce3df5fd02d60266b53869b6617c37e490c3d1bd6ffb89de0535bcfbae8ed20,
~\workspaces\github.com\bengawith\paper\results\robust_v2\xfoil_candidates\trust_constrained_pareto_knee\shared_046\segments\001\polar.txt,.txt,1223,f98c9512ed2822a4c723574e04dd7329713ba98fe11c82476815c55b5f1359ec,
~\workspaces\github.com\bengawith\paper\results\robust_v2\xfoil_candidates\trust_constrained_pareto_knee\shared_046\segments\002\polar.txt,.txt,1223,6c3502c443b256d06ea5200b117d5263c9dadf7d45d24ace30e969d76890e917,
~\workspaces\github.com\bengawith\paper\results\robust_v2\xfoil_candidates\trust_constrained_pareto_knee\shared_046\segments\003\polar.txt,.txt,1223,983ac138328bfddbd271b397e741ec0a6a320f4f44063f83ffeab0fd4864d228,
~\workspaces\github.com\bengawith\paper\results\robust_v2\xfoil_candidates\trust_constrained_pareto_knee\shared_046\segments\004\polar.txt,.txt,497,02ddc53dcc15843748cac47262efe21f8aee55ca5eb44d8de7014a1b3001ece7,
~\workspaces\github.com\bengawith\paper\results\robust_v2\xfoil_candidates\trust_constrained_pareto_knee\shared_047\segments\000\polar.txt,.txt,1157,03711af29f37c7c22a1f5c0e366ddca8ae7412c4b330cdd9c1a05eb2a8bcef1e,
~\workspaces\github.com\bengawith\paper\results\robust_v2\xfoil_candidates\trust_constrained_pareto_knee\shared_047\segments\001\polar.txt,.txt,1223,2199ae99f79f9944b1609e8cce08c22016c1fe7ee5e12424b6af77f453373ec0,
~\workspaces\github.com\bengawith\paper\results\robust_v2\xfoil_candidates\trust_constrained_pareto_knee\shared_047\segments\002\polar.txt,.txt,1223,886d42d1a00157ac72e08b1513326eeabd47cb45bd98d12fe8142bde93059bd5,
~\workspaces\github.com\bengawith\paper\results\robust_v2\xfoil_candidates\trust_constrained_pareto_knee\shared_047\segments\003\polar.txt,.txt,1223,a08cb060e2fd39d465657f170e6842050c62ef047f590803cf432272fe330439,
~\workspaces\github.com\bengawith\paper\results\robust_v2\xfoil_candidates\trust_constrained_pareto_knee\shared_047\segments\004\polar.txt,.txt,497,8e66117bc983aee5a880ac34a0c364afc154e474aa9a939522951dff347b7ba9,
~\workspaces\github.com\bengawith\paper\results\robust_v2\xfoil_candidates\trust_constrained_pareto_knee\shared_048\segments\000\polar.txt,.txt,1223,32e3b0488f319edbfc197bde078cc4cd49c4ef2ff958da3cdae78fed7e8e8dd6,
~\workspaces\github.com\bengawith\paper\results\robust_v2\xfoil_candidates\trust_constrained_pareto_knee\shared_048\segments\001\polar.txt,.txt,1157,1874fbc96315acf61349eff4ec05b59a76520e12b100248398dfe43da2015e4a,
~\workspaces\github.com\bengawith\paper\results\robust_v2\xfoil_candidates\trust_constrained_pareto_knee\shared_048\segments\002\polar.txt,.txt,1223,1048a2f1ddd8ed189d892b2ad800c36aace9e9520c2530749e774178a851e2ff,
~\workspaces\github.com\bengawith\paper\results\robust_v2\xfoil_candidates\trust_constrained_pareto_knee\shared_048\segments\003\polar.txt,.txt,1223,b2058995d876c4050b6f4acdd5357074a2fa4b14b8df74a5cc61a63107970db1,
~\workspaces\github.com\bengawith\paper\results\robust_v2\xfoil_candidates\trust_constrained_pareto_knee\shared_048\segments\004\polar.txt,.txt,497,e9f968bf26d49725b997e115532c0f64e2fadefddb2df0ecc4b6392dbfadc6e8,
~\workspaces\github.com\bengawith\paper\results\robust_v2\xfoil_candidates\trust_constrained_pareto_knee\shared_049\segments\000\polar.txt,.txt,1223,fdb86b4187b4a123b16a62689904d2015c9f2deea5f82321273135378db27365,
~\workspaces\github.com\bengawith\paper\results\robust_v2\xfoil_candidates\trust_constrained_pareto_knee\shared_049\segments\001\polar.txt,.txt,1223,dd221fbe6c860791ba92d36b244e6b20f4a9f9d2844b50d0b0c5f0f753de5b9e,
~\workspaces\github.com\bengawith\paper\results\robust_v2\xfoil_candidates\trust_constrained_pareto_knee\shared_049\segments\002\polar.txt,.txt,1223,dc819228adc147315d17ec4d54617c227f4bbe1134063431fc68487880660691,
~\workspaces\github.com\bengawith\paper\results\robust_v2\xfoil_candidates\trust_constrained_pareto_knee\shared_049\segments\003\polar.txt,.txt,1223,41f79f12677a0d42c4a0fa57ed064fe486feae602008037d221a1e2e606712b1,
~\workspaces\github.com\bengawith\paper\results\robust_v2\xfoil_candidates\trust_constrained_pareto_knee\shared_049\segments\004\polar.txt,.txt,497,f7d7afafb659ddb88eaed91247dbcb7e6e90e082df5602e107272f54741c8196,
~\workspaces\github.com\bengawith\paper\results\robust_v2\xfoil_candidates\trust_constrained_pareto_knee\shared_050\segments\000\polar.txt,.txt,1157,d2ef73aad37453b84fcf72ac0f6ad5d2f516c26655677a91afadb33a2ac79892,
~\workspaces\github.com\bengawith\paper\results\robust_v2\xfoil_candidates\trust_constrained_pareto_knee\shared_050\segments\001\polar.txt,.txt,1223,6872296b855139d509506d1c6bf29df9c51456de1359bde16ff934a869698b63,
~\workspaces\github.com\bengawith\paper\results\robust_v2\xfoil_candidates\trust_constrained_pareto_knee\shared_050\segments\002\polar.txt,.txt,1223,36f16a6f80e06f79d2d4c2b1295ec41d8146a210cbdbbc3d0fd4d6e91d07331c,
~\workspaces\github.com\bengawith\paper\results\robust_v2\xfoil_candidates\trust_constrained_pareto_knee\shared_050\segments\003\polar.txt,.txt,1223,99ff467b2b950e57e40bec09ab61e6b40b5e68f7459b6f876b62e855c872a331,
~\workspaces\github.com\bengawith\paper\results\robust_v2\xfoil_candidates\trust_constrained_pareto_knee\shared_050\segments\004\polar.txt,.txt,497,fee9374eeee9fa5880d0a70d1b42639c15c0776ee61e1ccdddeace6bab6996ac,
~\workspaces\github.com\bengawith\paper\results\robust_v2\xfoil_candidates\trust_constrained_pareto_knee\shared_051\segments\000\polar.txt,.txt,1223,6535d5b233add102bf250c003d39d5911c80cfc03be079f671b44a20f26f4837,
~\workspaces\github.com\bengawith\paper\results\robust_v2\xfoil_candidates\trust_constrained_pareto_knee\shared_051\segments\001\polar.txt,.txt,1223,2c677a8ca53969a4c9170d74af9f1458eb227eaeabbeedd5650ba6253a7fb372,
~\workspaces\github.com\bengawith\paper\results\robust_v2\xfoil_candidates\trust_constrained_pareto_knee\shared_051\segments\002\polar.txt,.txt,1223,dcdc61058f90042e1a9fd81a072f95e96750fb7b40cace360ab85c8fe17fa95b,
~\workspaces\github.com\bengawith\paper\results\robust_v2\xfoil_candidates\trust_constrained_pareto_knee\shared_051\segments\003\polar.txt,.txt,1223,2e4e804d1eba4e224d9da09e528b113c687b077a00c404c9b142279c06c00388,
~\workspaces\github.com\bengawith\paper\results\robust_v2\xfoil_candidates\trust_constrained_pareto_knee\shared_051\segments\004\polar.txt,.txt,497,68ba8a46583ac50b2165adebb77d4e14ad24e621664aa88981ef14fb6a3312b5,
~\workspaces\github.com\bengawith\paper\results\robust_v2\xfoil_candidates\trust_constrained_pareto_knee\shared_052\segments\000\polar.txt,.txt,1223,d5cad243abe3bc07ced7117b52aadf818583e6117e47d241ac83ee751656729c,
~\workspaces\github.com\bengawith\paper\results\robust_v2\xfoil_candidates\trust_constrained_pareto_knee\shared_052\segments\001\polar.txt,.txt,1223,afe28b16bb86433667b174466a812791b1f283da0557e5086fe12f918013dfc8,
~\workspaces\github.com\bengawith\paper\results\robust_v2\xfoil_candidates\trust_constrained_pareto_knee\shared_052\segments\002\polar.txt,.txt,1223,9215d2ef36efe8833e2a856f01269f7034cc21d9465f249cc64c3c2e769792fb,
~\workspaces\github.com\bengawith\paper\results\robust_v2\xfoil_candidates\trust_constrained_pareto_knee\shared_052\segments\003\polar.txt,.txt,1223,1c95166fd30d0d6458b095be92aa06a181df74293fccca032c95a8385c77009d,
~\workspaces\github.com\bengawith\paper\results\robust_v2\xfoil_candidates\trust_constrained_pareto_knee\shared_052\segments\004\polar.txt,.txt,497,324b43b99cd1bc53b4a70461b7d075ad1bcfc963b5a6a720beffb23b3ee264aa,
~\workspaces\github.com\bengawith\paper\results\robust_v2\xfoil_candidates\trust_constrained_pareto_knee\shared_053\segments\000\polar.txt,.txt,1157,dbfb3edf827e3ac1dff7bffc1af699f91b53b31b19c3b2912d4cebbf66c24d5d,
~\workspaces\github.com\bengawith\paper\results\robust_v2\xfoil_candidates\trust_constrained_pareto_knee\shared_053\segments\001\polar.txt,.txt,1223,29eca1c48a02e889bb850ea2a4e260f63a90c9fba7c384593c5edbe9c60239af,
~\workspaces\github.com\bengawith\paper\results\robust_v2\xfoil_candidates\trust_constrained_pareto_knee\shared_053\segments\002\polar.txt,.txt,1223,1ee87dda70ede87d78ef88612970573e5cac2e4702f348529e97238235ee39e2,
~\workspaces\github.com\bengawith\paper\results\robust_v2\xfoil_candidates\trust_constrained_pareto_knee\shared_053\segments\003\polar.txt,.txt,1223,6c032ea23c1a8960ad41734c1e0b3953a132b70599b67c1641933d9a68e8b8ad,
~\workspaces\github.com\bengawith\paper\results\robust_v2\xfoil_candidates\trust_constrained_pareto_knee\shared_053\segments\004\polar.txt,.txt,497,222ea9324ec9041841d13f39fef0833f4cfc0e801e882454201cf6778359d85a,
~\workspaces\github.com\bengawith\paper\results\robust_v2\xfoil_candidates\trust_constrained_pareto_knee\shared_054\segments\000\polar.txt,.txt,1223,4d5b78218cf3cfdafe191ee2702b3b625fda49cf1c13a1a2c0207ab57e59380a,
~\workspaces\github.com\bengawith\paper\results\robust_v2\xfoil_candidates\trust_constrained_pareto_knee\shared_054\segments\001\polar.txt,.txt,1223,5da9e87d2a17362cb3d5213448fb3a2e015cda11169008f51823da2868612ae0,
~\workspaces\github.com\bengawith\paper\results\robust_v2\xfoil_candidates\trust_constrained_pareto_knee\shared_054\segments\002\polar.txt,.txt,1223,c0834ee1efb29d869efede4d52adb4eb51ee24b58be44f6b8ae90172e74864ed,
~\workspaces\github.com\bengawith\paper\results\robust_v2\xfoil_candidates\trust_constrained_pareto_knee\shared_054\segments\003\polar.txt,.txt,1223,a899324c099fc22f782fa0fe57c6a7b9a119825f230757db53efef9dbd0a0ea5,
~\workspaces\github.com\bengawith\paper\results\robust_v2\xfoil_candidates\trust_constrained_pareto_knee\shared_054\segments\004\polar.txt,.txt,497,70fde3736c1797c46a972dfb5c9cc11a610f98dc44ce5da37e80438952791e0d,
~\workspaces\github.com\bengawith\paper\results\robust_v2\xfoil_candidates\trust_constrained_pareto_knee\shared_055\segments\000\polar.txt,.txt,1157,ecfbcfcaafc04ca3249503975a4517783791c427daa26e5fe053f98c716dba5e,
~\workspaces\github.com\bengawith\paper\results\robust_v2\xfoil_candidates\trust_constrained_pareto_knee\shared_055\segments\001\polar.txt,.txt,1223,ac080dd1e4abddee3b557446f993ea190028bafdc9c1e9c07f8b599ee3a4d955,
~\workspaces\github.com\bengawith\paper\results\robust_v2\xfoil_candidates\trust_constrained_pareto_knee\shared_055\segments\002\polar.txt,.txt,1223,870f896ce4198d829c2f3b5e1e1d9862747ba6dfdda7a8b1a40c2391c2cec6f6,
~\workspaces\github.com\bengawith\paper\results\robust_v2\xfoil_candidates\trust_constrained_pareto_knee\shared_055\segments\003\polar.txt,.txt,1223,f9bbc9a3d9fe953835935079a96a332957570630bba12e6c73e1205e2d717bfd,
~\workspaces\github.com\bengawith\paper\results\robust_v2\xfoil_candidates\trust_constrained_pareto_knee\shared_055\segments\004\polar.txt,.txt,497,d8a3e7e1f172622a6d5a298857df2e99af39c9f2307ec81638b79c57a0aa57ad,
~\workspaces\github.com\bengawith\paper\results\robust_v2\xfoil_candidates\trust_constrained_pareto_knee\shared_056\segments\000\polar.txt,.txt,1223,9473560bcb770145b2e379f9e58701ddd3b04a780939d352b0676525f632d317,
~\workspaces\github.com\bengawith\paper\results\robust_v2\xfoil_candidates\trust_constrained_pareto_knee\shared_056\segments\001\polar.txt,.txt,1223,403fd1e619635aaceee599b1c07aa97e57be409038bca19480ef1fc03977238e,
~\workspaces\github.com\bengawith\paper\results\robust_v2\xfoil_candidates\trust_constrained_pareto_knee\shared_056\segments\002\polar.txt,.txt,1223,cca399cebe2f0641364ba6f90bfecb5c9dcf6dc5b84b7c71324a111c02ce2d4e,
~\workspaces\github.com\bengawith\paper\results\robust_v2\xfoil_candidates\trust_constrained_pareto_knee\shared_056\segments\003\polar.txt,.txt,1223,00edcb8f322d761db56a7342fdce790754cc3f8f59bd679aa50fd7b18da316ec,
~\workspaces\github.com\bengawith\paper\results\robust_v2\xfoil_candidates\trust_constrained_pareto_knee\shared_056\segments\004\polar.txt,.txt,497,7744b5e7ac0fe0dc19fe7368a05963062200b79c65d57e1157dd6e133beaed59,
~\workspaces\github.com\bengawith\paper\results\robust_v2\xfoil_candidates\trust_constrained_pareto_knee\shared_057\segments\000\polar.txt,.txt,1223,013aa1c0450ab2b80fbfd59ef8b4d7fe981d85d17b659fac2803356f48d8234d,
~\workspaces\github.com\bengawith\paper\results\robust_v2\xfoil_candidates\trust_constrained_pareto_knee\shared_057\segments\001\polar.txt,.txt,1223,790654afe68711177827e996eb9fc24a7686390be3e967dfb6b775df324fa02c,
~\workspaces\github.com\bengawith\paper\results\robust_v2\xfoil_candidates\trust_constrained_pareto_knee\shared_057\segments\002\polar.txt,.txt,1223,deaadfee712630db474794200736a4a8c8d8374720cb8fde633085d15d052d1b,
~\workspaces\github.com\bengawith\paper\results\robust_v2\xfoil_candidates\trust_constrained_pareto_knee\shared_057\segments\003\polar.txt,.txt,1223,3ddac0647bee8ad4e160ff2d663fe3408930c989195afa53278426b13a1ae108,
~\workspaces\github.com\bengawith\paper\results\robust_v2\xfoil_candidates\trust_constrained_pareto_knee\shared_057\segments\004\polar.txt,.txt,497,2b2943f66cd861a053b22d64acf7e92887a7c26a7db7e7a046712ab053d2b607,
~\workspaces\github.com\bengawith\paper\results\robust_v2\xfoil_candidates\trust_constrained_pareto_knee\shared_058\segments\000\polar.txt,.txt,1223,cfb992523557d7a63816d714625ddafdf3d4089076ec8a6b4d1bc8a86ba7e158,
~\workspaces\github.com\bengawith\paper\results\robust_v2\xfoil_candidates\trust_constrained_pareto_knee\shared_058\segments\001\polar.txt,.txt,1157,822bcfaa7fd9e4f92b63217432d5c1a72cb5000927a466df5cbff05f1f05e9d4,
~\workspaces\github.com\bengawith\paper\results\robust_v2\xfoil_candidates\trust_constrained_pareto_knee\shared_058\segments\002\polar.txt,.txt,1223,3cb01e9751f736ce49bd9bde5e19dc158fc915f0c0d6035d9914f8b6f95a1a25,
~\workspaces\github.com\bengawith\paper\results\robust_v2\xfoil_candidates\trust_constrained_pareto_knee\shared_058\segments\003\polar.txt,.txt,1223,069eedc3cc6f8d835fddbebc91fd532a05fbda26a1302eb9a869093cb2feeb41,
~\workspaces\github.com\bengawith\paper\results\robust_v2\xfoil_candidates\trust_constrained_pareto_knee\shared_058\segments\004\polar.txt,.txt,497,41b218f5904ad2252efa42dbe891ceaa469645c67d311245c17321bc79d9d60c,
~\workspaces\github.com\bengawith\paper\results\robust_v2\xfoil_candidates\trust_constrained_pareto_knee\shared_059\segments\000\polar.txt,.txt,1223,2a131646a9ef32b7d04477c78a7242bc5560a0b18362305adbb91c30bb8af95a,
~\workspaces\github.com\bengawith\paper\results\robust_v2\xfoil_candidates\trust_constrained_pareto_knee\shared_059\segments\001\polar.txt,.txt,1223,0a84d8189ac12d9a3e6e0ace63e958f9f11946d139535d59498500ed52454b43,
~\workspaces\github.com\bengawith\paper\results\robust_v2\xfoil_candidates\trust_constrained_pareto_knee\shared_059\segments\002\polar.txt,.txt,1223,b95f5324634706f9f604a36e04801e91d8bdae78b575723b7bfb89cf4cf61e81,
~\workspaces\github.com\bengawith\paper\results\robust_v2\xfoil_candidates\trust_constrained_pareto_knee\shared_059\segments\003\polar.txt,.txt,1223,ac0b309b2fc2dd00226baa7dd856dd620868b5db186568e7bb1733596f60379f,
~\workspaces\github.com\bengawith\paper\results\robust_v2\xfoil_candidates\trust_constrained_pareto_knee\shared_059\segments\004\polar.txt,.txt,497,11e9d69009ae3fc32684638da0d65dab8d33180c95d3cef09189465a19b3a93f,
~\workspaces\github.com\bengawith\paper\results\robust_v2\xfoil_candidates\trust_constrained_pareto_knee\shared_060\segments\000\polar.txt,.txt,1223,52ebb2b5c32d4323bce0912314a7318cdd5013fae96e940d16df4f4ddd1fd727,
~\workspaces\github.com\bengawith\paper\results\robust_v2\xfoil_candidates\trust_constrained_pareto_knee\shared_060\segments\001\polar.txt,.txt,1223,9b1f78819282768f3fc234413200fa159ab9da3b24147dac37749f295719f1ad,
~\workspaces\github.com\bengawith\paper\results\robust_v2\xfoil_candidates\trust_constrained_pareto_knee\shared_060\segments\002\polar.txt,.txt,1223,91f61d5ac5110e288d42447d07f39e0f60ae79f5ba417442b38fc0b54b844834,
~\workspaces\github.com\bengawith\paper\results\robust_v2\xfoil_candidates\trust_constrained_pareto_knee\shared_060\segments\003\polar.txt,.txt,1223,c9c283d6f11e5718ba565880b42d42b532cdcbf0921c115c1cf8897baee2c4e7,
~\workspaces\github.com\bengawith\paper\results\robust_v2\xfoil_candidates\trust_constrained_pareto_knee\shared_060\segments\004\polar.txt,.txt,497,6388bd31aed770331d3de8dcd7c6ce43e7d7ef021f915e9f06de94f486c89b2e,
~\workspaces\github.com\bengawith\paper\results\robust_v2\xfoil_candidates\trust_constrained_pareto_knee\shared_061\segments\000\polar.txt,.txt,1223,c911bc3531ee74f582443fd04d9eed017235342ba7f678148fd8bed60acced07,
~\workspaces\github.com\bengawith\paper\results\robust_v2\xfoil_candidates\trust_constrained_pareto_knee\shared_061\segments\001\polar.txt,.txt,1223,9e2030287fe095c2dc725f805f147205563d06691794fc39abeb0e661de110cf,
~\workspaces\github.com\bengawith\paper\results\robust_v2\xfoil_candidates\trust_constrained_pareto_knee\shared_061\segments\002\polar.txt,.txt,1223,b3729b2dd42e53e992993954c8f91debc02e90d39c636e6a6cabb0b8b1093fa4,
~\workspaces\github.com\bengawith\paper\results\robust_v2\xfoil_candidates\trust_constrained_pareto_knee\shared_061\segments\003\polar.txt,.txt,1223,2fc724326fcb5534ed8fbd6274ee15f646fcb75078c9a3be615003daf2fdd281,
~\workspaces\github.com\bengawith\paper\results\robust_v2\xfoil_candidates\trust_constrained_pareto_knee\shared_061\segments\004\polar.txt,.txt,497,925c5228e8d56b2b9b85680aca51ee52d00f4095e1c719e091ca4ee0e84fb607,
~\workspaces\github.com\bengawith\paper\results\robust_v2\xfoil_candidates\trust_constrained_pareto_knee\shared_062\segments\000\polar.txt,.txt,1091,190fc4d4922488f4a837ddb1379d1401512ceb2c46839896a61fc9950ca7d462,
~\workspaces\github.com\bengawith\paper\results\robust_v2\xfoil_candidates\trust_constrained_pareto_knee\shared_062\segments\001\polar.txt,.txt,1223,a1bdcce01b6916a6b7ef324121418f922914f2621fbc3658dff245cce00f8451,
~\workspaces\github.com\bengawith\paper\results\robust_v2\xfoil_candidates\trust_constrained_pareto_knee\shared_062\segments\002\polar.txt,.txt,1223,ad6dbb61fd93115aecc5a908a7838fcf6da4e944da3417654e0b03ba43998b9f,
~\workspaces\github.com\bengawith\paper\results\robust_v2\xfoil_candidates\trust_constrained_pareto_knee\shared_062\segments\003\polar.txt,.txt,1223,5b312b7ca04ddb8b21e7bd6294c65ede06548029095fb40a575c56012bc65a65,
~\workspaces\github.com\bengawith\paper\results\robust_v2\xfoil_candidates\trust_constrained_pareto_knee\shared_062\segments\004\polar.txt,.txt,497,ffebfd5f1b789b09314811cd4e2d8cfb2839c3e80359423d72db55af83ad06a8,
~\workspaces\github.com\bengawith\paper\results\robust_v2\xfoil_candidates\trust_constrained_pareto_knee\shared_063\segments\000\polar.txt,.txt,1223,949dfcb24430b5e8cea0dcaafd7a38f46472a1253f23695c3a465bc9996cd4e7,
~\workspaces\github.com\bengawith\paper\results\robust_v2\xfoil_candidates\trust_constrained_pareto_knee\shared_063\segments\001\polar.txt,.txt,1223,1c74ec691a64ba86dc208bcb688ecc02b672ee34a126f10dd6cc256aeb29372d,
~\workspaces\github.com\bengawith\paper\results\robust_v2\xfoil_candidates\trust_constrained_pareto_knee\shared_063\segments\002\polar.txt,.txt,1223,137ba25b1bc585f36e809e11512d0ee9fd8c700c0e53c65f83b57d72a311bf03,
~\workspaces\github.com\bengawith\paper\results\robust_v2\xfoil_candidates\trust_constrained_pareto_knee\shared_063\segments\003\polar.txt,.txt,1223,0e00b207e882aae7e10b16ebb65cfc596b2b7206a1f27b978bdc7c529bf71999,
~\workspaces\github.com\bengawith\paper\results\robust_v2\xfoil_candidates\trust_constrained_pareto_knee\shared_063\segments\004\polar.txt,.txt,497,7a63249b10e254f06fd303c33ec4294930ae65c82619d4f57cff011511a957a9,
~\workspaces\github.com\bengawith\paper\results\robust_v2\xfoil_candidates\verified_reference\adverse_tail_017\segments\000\polar.txt,.txt,1157,c99b71f0f9641465b657ce3532591b10d0ad747439149e41f8823523cb6f1da5,
~\workspaces\github.com\bengawith\paper\results\robust_v2\xfoil_candidates\verified_reference\adverse_tail_017\segments\001\polar.txt,.txt,1157,40aa68dcde14d4ae633093286093faff8b4d8339ae56c21911cc3478c60a2110,
~\workspaces\github.com\bengawith\paper\results\robust_v2\xfoil_candidates\verified_reference\adverse_tail_017\segments\002\polar.txt,.txt,1223,802fc162e6f552a05851c100603f59675763de5ab60267e0520926c5bb4c2403,
~\workspaces\github.com\bengawith\paper\results\robust_v2\xfoil_candidates\verified_reference\adverse_tail_017\segments\003\polar.txt,.txt,1223,6cbd67c6229622effe5895f35cd68042f7b75a5b9a496421253c8839545ed464,
~\workspaces\github.com\bengawith\paper\results\robust_v2\xfoil_candidates\verified_reference\adverse_tail_017\segments\004\polar.txt,.txt,497,10a4e2f679260aae1fda7f15cd00173b3cd42e0b468b34dfe08659f688011379,
~\workspaces\github.com\bengawith\paper\results\robust_v2\xfoil_candidates\verified_reference\adverse_tail_060\segments\000\polar.txt,.txt,1223,a4d7f67b51222ce4628fb2cad82068fdc1684d32eaae0f09d845786c5373d8cb,
~\workspaces\github.com\bengawith\paper\results\robust_v2\xfoil_candidates\verified_reference\adverse_tail_060\segments\001\polar.txt,.txt,1223,742f2a554b552f757dc6ae286e7344334729bdb3d82560dfb3af272d2d87b4d2,
~\workspaces\github.com\bengawith\paper\results\robust_v2\xfoil_candidates\verified_reference\adverse_tail_060\segments\002\polar.txt,.txt,1223,bb51e4c9891cc85de77744e36595943abf61aed8e7f0a8e50043209eee766b8a,
~\workspaces\github.com\bengawith\paper\results\robust_v2\xfoil_candidates\verified_reference\adverse_tail_060\segments\003\polar.txt,.txt,1223,cb70890b47da103185216ec933e56c69a5408adf5f77772255780ed4dbbc0b81,
~\workspaces\github.com\bengawith\paper\results\robust_v2\xfoil_candidates\verified_reference\adverse_tail_060\segments\004\polar.txt,.txt,497,1203225884b3ce75109f4e11f340218d0e3e4be4594b99765201b9f2588cbde7,
~\workspaces\github.com\bengawith\paper\results\robust_v2\xfoil_candidates\verified_reference\nominal\segments\000\polar.txt,.txt,1223,1b694c7db136f4898d66a75239b49869965b76b1743571e2870c69ce8704f35a,
~\workspaces\github.com\bengawith\paper\results\robust_v2\xfoil_candidates\verified_reference\nominal\segments\001\polar.txt,.txt,1223,3d04e96882b53b8595dfac669a09524c63c3db6e735ca3ef56bba8eca709d652,
~\workspaces\github.com\bengawith\paper\results\robust_v2\xfoil_candidates\verified_reference\nominal\segments\002\polar.txt,.txt,1157,8b678328a566f768b558569eec8c69764892d78f2ce873bce6b9c435be4702ac,
~\workspaces\github.com\bengawith\paper\results\robust_v2\xfoil_candidates\verified_reference\nominal\segments\003\polar.txt,.txt,1223,98401dfe16228eb5d267cc00aef86a844abab54497a9b8ca35949ce72de85e62,
~\workspaces\github.com\bengawith\paper\results\robust_v2\xfoil_candidates\verified_reference\nominal\segments\004\polar.txt,.txt,497,30b653c936585e15f984a5b9d3268b752d89bbc4b1979871d145e1c8131075fc,
~\workspaces\github.com\bengawith\paper\results\robust_v2\xfoil_candidates\verified_reference\shared_000\segments\000\polar.txt,.txt,1223,c583d0e08da637ec9cca85bead9e92561bb3a45751a363cc737fbf4d87cf07e4,
~\workspaces\github.com\bengawith\paper\results\robust_v2\xfoil_candidates\verified_reference\shared_000\segments\001\polar.txt,.txt,1223,e0da985c81d0ece720cb42123b789a48ba1ce5553b3cb02455fdee7933903da5,
~\workspaces\github.com\bengawith\paper\results\robust_v2\xfoil_candidates\verified_reference\shared_000\segments\002\polar.txt,.txt,1223,185e9b5b29094c7c87c9a75ef4e312f1aa5c9b3643d8817db1baae985f3d3bf4,
~\workspaces\github.com\bengawith\paper\results\robust_v2\xfoil_candidates\verified_reference\shared_000\segments\003\polar.txt,.txt,1223,c2d7a08dad0e0901c87d894b71d7077a9369420cdaad9702275216d53419760c,
~\workspaces\github.com\bengawith\paper\results\robust_v2\xfoil_candidates\verified_reference\shared_000\segments\004\polar.txt,.txt,497,65874d0cea80bbac6d79d32b49e563a106fa739425779faa082ffd118de83c7a,
~\workspaces\github.com\bengawith\paper\results\robust_v2\xfoil_candidates\verified_reference\shared_001\segments\000\polar.txt,.txt,1223,f6e264da76f35095b513a36162ede28583640a848f6e8e7556753523e1b6ad62,
~\workspaces\github.com\bengawith\paper\results\robust_v2\xfoil_candidates\verified_reference\shared_001\segments\001\polar.txt,.txt,1157,f5267c312e95e58fe68acd87a8a6ff1682c96e824c2fd351fee5f2d0d78a33dd,
~\workspaces\github.com\bengawith\paper\results\robust_v2\xfoil_candidates\verified_reference\shared_001\segments\002\polar.txt,.txt,1223,1ebf57ea5b204153c52dcf5d824f0c7c8dd3b13cead0cbc43aee1b98a49fac93,
~\workspaces\github.com\bengawith\paper\results\robust_v2\xfoil_candidates\verified_reference\shared_001\segments\003\polar.txt,.txt,1223,e8e0a62c8c3c2d89cf3f5869722813721fb68be60fc0824e4db8b4cf7d41769f,
~\workspaces\github.com\bengawith\paper\results\robust_v2\xfoil_candidates\verified_reference\shared_001\segments\004\polar.txt,.txt,497,740427f0f1cba0a8530b6a85dac1c3fa565dd227c706ff01f0c857239a0b248d,
~\workspaces\github.com\bengawith\paper\results\robust_v2\xfoil_candidates\verified_reference\shared_002\segments\000\polar.txt,.txt,1157,c647034e34225cbe2ac3038a85fbc44c07b7a28051a1602d908d81f5ba460e81,
~\workspaces\github.com\bengawith\paper\results\robust_v2\xfoil_candidates\verified_reference\shared_002\segments\001\polar.txt,.txt,1157,d1f3f6e85d2914b7cbd0da202cb76b78fd265633dccdba44621551b8e227ca17,
~\workspaces\github.com\bengawith\paper\results\robust_v2\xfoil_candidates\verified_reference\shared_002\segments\002\polar.txt,.txt,1223,75458054e64bdc659c310bfe5ab4effc9166bc33c99e32b82471cd10968a2381,
~\workspaces\github.com\bengawith\paper\results\robust_v2\xfoil_candidates\verified_reference\shared_002\segments\003\polar.txt,.txt,1223,4b6ce39ea5109e8e1a8d5215a8a97e481237a5cdeec1342c365987a04e3a7f68,
~\workspaces\github.com\bengawith\paper\results\robust_v2\xfoil_candidates\verified_reference\shared_002\segments\004\polar.txt,.txt,497,26dc04896687cfe9db179800a050e5b1f745bf04ab09e61ed5b73d229bbdc5b6,
~\workspaces\github.com\bengawith\paper\results\robust_v2\xfoil_candidates\verified_reference\shared_003\segments\000\polar.txt,.txt,1091,a339330cd568d66c40f5f86890cfb2adc68843f80d3186a620ab103b414392fb,
~\workspaces\github.com\bengawith\paper\results\robust_v2\xfoil_candidates\verified_reference\shared_003\segments\001\polar.txt,.txt,1223,27cfc38e3697db62fe61551fd154eab55848c594522346f14138e60d55a5668e,
~\workspaces\github.com\bengawith\paper\results\robust_v2\xfoil_candidates\verified_reference\shared_003\segments\002\polar.txt,.txt,1223,a4696ba798a9434c7d19caa49b5c4255e45fa08eee3fc2272f62d3534ce3b9b4,
~\workspaces\github.com\bengawith\paper\results\robust_v2\xfoil_candidates\verified_reference\shared_003\segments\003\polar.txt,.txt,1223,11266e672be4a028e299472c0f20cc357968b109325b3f4ab9fe279ff8f94caf,
~\workspaces\github.com\bengawith\paper\results\robust_v2\xfoil_candidates\verified_reference\shared_003\segments\004\polar.txt,.txt,497,57731c61ea03b41d30bcf09460f1632a0fd1140d405bd03e8823352c39c2d819,
~\workspaces\github.com\bengawith\paper\results\robust_v2\xfoil_candidates\verified_reference\shared_004\segments\000\polar.txt,.txt,1157,0dc8820ab3a7b219b093f38958da8ea18e63358f881db43d9a66a03aa262d85b,
~\workspaces\github.com\bengawith\paper\results\robust_v2\xfoil_candidates\verified_reference\shared_004\segments\001\polar.txt,.txt,1223,62229362e5318a1d8a89ceb024d224ccec55d34c64351344fe9a1c06eef4eabb,
~\workspaces\github.com\bengawith\paper\results\robust_v2\xfoil_candidates\verified_reference\shared_004\segments\002\polar.txt,.txt,1223,f18e6cd8cb2a21dafc36c7e1d680f58e8f310e7d277856da28a917c7f1cb4f93,
~\workspaces\github.com\bengawith\paper\results\robust_v2\xfoil_candidates\verified_reference\shared_004\segments\003\polar.txt,.txt,1223,f048cfd0f0274f3327ad7405c122022263689030ad7c69a54856173e07bd789f,
~\workspaces\github.com\bengawith\paper\results\robust_v2\xfoil_candidates\verified_reference\shared_004\segments\004\polar.txt,.txt,497,598e8aac512e0eadb29e606ea7ae78c8bd4ea2c7ed754d38638cdec2adc1fa18,
~\workspaces\github.com\bengawith\paper\results\robust_v2\xfoil_candidates\verified_reference\shared_005\segments\000\polar.txt,.txt,1157,a715a3f630bd1ad53760d06c4d92810aa107d3c7e138d97ab1df9b859208c0d8,
~\workspaces\github.com\bengawith\paper\results\robust_v2\xfoil_candidates\verified_reference\shared_005\segments\001\polar.txt,.txt,1157,9bec16383fabd144b31d5af086e4ed2fa5026a600813d092af9ba84834fe2b1b,
~\workspaces\github.com\bengawith\paper\results\robust_v2\xfoil_candidates\verified_reference\shared_005\segments\002\polar.txt,.txt,1223,30f32a18f95f66a8e13303235a682bbd826a66195e07e0db7d2f6a4ed30c0c0e,
~\workspaces\github.com\bengawith\paper\results\robust_v2\xfoil_candidates\verified_reference\shared_005\segments\003\polar.txt,.txt,1223,aa26bff1e9607128cd28895d4fbe3a493128bc387a62ebd48ae200ef213a80c1,
~\workspaces\github.com\bengawith\paper\results\robust_v2\xfoil_candidates\verified_reference\shared_005\segments\004\polar.txt,.txt,497,2daeb3b01ed9c992c6f183327c3ae165a5d4739a447688212e4d1d77b459faa3,
~\workspaces\github.com\bengawith\paper\results\robust_v2\xfoil_candidates\verified_reference\shared_006\segments\000\polar.txt,.txt,1157,cdb8af2a4ecb4e342ea18a215194341887f5a4db301ace68b52ca0faad2d3b24,
~\workspaces\github.com\bengawith\paper\results\robust_v2\xfoil_candidates\verified_reference\shared_006\segments\001\polar.txt,.txt,1223,5e8095d17510ae8a800266f686306d1108caeddb43786f854989656a88e82c39,
~\workspaces\github.com\bengawith\paper\results\robust_v2\xfoil_candidates\verified_reference\shared_006\segments\002\polar.txt,.txt,1223,c5a589c1419957fd815a4bdc68983c6c563289b6de432bed8cd9f0ef5e8bfbbc,
~\workspaces\github.com\bengawith\paper\results\robust_v2\xfoil_candidates\verified_reference\shared_006\segments\003\polar.txt,.txt,1223,0bc1fe8ce5d959819ab6a7a4d814c2c430d00b536940a2c976433bfe06a6da3c,
~\workspaces\github.com\bengawith\paper\results\robust_v2\xfoil_candidates\verified_reference\shared_006\segments\004\polar.txt,.txt,497,4cdbc6a35bac177741ee81953693d09dffe373f70b3cc0416e7d87d7e504c3ab,
~\workspaces\github.com\bengawith\paper\results\robust_v2\xfoil_candidates\verified_reference\shared_007\segments\000\polar.txt,.txt,1157,818a1335cbcc2473da70a842fe44752cb76ff2b14feeb74583050659ce6d4271,
~\workspaces\github.com\bengawith\paper\results\robust_v2\xfoil_candidates\verified_reference\shared_007\segments\001\polar.txt,.txt,1223,0206438b6c380f65a39fe5851d95a7f0820964d4f56925e48478d50fa27151e4,
~\workspaces\github.com\bengawith\paper\results\robust_v2\xfoil_candidates\verified_reference\shared_007\segments\002\polar.txt,.txt,1223,c977a04310bd6312087b7ada98b9dfb04abbc301cce3d1a4583434bad5c67597,
~\workspaces\github.com\bengawith\paper\results\robust_v2\xfoil_candidates\verified_reference\shared_007\segments\003\polar.txt,.txt,1223,9df2f775e622e5abc5d6b45272c078ff5342b18b6be9d73b65ae2867b516e004,
~\workspaces\github.com\bengawith\paper\results\robust_v2\xfoil_candidates\verified_reference\shared_007\segments\004\polar.txt,.txt,497,8d0979c8f36f31a1b28f34ae9a213e3e2e0de4ad486012780e44f444c040acc0,
~\workspaces\github.com\bengawith\paper\results\robust_v2\xfoil_candidates\verified_reference\shared_008\segments\000\polar.txt,.txt,1157,9452f818d93fdb3a8d0ccc01865e5f08a0d7ac590c040c8b432846e66b381009,
~\workspaces\github.com\bengawith\paper\results\robust_v2\xfoil_candidates\verified_reference\shared_008\segments\001\polar.txt,.txt,1157,5a39cbc687b7aca8fd36427ce0052b0575536ebd2d027e3062c4334efbe16ca6,
~\workspaces\github.com\bengawith\paper\results\robust_v2\xfoil_candidates\verified_reference\shared_008\segments\002\polar.txt,.txt,1157,c02b7876eaf509945f13c8541a24b0ac66a58f0bab7116f8ce8e4f6ce1b45b61,
~\workspaces\github.com\bengawith\paper\results\robust_v2\xfoil_candidates\verified_reference\shared_008\segments\003\polar.txt,.txt,1223,50b163173a112d2e5837d7d0f076ae2e6832a7f8021917d59e67f6c630a0df62,
~\workspaces\github.com\bengawith\paper\results\robust_v2\xfoil_candidates\verified_reference\shared_008\segments\004\polar.txt,.txt,497,13f1142c1ee8d4bdcda415f3660eaa6eadfcd3400e7a112099f5e67cab32bf63,
~\workspaces\github.com\bengawith\paper\results\robust_v2\xfoil_candidates\verified_reference\shared_009\segments\000\polar.txt,.txt,1223,02d215aff25cc32028c652aa0a4504f0aecac5ef53e0be217e5b7ea730b196b6,
~\workspaces\github.com\bengawith\paper\results\robust_v2\xfoil_candidates\verified_reference\shared_009\segments\001\polar.txt,.txt,1157,621cf4eaa0523f1c847ab14ec38c377899ccf672db93310e7bd71d52fff9b951,
~\workspaces\github.com\bengawith\paper\results\robust_v2\xfoil_candidates\verified_reference\shared_009\segments\002\polar.txt,.txt,1223,c0a38dfa7140146809eb692bae8dc2ccaf5bdc44530b944b0911e6e522e2789d,
~\workspaces\github.com\bengawith\paper\results\robust_v2\xfoil_candidates\verified_reference\shared_009\segments\003\polar.txt,.txt,1223,532f9bbecd868f692132caea0e3deb4df7593781b8d69b84324b8d9192a884d9,
~\workspaces\github.com\bengawith\paper\results\robust_v2\xfoil_candidates\verified_reference\shared_009\segments\004\polar.txt,.txt,497,17c0ff0b947c75201da08566b91eb08a138c015ae3e2376cc6e609e105eba31a,
~\workspaces\github.com\bengawith\paper\results\robust_v2\xfoil_candidates\verified_reference\shared_010\segments\000\polar.txt,.txt,1223,75d884918e681665aed198ebd1156144dcbdf969a9bd9a3e6e6a291b045b28eb,
~\workspaces\github.com\bengawith\paper\results\robust_v2\xfoil_candidates\verified_reference\shared_010\segments\001\polar.txt,.txt,1157,3218a5b280f4dac3e3f3324a519c8f1a2e0c44a4b52fb06ed7d3d5535b6ebf98,
~\workspaces\github.com\bengawith\paper\results\robust_v2\xfoil_candidates\verified_reference\shared_010\segments\002\polar.txt,.txt,1223,193b44b9fca506846409e4b01a541cab67a1a80122939c6240b77009d561c19b,
~\workspaces\github.com\bengawith\paper\results\robust_v2\xfoil_candidates\verified_reference\shared_010\segments\003\polar.txt,.txt,1223,1d616fc62aba993762e4b4b27e5c3e0a675d32b64ca35177dfa9ff96c4f1a9bc,
~\workspaces\github.com\bengawith\paper\results\robust_v2\xfoil_candidates\verified_reference\shared_010\segments\004\polar.txt,.txt,497,4c9e19ffbd3e292cc74121222cb970de45a25f1893de23179f0b3a46cab43ace,
~\workspaces\github.com\bengawith\paper\results\robust_v2\xfoil_candidates\verified_reference\shared_011\segments\000\polar.txt,.txt,1157,80f3023418b4324e97dc3382c32097c4049dc683ad3b058c54ee02a6bc5fa6eb,
~\workspaces\github.com\bengawith\paper\results\robust_v2\xfoil_candidates\verified_reference\shared_011\segments\001\polar.txt,.txt,1223,2c6696cb2588569525949a787c28277001e6151c1745ffc9fbc6b0f313d6b84e,
~\workspaces\github.com\bengawith\paper\results\robust_v2\xfoil_candidates\verified_reference\shared_011\segments\002\polar.txt,.txt,1223,c63363c8a688702fc1d10778ce53bfbec13154a56cdad110e6f39b1e50f586d0,
~\workspaces\github.com\bengawith\paper\results\robust_v2\xfoil_candidates\verified_reference\shared_011\segments\003\polar.txt,.txt,1157,fa406ad33e83fd689bcdc466c9a150e8a711e0c49a5a2b566cb3f3daa5f67c7a,
~\workspaces\github.com\bengawith\paper\results\robust_v2\xfoil_candidates\verified_reference\shared_011\segments\004\polar.txt,.txt,497,0cbf3877bd7ad912d4b97a859e4461ec5a0a7c67a72cc7da9ad87b77427ab479,
~\workspaces\github.com\bengawith\paper\results\robust_v2\xfoil_candidates\verified_reference\shared_012\segments\000\polar.txt,.txt,1223,c479992dd485d71b52904d147193b6f98564a691d8b355486a32f42f399fe265,
~\workspaces\github.com\bengawith\paper\results\robust_v2\xfoil_candidates\verified_reference\shared_012\segments\001\polar.txt,.txt,1157,9e469073a4055e15b18d1429d36941b3200932ac09fb2a87f7fab37a10151d50,
~\workspaces\github.com\bengawith\paper\results\robust_v2\xfoil_candidates\verified_reference\shared_012\segments\002\polar.txt,.txt,1223,833beaf3fd9d0fe3c3128662e0a881dff471fe1a09b4ec5a1b703e96f4e92fb0,
~\workspaces\github.com\bengawith\paper\results\robust_v2\xfoil_candidates\verified_reference\shared_012\segments\003\polar.txt,.txt,1223,915fa1b50ca8d21d193c0f608a921ebcc651e240097337c5c4d7503f9c19093c,
~\workspaces\github.com\bengawith\paper\results\robust_v2\xfoil_candidates\verified_reference\shared_012\segments\004\polar.txt,.txt,497,ce7d807ac74a3ce42c648cf7d49c1d875e69bac9638eba3a5c15a2ac1eeb6f6a,
~\workspaces\github.com\bengawith\paper\results\robust_v2\xfoil_candidates\verified_reference\shared_013\segments\000\polar.txt,.txt,1223,86fc4a1bc0d705233c82250fc4f27ff20d1aad119c6fe676321861b48ffafc33,
~\workspaces\github.com\bengawith\paper\results\robust_v2\xfoil_candidates\verified_reference\shared_013\segments\001\polar.txt,.txt,1091,5185178538918b61190b1bb30e4af9742656376eebd86f9513c8db26f5fc4d18,
~\workspaces\github.com\bengawith\paper\results\robust_v2\xfoil_candidates\verified_reference\shared_013\segments\002\polar.txt,.txt,1223,627982e590f843c872febf63513a1fe02709bd6002249babcb5336bd0c45ec46,
~\workspaces\github.com\bengawith\paper\results\robust_v2\xfoil_candidates\verified_reference\shared_013\segments\003\polar.txt,.txt,1223,9e54c9c777b712a6a1d78d9d9799676c51921e29ce2b8b50737a5a59d257c4fe,
~\workspaces\github.com\bengawith\paper\results\robust_v2\xfoil_candidates\verified_reference\shared_013\segments\004\polar.txt,.txt,497,cc93096dc275dc18b8dbdfb66dd10ad9a9ac87215887e7ff55b678df0c3eb648,
~\workspaces\github.com\bengawith\paper\results\robust_v2\xfoil_candidates\verified_reference\shared_014\segments\000\polar.txt,.txt,1091,50e986b17feb8c88f996d51709890c3350e116914ac2321a393d30b11241304d,
~\workspaces\github.com\bengawith\paper\results\robust_v2\xfoil_candidates\verified_reference\shared_014\segments\001\polar.txt,.txt,1157,e5fa56e5a693a930c0bb2fdc0856e3ac383160bfb2c19c9326ae33be4c14b7cb,
~\workspaces\github.com\bengawith\paper\results\robust_v2\xfoil_candidates\verified_reference\shared_014\segments\002\polar.txt,.txt,1157,3b54bf05d9274a161289a1a61d432990fd64a944ae30de994b13e53e4d9d20d3,
~\workspaces\github.com\bengawith\paper\results\robust_v2\xfoil_candidates\verified_reference\shared_014\segments\003\polar.txt,.txt,1223,904ae93a195e0b8d2b6d37dc04a4378e32f219da2d18b34c3b068d928edd358b,
~\workspaces\github.com\bengawith\paper\results\robust_v2\xfoil_candidates\verified_reference\shared_014\segments\004\polar.txt,.txt,497,b137a799fd0ab76d4886bf9767bd36fbf8066cc304ade5324baad4a938856677,
~\workspaces\github.com\bengawith\paper\results\robust_v2\xfoil_candidates\verified_reference\shared_015\segments\000\polar.txt,.txt,1223,1e7ec4c4abbf412b98bb6b18a9ac1e21ba2476b52b344d669ce0981d6391874f,
~\workspaces\github.com\bengawith\paper\results\robust_v2\xfoil_candidates\verified_reference\shared_015\segments\001\polar.txt,.txt,1223,2c41bd077be00782b4a5a470d4b02c44ddd1321fbe17763e00a04ee5ba1b022a,
~\workspaces\github.com\bengawith\paper\results\robust_v2\xfoil_candidates\verified_reference\shared_015\segments\002\polar.txt,.txt,1223,0b1eaeef5147d4982e23004d85a771f38025ad34eeb74212e4abfc75b1ab02d4,
~\workspaces\github.com\bengawith\paper\results\robust_v2\xfoil_candidates\verified_reference\shared_015\segments\003\polar.txt,.txt,1223,386d1b14acb51f66bff1ce8aacfe4a4db00f4450f247f2970b2ba70b8387799c,
~\workspaces\github.com\bengawith\paper\results\robust_v2\xfoil_candidates\verified_reference\shared_015\segments\004\polar.txt,.txt,497,8da473707d7b25bb26321b01938e8ea2fb10ad824fb62e0672f3e69dd55f8136,
~\workspaces\github.com\bengawith\paper\results\robust_v2\xfoil_candidates\verified_reference\shared_016\segments\000\polar.txt,.txt,1091,568aa8794092aadee7bdfeb32494ae0dfdff0da3ef6e43eb79399657db2f5c69,
~\workspaces\github.com\bengawith\paper\results\robust_v2\xfoil_candidates\verified_reference\shared_016\segments\001\polar.txt,.txt,1223,073fa7ba04a6469b0cfe2b717ad1d5cf27ee2ea38d996be2a526fb0f379f82f9,
~\workspaces\github.com\bengawith\paper\results\robust_v2\xfoil_candidates\verified_reference\shared_016\segments\002\polar.txt,.txt,1223,16b09582411888834f41be7fa415758d784a29ead89c5231e9acd254c657f48c,
~\workspaces\github.com\bengawith\paper\results\robust_v2\xfoil_candidates\verified_reference\shared_016\segments\003\polar.txt,.txt,1223,7dfaaac02be12e2a6eb41a5344a75b85f25d7f9e77e40ad5ad557d6573824906,
~\workspaces\github.com\bengawith\paper\results\robust_v2\xfoil_candidates\verified_reference\shared_016\segments\004\polar.txt,.txt,497,486c6291f71b525c096e097114524099a04eb8ad21dbca5af3584dab6522db3e,
~\workspaces\github.com\bengawith\paper\results\robust_v2\xfoil_candidates\verified_reference\shared_017\segments\000\polar.txt,.txt,1223,946a60fd6cbbe1c134af8920c54ff039462e1af3a6730b1a1691db83e32762a3,
~\workspaces\github.com\bengawith\paper\results\robust_v2\xfoil_candidates\verified_reference\shared_017\segments\001\polar.txt,.txt,1157,6f73e4f08c0f7d084eaefd1da01808297edfa5644a033d3268b9c3e34e31a018,
~\workspaces\github.com\bengawith\paper\results\robust_v2\xfoil_candidates\verified_reference\shared_017\segments\002\polar.txt,.txt,1223,10ea5874525badace2e070d99e45f811764e2c743a22ddd27518da58a70bdac3,
~\workspaces\github.com\bengawith\paper\results\robust_v2\xfoil_candidates\verified_reference\shared_017\segments\003\polar.txt,.txt,1223,e4f2be395d1b9e4d3aeabcdca87bbe7c70b8425ec672052ca12a4ddd2d82829d,
~\workspaces\github.com\bengawith\paper\results\robust_v2\xfoil_candidates\verified_reference\shared_017\segments\004\polar.txt,.txt,497,22cb197e244a53822d912653d1f896d60ed9a86a63d03330a4bbb4779b345b5d,
~\workspaces\github.com\bengawith\paper\results\robust_v2\xfoil_candidates\verified_reference\shared_018\segments\000\polar.txt,.txt,1223,05c109b71249e2532f673a7b6673db4ef47a3781825ba59aa68d9789013cf428,
~\workspaces\github.com\bengawith\paper\results\robust_v2\xfoil_candidates\verified_reference\shared_018\segments\001\polar.txt,.txt,1223,5e22759968dba60d5592eb4dcb56ff767d1fa4b3edda258b4cb1c8763cb1475d,
~\workspaces\github.com\bengawith\paper\results\robust_v2\xfoil_candidates\verified_reference\shared_018\segments\002\polar.txt,.txt,1223,e5cb8b6f665fa8d2e55bd00ab910e7e43037cad61fbeafe3bbcb5b87e85ed577,
~\workspaces\github.com\bengawith\paper\results\robust_v2\xfoil_candidates\verified_reference\shared_018\segments\003\polar.txt,.txt,1223,4da8434806717e6db5b1227ac5b58704b39fa17bd9017e4f86af852da329e603,
~\workspaces\github.com\bengawith\paper\results\robust_v2\xfoil_candidates\verified_reference\shared_018\segments\004\polar.txt,.txt,497,d07fdf3f4c8c21fe9ec060f839a75683f3f6c494936acc5869b6f96b5446b844,
~\workspaces\github.com\bengawith\paper\results\robust_v2\xfoil_candidates\verified_reference\shared_019\segments\000\polar.txt,.txt,1223,3bb6957d24e94dd2c2c5264be9333da86a513b6baeac11ee819f78e339c64582,
~\workspaces\github.com\bengawith\paper\results\robust_v2\xfoil_candidates\verified_reference\shared_019\segments\001\polar.txt,.txt,1223,cf698990068c285b814961eef2e81a5d5442f025d9e4895db7e18cfac4aae482,
~\workspaces\github.com\bengawith\paper\results\robust_v2\xfoil_candidates\verified_reference\shared_019\segments\002\polar.txt,.txt,1223,6b3d0ff4089ac088a96f15c1654c1f0b966eb1b234a99bc2da6f6e5167437fd5,
~\workspaces\github.com\bengawith\paper\results\robust_v2\xfoil_candidates\verified_reference\shared_019\segments\003\polar.txt,.txt,1157,9fc2dcb7b653144ee1241a464806d84a350db540880452ea91731088c9300646,
~\workspaces\github.com\bengawith\paper\results\robust_v2\xfoil_candidates\verified_reference\shared_019\segments\004\polar.txt,.txt,497,f067f8149d4e2999435ed53f4b881fb8a247b45d711dc719c544a35e4c318475,
~\workspaces\github.com\bengawith\paper\results\robust_v2\xfoil_candidates\verified_reference\shared_020\segments\000\polar.txt,.txt,1157,2430f583f5b76df19b7743f7b60f9e32bb0e3b65f78bea188c5570f4abfa37f2,
~\workspaces\github.com\bengawith\paper\results\robust_v2\xfoil_candidates\verified_reference\shared_020\segments\001\polar.txt,.txt,1223,83b281e397740abdc8527b96e06c481c3b898ca36e01f1f6a477113450996078,
~\workspaces\github.com\bengawith\paper\results\robust_v2\xfoil_candidates\verified_reference\shared_020\segments\002\polar.txt,.txt,1223,74794aa5b5ec613cb0d60c49a1432354a2ae8a9972b26819afba9c81512886ac,
~\workspaces\github.com\bengawith\paper\results\robust_v2\xfoil_candidates\verified_reference\shared_020\segments\003\polar.txt,.txt,1223,1512ebf276391c0e519339af4f2534a2a16142d785d09f37da1610988001a5c7,
~\workspaces\github.com\bengawith\paper\results\robust_v2\xfoil_candidates\verified_reference\shared_020\segments\004\polar.txt,.txt,497,6903f8dc6caa378ff6b2a5c8cdb551aa6045735072de774856b8b6601714c4e3,
~\workspaces\github.com\bengawith\paper\results\robust_v2\xfoil_candidates\verified_reference\shared_021\segments\000\polar.txt,.txt,1157,4bd92c3d0a80d26542b71502f921f9f90307bf027c2af9105d17f0b7b9f13a6a,
~\workspaces\github.com\bengawith\paper\results\robust_v2\xfoil_candidates\verified_reference\shared_021\segments\001\polar.txt,.txt,1223,315aa3980178c7341d244f98496eab223eb68d89d17614fde18ebccd7efc324f,
~\workspaces\github.com\bengawith\paper\results\robust_v2\xfoil_candidates\verified_reference\shared_021\segments\002\polar.txt,.txt,1223,9b1083973a7b2fded5e3157fe2ef415f3a4efba4e67f89b5c789f9db38cca98c,
~\workspaces\github.com\bengawith\paper\results\robust_v2\xfoil_candidates\verified_reference\shared_021\segments\003\polar.txt,.txt,1223,796d0c33730d2efd8bd6fa8a72c166740340923235414da3001569c87e8d7d8b,
~\workspaces\github.com\bengawith\paper\results\robust_v2\xfoil_candidates\verified_reference\shared_021\segments\004\polar.txt,.txt,497,73cdacdb2e785627c5e79f298bee1761dee806e16789aa6c66c296a08448098c,
~\workspaces\github.com\bengawith\paper\results\robust_v2\xfoil_candidates\verified_reference\shared_022\segments\000\polar.txt,.txt,1091,05da8711fafaac3f286478a18579ffa6f1e7f17b7388f9926765890245c0ff99,
~\workspaces\github.com\bengawith\paper\results\robust_v2\xfoil_candidates\verified_reference\shared_022\segments\001\polar.txt,.txt,1157,14f928ad0b3ef7990c428e6407ddcf4f0893b24b44830fbbfcad0caf0388d1f5,
~\workspaces\github.com\bengawith\paper\results\robust_v2\xfoil_candidates\verified_reference\shared_022\segments\002\polar.txt,.txt,1223,60b6e9ae8da75b7fb6baf743b72012f053838f62463c2cf95f060ab34e1c3d40,
~\workspaces\github.com\bengawith\paper\results\robust_v2\xfoil_candidates\verified_reference\shared_022\segments\003\polar.txt,.txt,1223,1a4ee0dcec7bfd38627d4a2aab502f4d6eebe3086ba7ebcc10eb52492c10322e,
~\workspaces\github.com\bengawith\paper\results\robust_v2\xfoil_candidates\verified_reference\shared_022\segments\004\polar.txt,.txt,497,ca79e68305b9a6bce84431a8e9e9b4ef0ed8de07a0f75174df5ddfe4d5b1466a,
~\workspaces\github.com\bengawith\paper\results\robust_v2\xfoil_candidates\verified_reference\shared_023\segments\000\polar.txt,.txt,1157,eee4e221698d6d59119e69c924880dcf98bfc9f6f4f3777b215eca388469ae68,
~\workspaces\github.com\bengawith\paper\results\robust_v2\xfoil_candidates\verified_reference\shared_023\segments\001\polar.txt,.txt,1223,9e7651c19bc633cbbeb73b8113083ac54f40ee8c101bce3f4c4cecd8c4fab488,
~\workspaces\github.com\bengawith\paper\results\robust_v2\xfoil_candidates\verified_reference\shared_023\segments\002\polar.txt,.txt,1223,a4b2eb80a17e3582f54f4034fe863b259d3beb16db7118efb417597b99ae6a8c,
~\workspaces\github.com\bengawith\paper\results\robust_v2\xfoil_candidates\verified_reference\shared_023\segments\003\polar.txt,.txt,1223,74941e44609ddcb185df4e579cde78dcd72b9ad0246f4dee5286803e4adb435a,
~\workspaces\github.com\bengawith\paper\results\robust_v2\xfoil_candidates\verified_reference\shared_023\segments\004\polar.txt,.txt,497,dbe199b24518e11cd8bbb042a798d4bd53af7bd93dab092688747e0d7cefcad7,
~\workspaces\github.com\bengawith\paper\results\robust_v2\xfoil_candidates\verified_reference\shared_024\segments\000\polar.txt,.txt,1157,fcb555a97cd937b2b6adf97171d14d283a1fdf75e11b67a5ceb36f6a88fb6e66,
~\workspaces\github.com\bengawith\paper\results\robust_v2\xfoil_candidates\verified_reference\shared_024\segments\001\polar.txt,.txt,1223,b86038927771d451e90263a43f06bb63d67ab7b1e1180744ae8128df29731aad,
~\workspaces\github.com\bengawith\paper\results\robust_v2\xfoil_candidates\verified_reference\shared_024\segments\002\polar.txt,.txt,1223,1f1e1c62c18bdbfe084ef342305ccc4479ae9f25849252c403ae3770a130aacc,
~\workspaces\github.com\bengawith\paper\results\robust_v2\xfoil_candidates\verified_reference\shared_024\segments\003\polar.txt,.txt,1223,be7f0eec93c3d41e0ee69350aab342d30eeda80e4fdfd1f784389f964597e1df,
~\workspaces\github.com\bengawith\paper\results\robust_v2\xfoil_candidates\verified_reference\shared_024\segments\004\polar.txt,.txt,497,7d2912775fe63c163e62a890cd71a73b185d11552a9def8d980cb56f53ceb884,
~\workspaces\github.com\bengawith\paper\results\robust_v2\xfoil_candidates\verified_reference\shared_025\segments\000\polar.txt,.txt,1223,c59edc55e8b29de0db668ee77a5136982789d7247848f3b2f2fb4e9197dd4ecf,
~\workspaces\github.com\bengawith\paper\results\robust_v2\xfoil_candidates\verified_reference\shared_025\segments\001\polar.txt,.txt,1223,2f4d6ce70a7f5502b9bc1615457a31d4847d8984f0b1ee163996fd2f09620e6b,
~\workspaces\github.com\bengawith\paper\results\robust_v2\xfoil_candidates\verified_reference\shared_025\segments\002\polar.txt,.txt,1223,14792a0b5ebad5d19c5be49a8e261ce1c706d14fbb0ce860f4d5c2882b69cb45,
~\workspaces\github.com\bengawith\paper\results\robust_v2\xfoil_candidates\verified_reference\shared_025\segments\003\polar.txt,.txt,1223,0a4ba249ce8ea5edf7f332510c13b9a1526f4f9c31bde657d2c1bbe361e0e7e9,
~\workspaces\github.com\bengawith\paper\results\robust_v2\xfoil_candidates\verified_reference\shared_025\segments\004\polar.txt,.txt,497,ffb26c52a78a75e93fc04336379b8cdd4f86775b9f9da7c4bc8e3abd06cf8970,
~\workspaces\github.com\bengawith\paper\results\robust_v2\xfoil_candidates\verified_reference\shared_026\segments\000\polar.txt,.txt,1223,b8b33009db2b84d0819efb99bd1094cf6566048ecd02b91045d4cd6ff75656e3,
~\workspaces\github.com\bengawith\paper\results\robust_v2\xfoil_candidates\verified_reference\shared_026\segments\001\polar.txt,.txt,1157,e416c088bd5e32d67c38acc59564f99679fb91e0ac5021b014d9e726e4fd4134,
~\workspaces\github.com\bengawith\paper\results\robust_v2\xfoil_candidates\verified_reference\shared_026\segments\002\polar.txt,.txt,1223,7c42aacea49151d1ab08e508d6bf3267a9778305000b2f5c26fe77fb73677fd8,
~\workspaces\github.com\bengawith\paper\results\robust_v2\xfoil_candidates\verified_reference\shared_026\segments\003\polar.txt,.txt,1223,70ea2126a4aaa52dc4ee4a95201f28dbef787b2e09aa32945493df49ba43bdb5,
~\workspaces\github.com\bengawith\paper\results\robust_v2\xfoil_candidates\verified_reference\shared_026\segments\004\polar.txt,.txt,497,7cb52f712350bd2b3e2c58c779a8988352c10892bf42feb08807367f82158256,
~\workspaces\github.com\bengawith\paper\results\robust_v2\xfoil_candidates\verified_reference\shared_027\segments\000\polar.txt,.txt,1091,42f40f5949d0162d40bb22d9f78629be3a83be5168096c9303c4f9dede2294e6,
~\workspaces\github.com\bengawith\paper\results\robust_v2\xfoil_candidates\verified_reference\shared_027\segments\001\polar.txt,.txt,1223,c5d1235865f5f5ad609cc96c3cd935bfaacb08b2defac4a3f8d2c6e5737969c0,
~\workspaces\github.com\bengawith\paper\results\robust_v2\xfoil_candidates\verified_reference\shared_027\segments\002\polar.txt,.txt,1223,46a2373b301eb0183626bb6c05967eba75b6dfee9c9cf9c8a3b7b3ac63d75f43,
~\workspaces\github.com\bengawith\paper\results\robust_v2\xfoil_candidates\verified_reference\shared_027\segments\003\polar.txt,.txt,1223,9b850ce1ed446b930ccc6a1b6a42d82eca06c54b1249d87e0bbd7a739592741a,
~\workspaces\github.com\bengawith\paper\results\robust_v2\xfoil_candidates\verified_reference\shared_027\segments\004\polar.txt,.txt,497,cf022775bc45516f0d9722105c005ddd2811bad9d0649c595c888339d11c1c43,
~\workspaces\github.com\bengawith\paper\results\robust_v2\xfoil_candidates\verified_reference\shared_028\segments\000\polar.txt,.txt,1223,be4dfb8c9ad22db2b812dfbd722636a5ac33daf7df72ecf7f2b519f0ab30281b,
~\workspaces\github.com\bengawith\paper\results\robust_v2\xfoil_candidates\verified_reference\shared_028\segments\001\polar.txt,.txt,1223,d1649836c3db07278cf6915598b5c5373e977490b8471598e93c847d02ac8dc3,
~\workspaces\github.com\bengawith\paper\results\robust_v2\xfoil_candidates\verified_reference\shared_028\segments\002\polar.txt,.txt,1223,9a0ff769eead35174f37f6259ea211ade26b76953cd18afae028a4ed5dc3ed63,
~\workspaces\github.com\bengawith\paper\results\robust_v2\xfoil_candidates\verified_reference\shared_028\segments\003\polar.txt,.txt,1223,0cc28b803525892d2a2f82844295bca75df3f1394fbf6ed23e9a0cab1a0362f4,
~\workspaces\github.com\bengawith\paper\results\robust_v2\xfoil_candidates\verified_reference\shared_028\segments\004\polar.txt,.txt,497,bcf7cd58f7db6903b24bf48b2a9cdcf5f7487c92ab0af1c31d79d0953c3b7bb9,
~\workspaces\github.com\bengawith\paper\results\robust_v2\xfoil_candidates\verified_reference\shared_029\segments\000\polar.txt,.txt,1091,434e8b86ed2ad04211c84040f3a8e3af8b9f3da9164ae9e05e660b41213fd8c3,
~\workspaces\github.com\bengawith\paper\results\robust_v2\xfoil_candidates\verified_reference\shared_029\segments\001\polar.txt,.txt,1157,00836cdea032a52ce2afe1de7f50cc41885a9e724ee873edd2e5cf3822081281,
~\workspaces\github.com\bengawith\paper\results\robust_v2\xfoil_candidates\verified_reference\shared_029\segments\002\polar.txt,.txt,1157,fcd818c1d95d5f7e6bdd8f4320670141f7836cd0948e00f098b1405963242607,
~\workspaces\github.com\bengawith\paper\results\robust_v2\xfoil_candidates\verified_reference\shared_029\segments\003\polar.txt,.txt,1223,e6f3095f1ad967c11851e6f5d8fcbb3a0f8c8db82f9f5e18656dbfcc455d74b5,
~\workspaces\github.com\bengawith\paper\results\robust_v2\xfoil_candidates\verified_reference\shared_029\segments\004\polar.txt,.txt,497,5afdf351386293f8fe05cecc82dd9c13ae3867ef7965ea3d2a7c3dc5e9506437,
~\workspaces\github.com\bengawith\paper\results\robust_v2\xfoil_candidates\verified_reference\shared_030\segments\000\polar.txt,.txt,1223,b8425ab25661b5b48baf04c7829de5a0fd8390f9f1e859d5fe0d03cc62a9bd4e,
~\workspaces\github.com\bengawith\paper\results\robust_v2\xfoil_candidates\verified_reference\shared_030\segments\001\polar.txt,.txt,1091,e3834fcf0438c34481a05405ca9aaea269e8140d43ce4e26b0ea35ccf6089183,
~\workspaces\github.com\bengawith\paper\results\robust_v2\xfoil_candidates\verified_reference\shared_030\segments\002\polar.txt,.txt,1223,c1c6747707938630b13099c28a9901bc1909a01a2e47b26d5e671714d9f52465,
~\workspaces\github.com\bengawith\paper\results\robust_v2\xfoil_candidates\verified_reference\shared_030\segments\003\polar.txt,.txt,1223,fa91d0618d4ce207b2fb3ca5158a92e39156583294945e7b379d0aae54fdc361,
~\workspaces\github.com\bengawith\paper\results\robust_v2\xfoil_candidates\verified_reference\shared_030\segments\004\polar.txt,.txt,497,ba43d3faebb5974aa424e7400c17f9491897aebd933a566ec3c8c64d912ecfb9,
~\workspaces\github.com\bengawith\paper\results\robust_v2\xfoil_candidates\verified_reference\shared_031\segments\000\polar.txt,.txt,1157,e54cc21190cabdb836eea7144275b0f9e0d27e06f2337e9fc9896645eb05fb34,
~\workspaces\github.com\bengawith\paper\results\robust_v2\xfoil_candidates\verified_reference\shared_031\segments\001\polar.txt,.txt,1091,89a7f869e63223cc812bc674328a9c0ef62bb0edf0f0e6e91f9cfa8a5f27fbb4,
~\workspaces\github.com\bengawith\paper\results\robust_v2\xfoil_candidates\verified_reference\shared_031\segments\002\polar.txt,.txt,1223,56e649b54b60d67af25d2ed8e75e8d37d5beec43c9360c2cc6ec927feb0ed151,
~\workspaces\github.com\bengawith\paper\results\robust_v2\xfoil_candidates\verified_reference\shared_031\segments\003\polar.txt,.txt,1157,0705d59381f8d0bb2f80fa1de3d90a688726a0475ebd2155e1ef093842112ead,
~\workspaces\github.com\bengawith\paper\results\robust_v2\xfoil_candidates\verified_reference\shared_031\segments\004\polar.txt,.txt,497,1a5c9facda433a03cad2859d08a8f4f44c16cee6b4ed0570ea959783ca60bf7c,
~\workspaces\github.com\bengawith\paper\results\robust_v2\xfoil_candidates\verified_reference\shared_032\segments\000\polar.txt,.txt,1091,06525767bfed72c04a88d23ed1c4f848427c918fe7693044714d1944cdd3a870,
~\workspaces\github.com\bengawith\paper\results\robust_v2\xfoil_candidates\verified_reference\shared_032\segments\001\polar.txt,.txt,1157,7fe1673f1e53cb5b43d3878ee4f2c35d5a67d50b470db37a7c4cdd9a068e5da5,
~\workspaces\github.com\bengawith\paper\results\robust_v2\xfoil_candidates\verified_reference\shared_032\segments\002\polar.txt,.txt,1223,d994205a01213700e61e45b5e98027c7eb19ab16019e3ca3069de11aa8811c39,
~\workspaces\github.com\bengawith\paper\results\robust_v2\xfoil_candidates\verified_reference\shared_032\segments\003\polar.txt,.txt,1223,ede1757cd607f21ee3a27463b8335d90034009f5f5b334894f928703f9f865e3,
~\workspaces\github.com\bengawith\paper\results\robust_v2\xfoil_candidates\verified_reference\shared_032\segments\004\polar.txt,.txt,497,3384748121114953677c833639198aafa99baa02137cca09049182f9446a88c3,
~\workspaces\github.com\bengawith\paper\results\robust_v2\xfoil_candidates\verified_reference\shared_033\segments\000\polar.txt,.txt,1223,eec7bfa2663571edf2537b4222aaa2c510d194e592a07dd8f43aea9c355b35ac,
~\workspaces\github.com\bengawith\paper\results\robust_v2\xfoil_candidates\verified_reference\shared_033\segments\001\polar.txt,.txt,1223,b4422a52b1cc6eb82c21370e471fcb47fbfd34a72de6995098b86a380f32d0f5,
~\workspaces\github.com\bengawith\paper\results\robust_v2\xfoil_candidates\verified_reference\shared_033\segments\002\polar.txt,.txt,1157,35c163ac2c57e1bad3f4a5e0d98598f671edcbe4d06cb28f64cbe2b6182d349c,
~\workspaces\github.com\bengawith\paper\results\robust_v2\xfoil_candidates\verified_reference\shared_033\segments\003\polar.txt,.txt,1223,281ca911c8452dd6916b6fda98e7cfca60a2cdb137397e2e93b1e461db918efd,
~\workspaces\github.com\bengawith\paper\results\robust_v2\xfoil_candidates\verified_reference\shared_033\segments\004\polar.txt,.txt,497,9df3bb35dd71c264a6e9a8f18f64573f9aff2b260d6784e10be394143e135d8d,
~\workspaces\github.com\bengawith\paper\results\robust_v2\xfoil_candidates\verified_reference\shared_034\segments\000\polar.txt,.txt,1223,001cfd7c942a0aa1a7e402db0ce61f192449d97c2dcb64a1d0d74016803a950d,
~\workspaces\github.com\bengawith\paper\results\robust_v2\xfoil_candidates\verified_reference\shared_034\segments\001\polar.txt,.txt,1223,70c56b082591f45d8d94f48853b084f05681d6beb32e8efa9c382155a2822976,
~\workspaces\github.com\bengawith\paper\results\robust_v2\xfoil_candidates\verified_reference\shared_034\segments\002\polar.txt,.txt,1223,9c264d0c63964f7a4610a6f70c4e22060c42deb415b90c4837da5cc7074a2da8,
~\workspaces\github.com\bengawith\paper\results\robust_v2\xfoil_candidates\verified_reference\shared_034\segments\003\polar.txt,.txt,1223,34b31615a63379089ee284952afad67b89890402dc8d2989d6293695baf3b54e,
~\workspaces\github.com\bengawith\paper\results\robust_v2\xfoil_candidates\verified_reference\shared_034\segments\004\polar.txt,.txt,497,4ac3faf393435e1846b115a3fd1f7f9252878cb8e1a21a407b4d1a2610fbd06c,
~\workspaces\github.com\bengawith\paper\results\robust_v2\xfoil_candidates\verified_reference\shared_035\segments\000\polar.txt,.txt,1157,02e830e6995fd8fe7d4ccc4312f81e70d57f08e66b7aa66e2c3bba3ff1a39659,
~\workspaces\github.com\bengawith\paper\results\robust_v2\xfoil_candidates\verified_reference\shared_035\segments\001\polar.txt,.txt,1223,d82660360e999d59a14caeeb896592c970ca26da11f610afdf5274b1b2aef082,
~\workspaces\github.com\bengawith\paper\results\robust_v2\xfoil_candidates\verified_reference\shared_035\segments\002\polar.txt,.txt,1223,ca46239be90d87861820854221f59264a60eff302e355945dd5b76ed433fb112,
~\workspaces\github.com\bengawith\paper\results\robust_v2\xfoil_candidates\verified_reference\shared_035\segments\003\polar.txt,.txt,1223,46ffc8fab108ca30b79488067a9d00463d8a6fc5d4d769c5a4e7ede5b8f59aea,
~\workspaces\github.com\bengawith\paper\results\robust_v2\xfoil_candidates\verified_reference\shared_035\segments\004\polar.txt,.txt,497,fd593297d3ec1f80df1535a87c219f9f8d51c4e431b640dabecc7e40e72bda9e,
~\workspaces\github.com\bengawith\paper\results\robust_v2\xfoil_candidates\verified_reference\shared_036\segments\000\polar.txt,.txt,1223,77746d42e76a4dcc2cf9bea8044c5fc2642bd77237c215114a3c6131b44f263f,
~\workspaces\github.com\bengawith\paper\results\robust_v2\xfoil_candidates\verified_reference\shared_036\segments\001\polar.txt,.txt,1157,9461b19f9b539ad2b720ef6ace10b82bc4f724b40b9cd4f009b30c220d290aca,
~\workspaces\github.com\bengawith\paper\results\robust_v2\xfoil_candidates\verified_reference\shared_036\segments\002\polar.txt,.txt,1223,22163f7edf63d7e532a88751bfd57743f51cc8363f6ae4bdcd8da828f26b122c,
~\workspaces\github.com\bengawith\paper\results\robust_v2\xfoil_candidates\verified_reference\shared_036\segments\003\polar.txt,.txt,1223,4028dfc3a75f5a90b88d7616921375fdc9b45be3aa8d66e4512c6e8fa00bfb15,
~\workspaces\github.com\bengawith\paper\results\robust_v2\xfoil_candidates\verified_reference\shared_036\segments\004\polar.txt,.txt,497,336a05049aeabd61fb0d5bdf5533dd8d6eeefd18a1e45e4a961f80f410eb1d4e,
~\workspaces\github.com\bengawith\paper\results\robust_v2\xfoil_candidates\verified_reference\shared_037\segments\000\polar.txt,.txt,1091,94ab736cdf97f367952656d16ad30256236cff3180726e5013d1052199ccd526,
~\workspaces\github.com\bengawith\paper\results\robust_v2\xfoil_candidates\verified_reference\shared_037\segments\001\polar.txt,.txt,1223,ecea4e251fdc9da23200b1769d83269b8180e2fc9ad0cf03a03c0471e166d4db,
~\workspaces\github.com\bengawith\paper\results\robust_v2\xfoil_candidates\verified_reference\shared_037\segments\002\polar.txt,.txt,1223,7a49f0cabb1117ecc8df56cfd8351214c50a1f5db92f727464888d9130ab243a,
~\workspaces\github.com\bengawith\paper\results\robust_v2\xfoil_candidates\verified_reference\shared_037\segments\003\polar.txt,.txt,1223,9e6e56aef80f033d35480ae3f8ef2f3d6fb37f78dfdd2d2761375d78711f8620,
~\workspaces\github.com\bengawith\paper\results\robust_v2\xfoil_candidates\verified_reference\shared_037\segments\004\polar.txt,.txt,497,48c62955a2f01fe2106b231ddf13c7f67ae4096ea9c3d690725ce855d9b4b21a,
~\workspaces\github.com\bengawith\paper\results\robust_v2\xfoil_candidates\verified_reference\shared_038\segments\000\polar.txt,.txt,1223,14932ecec019f2f29676d5303db8a170461b6185e5d6789c3de90ad3b9d4d1e5,
~\workspaces\github.com\bengawith\paper\results\robust_v2\xfoil_candidates\verified_reference\shared_038\segments\001\polar.txt,.txt,1157,63ea6593a029f30e2d47adb65479923f5afb2a23f1d21e8656f3b9a7c450809c,
~\workspaces\github.com\bengawith\paper\results\robust_v2\xfoil_candidates\verified_reference\shared_038\segments\002\polar.txt,.txt,1223,8f650d932d40ec4731d96ed805f4b66ee009f51362671cbc9e2ff84055e2c7a0,
~\workspaces\github.com\bengawith\paper\results\robust_v2\xfoil_candidates\verified_reference\shared_038\segments\003\polar.txt,.txt,1223,3382f805b0dd5c9ae7eb03c3a18aa22572b481e68c4baf8ceafd8e7f2af2f672,
~\workspaces\github.com\bengawith\paper\results\robust_v2\xfoil_candidates\verified_reference\shared_038\segments\004\polar.txt,.txt,497,20ba79ce590996180d761e957ffe48dc3db6aa6f8a4d5d4dafbbf3db338b1185,
~\workspaces\github.com\bengawith\paper\results\robust_v2\xfoil_candidates\verified_reference\shared_039\segments\000\polar.txt,.txt,1157,7db98634f34399f6f5f8042cd86a2d5314c82d7af204652479f75ffddf6ba327,
~\workspaces\github.com\bengawith\paper\results\robust_v2\xfoil_candidates\verified_reference\shared_039\segments\001\polar.txt,.txt,1025,c183b47654d9ac4e49a79f38ed68ba68c82d5d1a3df72c45ab2003f612085ada,
~\workspaces\github.com\bengawith\paper\results\robust_v2\xfoil_candidates\verified_reference\shared_039\segments\002\polar.txt,.txt,1223,61ad4ef9fc8c6fdf499cc4416ab721aad444273ea34fdf1de49b4a5c0aac1e67,
~\workspaces\github.com\bengawith\paper\results\robust_v2\xfoil_candidates\verified_reference\shared_039\segments\003\polar.txt,.txt,1223,6134261b55cf9272b613a154661f195dbcfe5682c57ae2abf511217990ef2f4c,
~\workspaces\github.com\bengawith\paper\results\robust_v2\xfoil_candidates\verified_reference\shared_039\segments\004\polar.txt,.txt,497,4e63017f7a8a7fed152deef9a663d40d749468037128af56811cf22fa67599b4,
~\workspaces\github.com\bengawith\paper\results\robust_v2\xfoil_candidates\verified_reference\shared_040\segments\000\polar.txt,.txt,1091,57f5b01192d5e96b875a976ab6f94faff6adf101f7a00021d8e771b93ab10403,
~\workspaces\github.com\bengawith\paper\results\robust_v2\xfoil_candidates\verified_reference\shared_040\segments\001\polar.txt,.txt,1223,ad56cdce822fc8cc7f3eeff1e41cd597231ef1726e0763c932e9d11ddcea4634,
~\workspaces\github.com\bengawith\paper\results\robust_v2\xfoil_candidates\verified_reference\shared_040\segments\002\polar.txt,.txt,1223,2f333335fb035fd4670ff5b49d46b2e239426efcb9cf69aa0449ca534c775fb6,
~\workspaces\github.com\bengawith\paper\results\robust_v2\xfoil_candidates\verified_reference\shared_040\segments\003\polar.txt,.txt,1223,538bf26300088794364d774a320fc778feb452b671ea437b713fde599fe60e5d,
~\workspaces\github.com\bengawith\paper\results\robust_v2\xfoil_candidates\verified_reference\shared_040\segments\004\polar.txt,.txt,497,1f0e270870846b023b8f13bc83aadb4fd8e8592a78bb8fb5623dd92714236b5a,
~\workspaces\github.com\bengawith\paper\results\robust_v2\xfoil_candidates\verified_reference\shared_041\segments\000\polar.txt,.txt,1157,fe73131057b28795395510a4021d0af50dc0bc493814dbff6356e6ef2260201c,
~\workspaces\github.com\bengawith\paper\results\robust_v2\xfoil_candidates\verified_reference\shared_041\segments\001\polar.txt,.txt,1157,47de7f48231f79cffe4a4d1e7331cfe95b35aa62fbf33538c24846420110823b,
~\workspaces\github.com\bengawith\paper\results\robust_v2\xfoil_candidates\verified_reference\shared_041\segments\002\polar.txt,.txt,1223,cbbf45dc1693b5b4c441e301cf8b0471ea4fa21fc9bcb6dcc6b6647b697714e8,
~\workspaces\github.com\bengawith\paper\results\robust_v2\xfoil_candidates\verified_reference\shared_041\segments\003\polar.txt,.txt,1223,d89655daa7f2e457fa3e5e889f194044089ae9fefe3c04816d4753bf1a605636,
~\workspaces\github.com\bengawith\paper\results\robust_v2\xfoil_candidates\verified_reference\shared_041\segments\004\polar.txt,.txt,497,848cd07b721960ae60c5e13520477eb666ec10b331b2e4bef7ff32caa64716a7,
~\workspaces\github.com\bengawith\paper\results\robust_v2\xfoil_candidates\verified_reference\shared_042\segments\000\polar.txt,.txt,1223,00db16a8e3460a13027b3d6f448d1378d78adc24f1b5baf1aae458c4316f8a50,
~\workspaces\github.com\bengawith\paper\results\robust_v2\xfoil_candidates\verified_reference\shared_042\segments\001\polar.txt,.txt,1157,ed5f57b404e024fa919f015916df4e4ee85b90d151763660a353e335d968a437,
~\workspaces\github.com\bengawith\paper\results\robust_v2\xfoil_candidates\verified_reference\shared_042\segments\002\polar.txt,.txt,1157,964028ee4b5dd2d02bf50c40620dd2389731e813017be58dd7cf8656e533f2fd,
~\workspaces\github.com\bengawith\paper\results\robust_v2\xfoil_candidates\verified_reference\shared_042\segments\003\polar.txt,.txt,1223,5c1976e207dd533fe148cc34cda8500ca3e74a94be6baf8a62d55afa42482599,
~\workspaces\github.com\bengawith\paper\results\robust_v2\xfoil_candidates\verified_reference\shared_042\segments\004\polar.txt,.txt,497,de28cd6be5b0b349ee5a4b2fb141cd85c2b9773f473ec220f6f14feaaf41565a,
~\workspaces\github.com\bengawith\paper\results\robust_v2\xfoil_candidates\verified_reference\shared_043\segments\000\polar.txt,.txt,1091,24533faf9b8ba4ca6aeced05d095673f88860d29cf5b6e2b0d7f9e787a5097f0,
~\workspaces\github.com\bengawith\paper\results\robust_v2\xfoil_candidates\verified_reference\shared_043\segments\001\polar.txt,.txt,1157,457e0ac5432508d0eaaa2c2e4d44fcef62bdcb34c0d0c1b704c660dc25ec3902,
~\workspaces\github.com\bengawith\paper\results\robust_v2\xfoil_candidates\verified_reference\shared_043\segments\002\polar.txt,.txt,1223,a178bd61343a503018af13f389412285eea4f31f3bee85f0944238706646e668,
~\workspaces\github.com\bengawith\paper\results\robust_v2\xfoil_candidates\verified_reference\shared_043\segments\003\polar.txt,.txt,1223,0409982b819593befdc9a4d5bcedac88c25aba2e8f463603043c8cf0f9448da0,
~\workspaces\github.com\bengawith\paper\results\robust_v2\xfoil_candidates\verified_reference\shared_043\segments\004\polar.txt,.txt,497,eec2994c2bc2cf3107cbe4616745b3757a69d5a41f9cd490a9a01f3b47224a63,
~\workspaces\github.com\bengawith\paper\results\robust_v2\xfoil_candidates\verified_reference\shared_044\segments\000\polar.txt,.txt,1223,a7baf2e1c9f9a4cd58b1ccb0f1e64ce98ca0b9dc29e131e35e4fe47f570017c3,
~\workspaces\github.com\bengawith\paper\results\robust_v2\xfoil_candidates\verified_reference\shared_044\segments\001\polar.txt,.txt,1223,fed494b99a1cf92f31e3311cdc01b1c0214016237b5494969244126d997625af,
~\workspaces\github.com\bengawith\paper\results\robust_v2\xfoil_candidates\verified_reference\shared_044\segments\002\polar.txt,.txt,1157,711072a761346902c24adffb76ba65d2efee3f55e1760b8b6f5192d8c7612243,
~\workspaces\github.com\bengawith\paper\results\robust_v2\xfoil_candidates\verified_reference\shared_044\segments\003\polar.txt,.txt,1157,0cae07765f20b43fb34b72231d534e0b02ffcfdd3fe17103b92c11473815bbeb,
~\workspaces\github.com\bengawith\paper\results\robust_v2\xfoil_candidates\verified_reference\shared_044\segments\004\polar.txt,.txt,497,f09b553ae7c8ed44dcae11bd956cb85afdf97d8c1475705810fc6a94312318af,
~\workspaces\github.com\bengawith\paper\results\robust_v2\xfoil_candidates\verified_reference\shared_045\segments\000\polar.txt,.txt,1223,84e3d930a58626ea19ab69f05cd3f9f4bae4201d8c67ffd2204b286d3e8256b4,
~\workspaces\github.com\bengawith\paper\results\robust_v2\xfoil_candidates\verified_reference\shared_045\segments\001\polar.txt,.txt,1157,d238f3a0617c06db4acf01ca289e9a879e461370f6ea97835c9408d9da9500e4,
~\workspaces\github.com\bengawith\paper\results\robust_v2\xfoil_candidates\verified_reference\shared_045\segments\002\polar.txt,.txt,1223,aa8ed5cf39ec85d2b92ffe52ad174093ec03cb3e7427dc84643626149dc617dd,
~\workspaces\github.com\bengawith\paper\results\robust_v2\xfoil_candidates\verified_reference\shared_045\segments\003\polar.txt,.txt,1157,7edc11dc985858f4af6787b77ff01d84c7d5ffcf1f19c4012e2973ded6bcdc98,
~\workspaces\github.com\bengawith\paper\results\robust_v2\xfoil_candidates\verified_reference\shared_045\segments\004\polar.txt,.txt,497,e2e422ae6e892e05e769db6a6b82c9555c105c4bfb98f8915cebf0c108b3011d,
~\workspaces\github.com\bengawith\paper\results\robust_v2\xfoil_candidates\verified_reference\shared_046\segments\000\polar.txt,.txt,1223,a587e62e517f8c046cf4a6f44cf941d336236400cf2d43a05bc9632eaf9c2595,
~\workspaces\github.com\bengawith\paper\results\robust_v2\xfoil_candidates\verified_reference\shared_046\segments\001\polar.txt,.txt,1223,26bd4453073d536ddf36b876ffcd6b625b1b17ee32748b769d9ae86d9757e086,
~\workspaces\github.com\bengawith\paper\results\robust_v2\xfoil_candidates\verified_reference\shared_046\segments\002\polar.txt,.txt,1223,fd2cd53fc6a47235253d4305097a70d4c7be65049c2713869d64f51291b225df,
~\workspaces\github.com\bengawith\paper\results\robust_v2\xfoil_candidates\verified_reference\shared_046\segments\003\polar.txt,.txt,1223,7efbb8ea714fac6b454ad8a67cb35885c36ff73a76885e1dc200289675df12fb,
~\workspaces\github.com\bengawith\paper\results\robust_v2\xfoil_candidates\verified_reference\shared_046\segments\004\polar.txt,.txt,497,857f432577dd0711b3f9896cc255ead1dc0b10cca177a20165776a2cfd90c1f3,
~\workspaces\github.com\bengawith\paper\results\robust_v2\xfoil_candidates\verified_reference\shared_047\segments\000\polar.txt,.txt,1157,b80b066655a6ebd07dfa07b088f579117430f61aab14d35a4714477fa764f9f4,
~\workspaces\github.com\bengawith\paper\results\robust_v2\xfoil_candidates\verified_reference\shared_047\segments\001\polar.txt,.txt,1223,6143ae26ded3626b5ae5c27b7e2f3cdd2b41c5f9e34e1a925cc063edb8574e6f,
~\workspaces\github.com\bengawith\paper\results\robust_v2\xfoil_candidates\verified_reference\shared_047\segments\002\polar.txt,.txt,1223,f71f532d43b9c9bb9a7d2b60ecccfcac8e24ef0e8c56efcbff0441a8bd02bc65,
~\workspaces\github.com\bengawith\paper\results\robust_v2\xfoil_candidates\verified_reference\shared_047\segments\003\polar.txt,.txt,1223,c48b52417c5af46567c9cb1550e662f87947cc02456b359f8a99c1e58e16fcef,
~\workspaces\github.com\bengawith\paper\results\robust_v2\xfoil_candidates\verified_reference\shared_047\segments\004\polar.txt,.txt,497,519bb8dbca57629ef58ad4507d981e2f3341e211545dd08d9e9aa1d9f00248da,
~\workspaces\github.com\bengawith\paper\results\robust_v2\xfoil_candidates\verified_reference\shared_048\segments\000\polar.txt,.txt,1157,7734be58050a40345d0de55c5e5809043b39897a5bb608e511d385b8e6d717c0,
~\workspaces\github.com\bengawith\paper\results\robust_v2\xfoil_candidates\verified_reference\shared_048\segments\001\polar.txt,.txt,1223,d595d816c60f7fed0f63eda8e5e1637b1ee246be42789601aeebcf9e6747f82d,
~\workspaces\github.com\bengawith\paper\results\robust_v2\xfoil_candidates\verified_reference\shared_048\segments\002\polar.txt,.txt,1223,ec43921c4773e08f220098b7c06b3064b9a914ac5765801f0384c39117b3c191,
~\workspaces\github.com\bengawith\paper\results\robust_v2\xfoil_candidates\verified_reference\shared_048\segments\003\polar.txt,.txt,1223,63416be5e394612e4d59bf261501fe7e2aa719bf244bb6c881115e50c34f41eb,
~\workspaces\github.com\bengawith\paper\results\robust_v2\xfoil_candidates\verified_reference\shared_048\segments\004\polar.txt,.txt,497,d71b780b0f48d73270e7c04534f8316c252ac9a3d41fee7ddf0d7e6dfb467f08,
~\workspaces\github.com\bengawith\paper\results\robust_v2\xfoil_candidates\verified_reference\shared_049\segments\000\polar.txt,.txt,1157,42cb1c58621ac1f6416de9e40345bc81a46219b4d02708561cf8119d3ef83957,
~\workspaces\github.com\bengawith\paper\results\robust_v2\xfoil_candidates\verified_reference\shared_049\segments\001\polar.txt,.txt,1223,428d5288c6a5ad1ce2c4179ca8f40805fa95e43c1fd3d3eda442a6d732c95daf,
~\workspaces\github.com\bengawith\paper\results\robust_v2\xfoil_candidates\verified_reference\shared_049\segments\002\polar.txt,.txt,1223,1d734777cdb525e4aabf3a1c5bbd2da55261182946a566a311804f50633e682a,
~\workspaces\github.com\bengawith\paper\results\robust_v2\xfoil_candidates\verified_reference\shared_049\segments\003\polar.txt,.txt,1223,98a61daca592e07ec128795212ab825a1fb4c0e849d918b92dab1c69ac1ac8fe,
~\workspaces\github.com\bengawith\paper\results\robust_v2\xfoil_candidates\verified_reference\shared_049\segments\004\polar.txt,.txt,497,92757b11695b2d5b90971c0ed14c9641c641313cc1d2545c2bae0b007dcc45d9,
~\workspaces\github.com\bengawith\paper\results\robust_v2\xfoil_candidates\verified_reference\shared_050\segments\000\polar.txt,.txt,1157,0a50ebaae2b2b771f728ebec3a52932749b1c0574eb50aa030498544dd4f4ca3,
~\workspaces\github.com\bengawith\paper\results\robust_v2\xfoil_candidates\verified_reference\shared_050\segments\001\polar.txt,.txt,1157,6e545a51a973991fc848a123c728cf8e8cd1087cfdde7bed12ae852260e1b312,
~\workspaces\github.com\bengawith\paper\results\robust_v2\xfoil_candidates\verified_reference\shared_050\segments\002\polar.txt,.txt,1223,e9e9efd0c9c6319bb37d7616b9e472ac35012262dab4170e82750471cdba23f8,
~\workspaces\github.com\bengawith\paper\results\robust_v2\xfoil_candidates\verified_reference\shared_050\segments\003\polar.txt,.txt,1223,9579e0e738b02434e29b67b8ce1331c3a3483968af4e562acaee80a43acf385f,
~\workspaces\github.com\bengawith\paper\results\robust_v2\xfoil_candidates\verified_reference\shared_050\segments\004\polar.txt,.txt,497,cf2d8c4208d7f0713142607108967f0c7cdd61603569ab1cd98d5971327223d8,
~\workspaces\github.com\bengawith\paper\results\robust_v2\xfoil_candidates\verified_reference\shared_051\segments\000\polar.txt,.txt,1157,584d433213606d821335f3aab1db2ffd6fc2ade494577ffa42bd0cbf3148e111,
~\workspaces\github.com\bengawith\paper\results\robust_v2\xfoil_candidates\verified_reference\shared_051\segments\001\polar.txt,.txt,1223,e6479422cff4930c908341165692586ce3a2678560e3491387a7ac65cdd3fe85,
~\workspaces\github.com\bengawith\paper\results\robust_v2\xfoil_candidates\verified_reference\shared_051\segments\002\polar.txt,.txt,1223,97664013885f24c431f037042e54c8b512344abada1604b49bf88429b2a98a19,
~\workspaces\github.com\bengawith\paper\results\robust_v2\xfoil_candidates\verified_reference\shared_051\segments\003\polar.txt,.txt,1223,1380932cb040ca50a8e495bd60d912ce3be4d16950d7e60b81cf1021ca1be871,
~\workspaces\github.com\bengawith\paper\results\robust_v2\xfoil_candidates\verified_reference\shared_051\segments\004\polar.txt,.txt,497,19a9477734544bd7542b3aed77a6f138acd7366b188f2c8e13139c638d2750c0,
~\workspaces\github.com\bengawith\paper\results\robust_v2\xfoil_candidates\verified_reference\shared_052\segments\000\polar.txt,.txt,1091,4c7ee21f039fae3f5adc5631821823382a684256e2a6aae9d425b47095b08a25,
~\workspaces\github.com\bengawith\paper\results\robust_v2\xfoil_candidates\verified_reference\shared_052\segments\001\polar.txt,.txt,1223,2cc1bbb4912baa6e62cde4c918d07efdafa542aa64afb5b4033417236e1af2c3,
~\workspaces\github.com\bengawith\paper\results\robust_v2\xfoil_candidates\verified_reference\shared_052\segments\002\polar.txt,.txt,1223,fbb5a373000a78e986c34dc23b99a36b8423999792d66cad02c1c53fc97a57db,
~\workspaces\github.com\bengawith\paper\results\robust_v2\xfoil_candidates\verified_reference\shared_052\segments\003\polar.txt,.txt,1223,071583b1cefe747d35fb26b9fb2e49312383fb7145f16997b3534904f3251aed,
~\workspaces\github.com\bengawith\paper\results\robust_v2\xfoil_candidates\verified_reference\shared_052\segments\004\polar.txt,.txt,497,43c417776ade4c12d1ca2dda8d0a12cc9c1b1c388c7416ec0befdbfd59580eac,
~\workspaces\github.com\bengawith\paper\results\robust_v2\xfoil_candidates\verified_reference\shared_053\segments\000\polar.txt,.txt,1223,2e8a935b9620482167bfba33eb59ba9ffb435901f185438c61a99db05920acd7,
~\workspaces\github.com\bengawith\paper\results\robust_v2\xfoil_candidates\verified_reference\shared_053\segments\001\polar.txt,.txt,1223,a3384922ebcc5c434e7b6256a25b2b23a892cf4b2fdbfc8b4f25c50d3dd772ba,
~\workspaces\github.com\bengawith\paper\results\robust_v2\xfoil_candidates\verified_reference\shared_053\segments\002\polar.txt,.txt,1223,6476423dfd7a2a3582bdd305744ff95673f48b0118cc3faae794a54bc5eb2b0d,
~\workspaces\github.com\bengawith\paper\results\robust_v2\xfoil_candidates\verified_reference\shared_053\segments\003\polar.txt,.txt,1223,72152377b9064d0581f7962b4340d2d6b036336bb0307fe264f4e1da5b96928f,
~\workspaces\github.com\bengawith\paper\results\robust_v2\xfoil_candidates\verified_reference\shared_053\segments\004\polar.txt,.txt,497,444d9310505757e785185bed14c0ad01b766e815a0a003c012bab25bf3096c4d,
~\workspaces\github.com\bengawith\paper\results\robust_v2\xfoil_candidates\verified_reference\shared_054\segments\000\polar.txt,.txt,1223,74f6122b835bf40f36d788ea8f447cb8ce0ce8a50d843773f71aa4cc6e185078,
~\workspaces\github.com\bengawith\paper\results\robust_v2\xfoil_candidates\verified_reference\shared_054\segments\001\polar.txt,.txt,1223,68da5e9319a980c9c2723d7f1403ead2c35b68b384d06ddec8e7728058b49dc9,
~\workspaces\github.com\bengawith\paper\results\robust_v2\xfoil_candidates\verified_reference\shared_054\segments\002\polar.txt,.txt,1223,45c392eb16c852b3fc7f9a9d0e04f4941f46c5c4d3abdde54e38588d14b0e9da,
~\workspaces\github.com\bengawith\paper\results\robust_v2\xfoil_candidates\verified_reference\shared_054\segments\003\polar.txt,.txt,1223,c16fefd475abf047ffdb4e680f83ef2e09d5a97519999b84e257902835d08a8b,
~\workspaces\github.com\bengawith\paper\results\robust_v2\xfoil_candidates\verified_reference\shared_054\segments\004\polar.txt,.txt,497,0aaffc1d7cc00bc1e25887fc0f3001387a049b50a344c34aeb3d81101dbdc666,
~\workspaces\github.com\bengawith\paper\results\robust_v2\xfoil_candidates\verified_reference\shared_055\segments\000\polar.txt,.txt,1223,1421d1a14974222c7a010e552ad920ae97ed8d571540274925cffcca2231ad38,
~\workspaces\github.com\bengawith\paper\results\robust_v2\xfoil_candidates\verified_reference\shared_055\segments\001\polar.txt,.txt,1157,410b55151fb8611bcbddb026b91e1f3bcc3c4f4a409698913133e4772159c718,
~\workspaces\github.com\bengawith\paper\results\robust_v2\xfoil_candidates\verified_reference\shared_055\segments\002\polar.txt,.txt,1223,4e9cd8e5f0ab76695336460fd117877845d6ab8820ccd66748399016df1965be,
~\workspaces\github.com\bengawith\paper\results\robust_v2\xfoil_candidates\verified_reference\shared_055\segments\003\polar.txt,.txt,1223,4ead677c6d95d31f8856932c036edf3cbc0ca15ffe362b2455fdd7d686c091ca,
~\workspaces\github.com\bengawith\paper\results\robust_v2\xfoil_candidates\verified_reference\shared_055\segments\004\polar.txt,.txt,497,c4f79e9cbd50b28f496541d00553a29158bc6d1535bd50f9efb26a4df8cad5d6,
~\workspaces\github.com\bengawith\paper\results\robust_v2\xfoil_candidates\verified_reference\shared_056\segments\000\polar.txt,.txt,1157,ff55355abf75288cd45a46e8ce1c60f67445b2f70d63b9eb6324f34f92236641,
~\workspaces\github.com\bengawith\paper\results\robust_v2\xfoil_candidates\verified_reference\shared_056\segments\001\polar.txt,.txt,1157,76937d54baf96c6b99f3d6454b0baa24727c3cb9830a7769b0d95e9037555ddd,
~\workspaces\github.com\bengawith\paper\results\robust_v2\xfoil_candidates\verified_reference\shared_056\segments\002\polar.txt,.txt,1157,fb00353038538e8ed2abd248d450c7e600d8fbd615dff8290b2fb8c666e4be0d,
~\workspaces\github.com\bengawith\paper\results\robust_v2\xfoil_candidates\verified_reference\shared_056\segments\003\polar.txt,.txt,1223,d73b2d82f5d4c51ce3f854ae66e2a18b2e17b63792d0e94f82ea569bc87dfe7b,
~\workspaces\github.com\bengawith\paper\results\robust_v2\xfoil_candidates\verified_reference\shared_056\segments\004\polar.txt,.txt,497,95119b5621a01370b99a12a1411b8489d705353f58250cae0e886ed5769c1910,
~\workspaces\github.com\bengawith\paper\results\robust_v2\xfoil_candidates\verified_reference\shared_057\segments\000\polar.txt,.txt,1157,09143c8ae938857c6e0897092989243a908f8c6a6c1ffb98257365e57e7241a5,
~\workspaces\github.com\bengawith\paper\results\robust_v2\xfoil_candidates\verified_reference\shared_057\segments\001\polar.txt,.txt,1157,495565ecaa968d5597bdf7e11398e75826c9b13749cab6985666101a96a481b2,
~\workspaces\github.com\bengawith\paper\results\robust_v2\xfoil_candidates\verified_reference\shared_057\segments\002\polar.txt,.txt,1223,5684b6cbc7fbf4c8e417d6582aea065bf09de733e83ba29c898455e18f031932,
~\workspaces\github.com\bengawith\paper\results\robust_v2\xfoil_candidates\verified_reference\shared_057\segments\003\polar.txt,.txt,1223,8caa53dbca6d6cffe28d578c88d832c81e33c0c520496a0b92f787eb824add5d,
~\workspaces\github.com\bengawith\paper\results\robust_v2\xfoil_candidates\verified_reference\shared_057\segments\004\polar.txt,.txt,497,862bb51536e449370d8a89bc24ca0a72c86d75b626d99f176dc5e6be28d3d341,
~\workspaces\github.com\bengawith\paper\results\robust_v2\xfoil_candidates\verified_reference\shared_058\segments\000\polar.txt,.txt,1157,82c5d5fe542e96d076bdec8e6798aaa3a88568327ebac51cd8e88faf8f555975,
~\workspaces\github.com\bengawith\paper\results\robust_v2\xfoil_candidates\verified_reference\shared_058\segments\001\polar.txt,.txt,1223,79f48eafd51a6d338fe5c2f95f6c80845bed2781b173a5a613ec74a7041d7966,
~\workspaces\github.com\bengawith\paper\results\robust_v2\xfoil_candidates\verified_reference\shared_058\segments\002\polar.txt,.txt,1223,842d3b4eb77094216440007466931498c42d7243bf41c8e6b678e99b5c382478,
~\workspaces\github.com\bengawith\paper\results\robust_v2\xfoil_candidates\verified_reference\shared_058\segments\003\polar.txt,.txt,1223,841cb45d4da967d0ea7a837c4098d75ea8be11c3bbe03627fc6f061b7b2ef044,
~\workspaces\github.com\bengawith\paper\results\robust_v2\xfoil_candidates\verified_reference\shared_058\segments\004\polar.txt,.txt,497,4e0412119a889760f4fe4541064f03b2982f7154960418854b48abcccfdb6fb2,
~\workspaces\github.com\bengawith\paper\results\robust_v2\xfoil_candidates\verified_reference\shared_059\segments\000\polar.txt,.txt,1157,ec5ed5b79a94ba426fe8d6ef71738dca9c1ddaeac5811c5278d636c326d11555,
~\workspaces\github.com\bengawith\paper\results\robust_v2\xfoil_candidates\verified_reference\shared_059\segments\001\polar.txt,.txt,1157,bd4b4f23dcf9040637653ca1260102c0120eed6cd015c4eb59f87672fba4470d,
~\workspaces\github.com\bengawith\paper\results\robust_v2\xfoil_candidates\verified_reference\shared_059\segments\002\polar.txt,.txt,1223,0f3a7039398bf6501b21e0636f15a37d9fdd262b363d631616a4061f3ecf7d7d,
~\workspaces\github.com\bengawith\paper\results\robust_v2\xfoil_candidates\verified_reference\shared_059\segments\003\polar.txt,.txt,1223,618467101027fd1f1dac5c0d87b5737a68210e0141a58d5ac21fd029e433b9ba,
~\workspaces\github.com\bengawith\paper\results\robust_v2\xfoil_candidates\verified_reference\shared_059\segments\004\polar.txt,.txt,497,ae4ece5996631b49fb12e83d46b018eb298eaf1455960f645a63e62ff6748113,
~\workspaces\github.com\bengawith\paper\results\robust_v2\xfoil_candidates\verified_reference\shared_060\segments\000\polar.txt,.txt,1223,ba352b6d6443dede5a7e758e3e4595e61e8076178ba312bfa0a072af80e9fe9e,
~\workspaces\github.com\bengawith\paper\results\robust_v2\xfoil_candidates\verified_reference\shared_060\segments\001\polar.txt,.txt,1223,36ca019631eebf424ef7acbe5045b4847056679ae788e4047c33cc2ce48dec4e,
~\workspaces\github.com\bengawith\paper\results\robust_v2\xfoil_candidates\verified_reference\shared_060\segments\002\polar.txt,.txt,1223,c7d5dae901219aa7f017b831fbe273d53aa98a4edf71330520512c9e27306ab8,
~\workspaces\github.com\bengawith\paper\results\robust_v2\xfoil_candidates\verified_reference\shared_060\segments\003\polar.txt,.txt,1223,b798d0b255b4b9d33b610ee68f2245976b0f3a2851ae924ef23553076412167a,
~\workspaces\github.com\bengawith\paper\results\robust_v2\xfoil_candidates\verified_reference\shared_060\segments\004\polar.txt,.txt,497,a7e9441812654b57a8f57c2f38182ff8956721eeea28eff4d8c7503235a770bc,
~\workspaces\github.com\bengawith\paper\results\robust_v2\xfoil_candidates\verified_reference\shared_061\segments\000\polar.txt,.txt,1223,ab6bce030c3538eb9d03ea3fed2113f978b21f0f19308c66daee789e73ed1922,
~\workspaces\github.com\bengawith\paper\results\robust_v2\xfoil_candidates\verified_reference\shared_061\segments\001\polar.txt,.txt,1223,91d04cf8655584f978d5e298da07168443f66110ed5561329e1b9f399a124add,
~\workspaces\github.com\bengawith\paper\results\robust_v2\xfoil_candidates\verified_reference\shared_061\segments\002\polar.txt,.txt,1223,d5fc3d7216557e58ae8afaa77cdb507899e25d64a659f8be685e383d5a06bf90,
~\workspaces\github.com\bengawith\paper\results\robust_v2\xfoil_candidates\verified_reference\shared_061\segments\003\polar.txt,.txt,1223,6406d565bd797e76dd303490cbcb49ffa37393e5ec0d00fec3ed2f13c39816ab,
~\workspaces\github.com\bengawith\paper\results\robust_v2\xfoil_candidates\verified_reference\shared_061\segments\004\polar.txt,.txt,497,874887ced30a5f76feab3f5461d943165cdb7c457ce1d1ebe7421c6684aa937f,
~\workspaces\github.com\bengawith\paper\results\robust_v2\xfoil_candidates\verified_reference\shared_062\segments\000\polar.txt,.txt,1223,fea399c3b493cbda7e750d308e03c87c84c00931186a36bb7b8c5562c0921633,
~\workspaces\github.com\bengawith\paper\results\robust_v2\xfoil_candidates\verified_reference\shared_062\segments\001\polar.txt,.txt,1157,f5e54e62c7d3c194a0dc40101fe2454f75ebb7d3dbf83b6db39bad95cf87fcc2,
~\workspaces\github.com\bengawith\paper\results\robust_v2\xfoil_candidates\verified_reference\shared_062\segments\002\polar.txt,.txt,1157,5876bc05696e7d20b8ca077d48a6083bd51aa73e3606df4d12449587534797b5,
~\workspaces\github.com\bengawith\paper\results\robust_v2\xfoil_candidates\verified_reference\shared_062\segments\003\polar.txt,.txt,1157,b30e93fb202ed09d59ffc21ba73002d72f7a4ada4efae934f50cb5dd6ffe5faa,
~\workspaces\github.com\bengawith\paper\results\robust_v2\xfoil_candidates\verified_reference\shared_062\segments\004\polar.txt,.txt,497,8c4c862ed5993d79954334971737f2b776d5ed83d0901df08da407fc4feab1ee,
~\workspaces\github.com\bengawith\paper\results\robust_v2\xfoil_candidates\verified_reference\shared_063\segments\000\polar.txt,.txt,1157,59a5d19f574acfd0bf30a74f28a557a5cb1b4c5534a4e643dbd4c49b89d03d53,
~\workspaces\github.com\bengawith\paper\results\robust_v2\xfoil_candidates\verified_reference\shared_063\segments\001\polar.txt,.txt,1223,b7534fc9ba1b6266a4f60a3d797aa58021e2eb66ffdd45eb11bc9b526a4a0810,
~\workspaces\github.com\bengawith\paper\results\robust_v2\xfoil_candidates\verified_reference\shared_063\segments\002\polar.txt,.txt,1223,8bb7a98a7478dd3d2862f9e1c1d658bb4c48dfa78f403492afccfbc526e16802,
~\workspaces\github.com\bengawith\paper\results\robust_v2\xfoil_candidates\verified_reference\shared_063\segments\003\polar.txt,.txt,1223,6369f5a41c07af4020366ecd5a31de463e5dde4758ba60a2aff2c34e22a2fb48,
~\workspaces\github.com\bengawith\paper\results\robust_v2\xfoil_candidates\verified_reference\shared_063\segments\004\polar.txt,.txt,497,cf391bebff269d6eb393589ef7cdd3baee5c5c4b8d7eb24bd8c9f50263d53ec4,
~\workspaces\github.com\bengawith\paper\tools\xfoil\XFOIL6.99.zip,.zip,3813300,e13e8fe5cc38d8ac2626e9d3b17643bdcfaa63791619f042afdaa7cd103bcb08,
~\workspaces\github.com\bengawith\paper\tools\xfoil\Xfoil699src.zip,.zip,3031974,940bdb5be4d0345a5062cfb430c90d1d9411f4db00ca283a48e5a1de940d08c7,
~\workspaces\github.com\bengawith\fx_bot\venv\Lib\site-packages\statsmodels\tsa\vector_ar\tests\JMulTi_results\macrodata_jmulti_cst.txt,.txt,4276,3e81a0f0cc8baa908bf439b33889a0ad1e877efda34f679611106204193fbf62,
~\workspaces\github.com\bengawith\fx_bot\venv\Lib\site-packages\statsmodels\tsa\vector_ar\tests\JMulTi_results\macrodata_jmulti_cst_diag.txt,.txt,2312,3c50447081ce6d0c7a6e86de798c2866c1ab6ac16f0726b4399c5c0f9b5b0f40,
~\workspaces\github.com\bengawith\fx_bot\venv\Lib\site-packages\statsmodels\tsa\vector_ar\tests\JMulTi_results\macrodata_jmulti_cst_fc5.txt,.txt,1523,363c4280c8479a0da521f4169e373156de91b1b498fea04641424d5bf2df78c8,
~\workspaces\github.com\bengawith\fx_bot\venv\Lib\site-packages\statsmodels\tsa\vector_ar\tests\JMulTi_results\macrodata_jmulti_cst_granger_causality_realcons.txt,.txt,350,409ac21d32a0cc8f085a71f67a2ca00c5d12d8698ebc4493f4e306f34e9e333e,
~\workspaces\github.com\bengawith\fx_bot\venv\Lib\site-packages\statsmodels\tsa\vector_ar\tests\JMulTi_results\macrodata_jmulti_cst_granger_causality_realcons_realgdp.txt,.txt,350,aba1d877a4a7c6fc6cbe1ba043a2ddaf91cba05c807e77221e04af7ea7140992,
~\workspaces\github.com\bengawith\fx_bot\venv\Lib\site-packages\statsmodels\tsa\vector_ar\tests\JMulTi_results\macrodata_jmulti_cst_granger_causality_realcons_realinv.txt,.txt,350,a258df151a5b772b39093bad3b8674aeb2023f4d17564fd1e91843a6074b4c01,
~\workspaces\github.com\bengawith\fx_bot\venv\Lib\site-packages\statsmodels\tsa\vector_ar\tests\JMulTi_results\macrodata_jmulti_cst_granger_causality_realgdp.txt,.txt,349,39619088a88a6f2a026189e831cf87de202d4d0b3b6a84c591a2e7a35f672873,
~\workspaces\github.com\bengawith\fx_bot\venv\Lib\site-packages\statsmodels\tsa\vector_ar\tests\JMulTi_results\macrodata_jmulti_cst_granger_causality_realgdp_realinv.txt,.txt,349,2949d0f6942ee7b6f71ca7854c7d33bf930c6c0a85f6a383147f2b0a18b25391,
~\workspaces\github.com\bengawith\fx_bot\venv\Lib\site-packages\statsmodels\tsa\vector_ar\tests\JMulTi_results\macrodata_jmulti_cst_granger_causality_realinv.txt,.txt,349,c3ebc8a5d21bb0ce59c52b58c5338b36617cfec60647fa881ac61268465a158b,
~\workspaces\github.com\bengawith\fx_bot\venv\Lib\site-packages\statsmodels\tsa\vector_ar\tests\JMulTi_results\macrodata_jmulti_cst_ir.txt,.txt,4768,b838acc45b3cb70d1330680ab824d5de96834443b175cdf10910f68ecf195879,
~\workspaces\github.com\bengawith\fx_bot\venv\Lib\site-packages\statsmodels\tsa\vector_ar\tests\JMulTi_results\macrodata_jmulti_cst_lagorder.txt,.txt,472,1cc04b4e03234b0681edefe41e9fc10a0fde4931d11f67c46e6308b0384d2888,
~\workspaces\github.com\bengawith\fx_bot\venv\Lib\site-packages\statsmodels\tsa\vector_ar\tests\JMulTi_results\macrodata_jmulti_cst_Sigmau.txt,.txt,665,1a48fc6fa172ea881842e50cc8c63a911b53d0d3020675b5541dbfd8ca802f81,
